TACC:  Starting up job 2482992 
TACC:  Starting parallel tasks... 

     Program PROJWFC v.7.3 starts on 20Oct2025 at 22:10:27 

     This program is part of the open-source Quantum ESPRESSO suite
     for quantum simulation of materials; please cite
         "P. Giannozzi et al., J. Phys.:Condens. Matter 21 395502 (2009);
         "P. Giannozzi et al., J. Phys.:Condens. Matter 29 465901 (2017);
         "P. Giannozzi et al., J. Chem. Phys. 152 154105 (2020);
          URL http://www.quantum-espresso.org", 
     in publications or presentations arising from this work. More details at
     http://www.quantum-espresso.org/quote

     Parallel version (MPI & OpenMP), running on      10 processor cores
     Number of MPI processes:                10
     Threads/MPI process:                     1

     MPI processes distributed on     1 nodes
     R & G space division:  proc/nbgrp/npool/nimage =      10
     186395 MiB available memory on the printing compute node when the environment starts
 

     Reading xml data from directory:

     ./BTO.save/

     IMPORTANT: XC functional enforced from input :
     Exchange-correlation= PZ
                           (   1   1   0   0   0   0   0)
     Any further DFT definition will be discarded
     Please, verify this is what you really want

 
     Parallelization info
     --------------------
     sticks:   dense  smooth     PW     G-vecs:    dense   smooth      PW
     Min         420     111     34                20624     2841     480
     Max         422     112     36                20626     2844     481
     Sum        4205    1117    349               206245    28425    4801
 
     Using Slab Decomposition
 

     Check: negative core charge=   -0.000001

     negative rho (up, down):  9.081E-02 0.000E+00

     Gaussian broadening (default values): ngauss,degauss=   0    0.007350


     Calling projwave .... 
     Subspace diagonalization in iterative solution of the eigenvalue problem:
     one sub-group per band group will be used
     ELPA distributed-memory algorithm (size of sub-group:  3*  3 procs)

     linear algebra parallelized on   9 procs
 
  Problem Sizes 
  natomwfc =           35
  nx       =           12
  nbnd     =           35
  nkstot   =           41
  npwx     =          361
  nkb      =           82
 

     Atomic states used for projection
     (read from pseudopotential files):

     state #   1: atom   1 (Ba ), wfc  1 (l=0 m= 1)
     state #   2: atom   1 (Ba ), wfc  2 (l=1 m= 1)
     state #   3: atom   1 (Ba ), wfc  2 (l=1 m= 2)
     state #   4: atom   1 (Ba ), wfc  2 (l=1 m= 3)
     state #   5: atom   1 (Ba ), wfc  3 (l=2 m= 1)
     state #   6: atom   1 (Ba ), wfc  3 (l=2 m= 2)
     state #   7: atom   1 (Ba ), wfc  3 (l=2 m= 3)
     state #   8: atom   1 (Ba ), wfc  3 (l=2 m= 4)
     state #   9: atom   1 (Ba ), wfc  3 (l=2 m= 5)
     state #  10: atom   1 (Ba ), wfc  4 (l=0 m= 1)
     state #  11: atom   1 (Ba ), wfc  5 (l=1 m= 1)
     state #  12: atom   1 (Ba ), wfc  5 (l=1 m= 2)
     state #  13: atom   1 (Ba ), wfc  5 (l=1 m= 3)
     state #  14: atom   2 (Ti ), wfc  1 (l=0 m= 1)
     state #  15: atom   2 (Ti ), wfc  2 (l=1 m= 1)
     state #  16: atom   2 (Ti ), wfc  2 (l=1 m= 2)
     state #  17: atom   2 (Ti ), wfc  2 (l=1 m= 3)
     state #  18: atom   2 (Ti ), wfc  3 (l=0 m= 1)
     state #  19: atom   2 (Ti ), wfc  4 (l=2 m= 1)
     state #  20: atom   2 (Ti ), wfc  4 (l=2 m= 2)
     state #  21: atom   2 (Ti ), wfc  4 (l=2 m= 3)
     state #  22: atom   2 (Ti ), wfc  4 (l=2 m= 4)
     state #  23: atom   2 (Ti ), wfc  4 (l=2 m= 5)
     state #  24: atom   3 (O  ), wfc  1 (l=0 m= 1)
     state #  25: atom   3 (O  ), wfc  2 (l=1 m= 1)
     state #  26: atom   3 (O  ), wfc  2 (l=1 m= 2)
     state #  27: atom   3 (O  ), wfc  2 (l=1 m= 3)
     state #  28: atom   4 (O  ), wfc  1 (l=0 m= 1)
     state #  29: atom   4 (O  ), wfc  2 (l=1 m= 1)
     state #  30: atom   4 (O  ), wfc  2 (l=1 m= 2)
     state #  31: atom   4 (O  ), wfc  2 (l=1 m= 3)
     state #  32: atom   5 (O  ), wfc  1 (l=0 m= 1)
     state #  33: atom   5 (O  ), wfc  2 (l=1 m= 1)
     state #  34: atom   5 (O  ), wfc  2 (l=1 m= 2)
     state #  35: atom   5 (O  ), wfc  2 (l=1 m= 3)

 k =   0.5000000000  0.5000000000  0.5000000000
==== e(   1) =   -46.74806 eV ==== 
     psi = 0.968*[#  14]+0.010*[#  25]+0.010*[#  31]+0.010*[#  34]+0.003*[#  18]
          
    |psi|^2 = 1.000
==== e(   2) =   -23.30561 eV ==== 
     psi = 0.325*[#  15]+0.325*[#  16]+0.325*[#  17]+0.005*[#   6]+0.005*[#   7]
          +0.005*[#   9]+0.003*[#  24]+0.003*[#  28]+0.003*[#  32]
    |psi|^2 = 1.000
==== e(   3) =   -23.30561 eV ==== 
     psi = 0.325*[#  15]+0.325*[#  16]+0.325*[#  17]+0.005*[#   6]+0.005*[#   7]
          +0.005*[#   9]+0.003*[#  24]+0.003*[#  28]+0.003*[#  32]
    |psi|^2 = 1.000
==== e(   4) =   -23.30561 eV ==== 
     psi = 0.325*[#  15]+0.325*[#  16]+0.325*[#  17]+0.005*[#   6]+0.005*[#   7]
          +0.005*[#   9]+0.003*[#  24]+0.003*[#  28]+0.003*[#  32]
    |psi|^2 = 1.000
==== e(   5) =   -15.12377 eV ==== 
     psi = 0.896*[#   1]+0.104*[#  10]
    |psi|^2 = 1.000
==== e(   6) =    -6.14841 eV ==== 
     psi = 0.280*[#  24]+0.280*[#  28]+0.280*[#  32]+0.047*[#   6]+0.047*[#   7]
          +0.047*[#   9]+0.006*[#  15]+0.006*[#  16]+0.006*[#  17]
    |psi|^2 = 0.999
==== e(   7) =    -6.14841 eV ==== 
     psi = 0.280*[#  24]+0.280*[#  28]+0.280*[#  32]+0.047*[#   6]+0.047*[#   7]
          +0.047*[#   9]+0.006*[#  15]+0.006*[#  16]+0.006*[#  17]
    |psi|^2 = 0.999
==== e(   8) =    -6.14841 eV ==== 
     psi = 0.280*[#  24]+0.280*[#  28]+0.280*[#  32]+0.047*[#   6]+0.047*[#   7]
          +0.047*[#   9]+0.006*[#  15]+0.006*[#  16]+0.006*[#  17]
    |psi|^2 = 0.999
==== e(   9) =    -1.13759 eV ==== 
     psi = 0.287*[#   2]+0.287*[#   3]+0.287*[#   4]+0.019*[#  26]+0.019*[#  27]
          +0.019*[#  29]+0.019*[#  30]+0.019*[#  33]+0.019*[#  35]+0.006*[#  20]
          +0.006*[#  21]+0.006*[#  23]+0.003*[#  11]+0.003*[#  12]+0.003*[#  13]
          
    |psi|^2 = 1.000
==== e(  10) =    -1.13759 eV ==== 
     psi = 0.287*[#   2]+0.287*[#   3]+0.287*[#   4]+0.019*[#  26]+0.019*[#  27]
          +0.019*[#  29]+0.019*[#  30]+0.019*[#  33]+0.019*[#  35]+0.006*[#  20]
          +0.006*[#  21]+0.006*[#  23]+0.003*[#  11]+0.003*[#  12]+0.003*[#  13]
          
    |psi|^2 = 1.000
==== e(  11) =    -1.13759 eV ==== 
     psi = 0.287*[#   2]+0.287*[#   3]+0.287*[#   4]+0.019*[#  26]+0.019*[#  27]
          +0.019*[#  29]+0.019*[#  30]+0.019*[#  33]+0.019*[#  35]+0.006*[#  20]
          +0.006*[#  21]+0.006*[#  23]+0.003*[#  11]+0.003*[#  12]+0.003*[#  13]
          
    |psi|^2 = 1.000
==== e(  12) =     4.95445 eV ==== 
     psi = 0.254*[#  25]+0.254*[#  31]+0.254*[#  34]+0.220*[#  18]+0.016*[#  14]
          
    |psi|^2 = 0.999
==== e(  13) =     5.68057 eV ==== 
     psi = 0.210*[#  25]+0.210*[#  31]+0.210*[#  34]+0.185*[#  19]+0.185*[#  22]
          
    |psi|^2 = 0.999
==== e(  14) =     5.68057 eV ==== 
     psi = 0.210*[#  25]+0.210*[#  31]+0.210*[#  34]+0.185*[#  19]+0.185*[#  22]
          
    |psi|^2 = 0.999
==== e(  15) =     6.98427 eV ==== 
     psi = 0.104*[#  26]+0.104*[#  27]+0.104*[#  29]+0.104*[#  30]+0.104*[#  33]
          +0.104*[#  35]+0.066*[#  20]+0.066*[#  21]+0.066*[#  23]+0.035*[#   2]
          +0.035*[#   3]+0.035*[#   4]+0.024*[#  11]+0.024*[#  12]+0.024*[#  13]
          
    |psi|^2 = 0.999
==== e(  16) =     6.98427 eV ==== 
     psi = 0.104*[#  26]+0.104*[#  27]+0.104*[#  29]+0.104*[#  30]+0.104*[#  33]
          +0.104*[#  35]+0.066*[#  20]+0.066*[#  21]+0.066*[#  23]+0.035*[#   2]
          +0.035*[#   3]+0.035*[#   4]+0.024*[#  11]+0.024*[#  12]+0.024*[#  13]
          
    |psi|^2 = 0.999
==== e(  17) =     6.98427 eV ==== 
     psi = 0.104*[#  26]+0.104*[#  27]+0.104*[#  29]+0.104*[#  30]+0.104*[#  33]
          +0.104*[#  35]+0.066*[#  20]+0.066*[#  21]+0.066*[#  23]+0.035*[#   2]
          +0.035*[#   3]+0.035*[#   4]+0.024*[#  11]+0.024*[#  12]+0.024*[#  13]
          
    |psi|^2 = 0.999
==== e(  18) =     9.37183 eV ==== 
     psi = 0.165*[#  26]+0.165*[#  27]+0.165*[#  29]+0.165*[#  30]+0.165*[#  33]
          +0.165*[#  35]
    |psi|^2 = 0.991
==== e(  19) =     9.37183 eV ==== 
     psi = 0.165*[#  26]+0.165*[#  27]+0.165*[#  29]+0.165*[#  30]+0.165*[#  33]
          +0.165*[#  35]
    |psi|^2 = 0.991
==== e(  20) =     9.37183 eV ==== 
     psi = 0.165*[#  26]+0.165*[#  27]+0.165*[#  29]+0.165*[#  30]+0.165*[#  33]
          +0.165*[#  35]
    |psi|^2 = 0.991
==== e(  21) =    13.27919 eV ==== 
     psi = 0.260*[#  20]+0.260*[#  21]+0.260*[#  23]+0.034*[#  26]+0.034*[#  27]
          +0.034*[#  29]+0.034*[#  30]+0.034*[#  33]+0.034*[#  35]+0.003*[#  11]
          +0.003*[#  12]+0.003*[#  13]
    |psi|^2 = 0.997
==== e(  22) =    13.27919 eV ==== 
     psi = 0.260*[#  20]+0.260*[#  21]+0.260*[#  23]+0.034*[#  26]+0.034*[#  27]
          +0.034*[#  29]+0.034*[#  30]+0.034*[#  33]+0.034*[#  35]+0.003*[#  11]
          +0.003*[#  12]+0.003*[#  13]
    |psi|^2 = 0.997
==== e(  23) =    13.27919 eV ==== 
     psi = 0.260*[#  20]+0.260*[#  21]+0.260*[#  23]+0.034*[#  26]+0.034*[#  27]
          +0.034*[#  29]+0.034*[#  30]+0.034*[#  33]+0.034*[#  35]+0.003*[#  11]
          +0.003*[#  12]+0.003*[#  13]
    |psi|^2 = 0.997
==== e(  24) =    15.92433 eV ==== 
     psi = 0.277*[#   6]+0.277*[#   7]+0.277*[#   9]+0.048*[#  24]+0.048*[#  28]
          +0.048*[#  32]+0.002*[#  15]+0.002*[#  16]+0.002*[#  17]
    |psi|^2 = 0.981
==== e(  25) =    15.92433 eV ==== 
     psi = 0.277*[#   6]+0.277*[#   7]+0.277*[#   9]+0.048*[#  24]+0.048*[#  28]
          +0.048*[#  32]+0.002*[#  15]+0.002*[#  16]+0.002*[#  17]
    |psi|^2 = 0.981
==== e(  26) =    15.92433 eV ==== 
     psi = 0.277*[#   6]+0.277*[#   7]+0.277*[#   9]+0.048*[#  24]+0.048*[#  28]
          +0.048*[#  32]+0.002*[#  15]+0.002*[#  16]+0.002*[#  17]
    |psi|^2 = 0.981
==== e(  27) =    16.64090 eV ==== 
     psi = 0.315*[#  19]+0.315*[#  22]+0.123*[#  25]+0.123*[#  31]+0.123*[#  34]
          
    |psi|^2 = 0.997
==== e(  28) =    16.64090 eV ==== 
     psi = 0.315*[#  19]+0.315*[#  22]+0.123*[#  25]+0.123*[#  31]+0.123*[#  34]
          
    |psi|^2 = 0.997
==== e(  29) =    19.48238 eV ==== 
     psi = 0.497*[#   5]+0.497*[#   8]
    |psi|^2 = 0.995
==== e(  30) =    19.48238 eV ==== 
     psi = 0.497*[#   5]+0.497*[#   8]
    |psi|^2 = 0.995
==== e(  31) =    20.02425 eV ==== 
     psi = 0.060*[#  11]+0.060*[#  12]+0.060*[#  13]+0.002*[#   2]+0.002*[#   3]
          +0.002*[#   4]+0.002*[#  26]+0.002*[#  27]+0.002*[#  29]+0.002*[#  30]
          +0.002*[#  33]+0.002*[#  35]
    |psi|^2 = 0.199
==== e(  32) =    20.02425 eV ==== 
     psi = 0.060*[#  11]+0.060*[#  12]+0.060*[#  13]+0.002*[#   2]+0.002*[#   3]
          +0.002*[#   4]+0.002*[#  26]+0.002*[#  27]+0.002*[#  29]+0.002*[#  30]
          +0.002*[#  33]+0.002*[#  35]
    |psi|^2 = 0.199
==== e(  33) =    20.02425 eV ==== 
     psi = 0.060*[#  11]+0.060*[#  12]+0.060*[#  13]+0.002*[#   2]+0.002*[#   3]
          +0.002*[#   4]+0.002*[#  26]+0.002*[#  27]+0.002*[#  29]+0.002*[#  30]
          +0.002*[#  33]+0.002*[#  35]
    |psi|^2 = 0.199
==== e(  34) =    20.31944 eV ==== 
     psi = 0.138*[#  18]+0.016*[#  25]+0.016*[#  31]+0.016*[#  34]+0.004*[#  14]
          
    |psi|^2 = 0.190
==== e(  35) =    21.10031 eV ==== 
 
    |psi|^2 = 0.005

 k =   0.4750000000  0.4750000000  0.4750000000
==== e(   1) =   -46.74807 eV ==== 
     psi = 0.967*[#  14]+0.010*[#  25]+0.010*[#  31]+0.010*[#  34]+0.003*[#  18]
          
    |psi|^2 = 1.000
==== e(   2) =   -23.30540 eV ==== 
     psi = 0.325*[#  15]+0.325*[#  16]+0.325*[#  17]+0.005*[#   6]+0.005*[#   7]
          +0.005*[#   9]+0.003*[#  24]+0.003*[#  28]+0.003*[#  32]
    |psi|^2 = 1.000
==== e(   3) =   -23.30539 eV ==== 
     psi = 0.325*[#  15]+0.325*[#  16]+0.325*[#  17]+0.005*[#   6]+0.005*[#   7]
          +0.005*[#   9]+0.003*[#  24]+0.003*[#  28]+0.003*[#  32]
    |psi|^2 = 1.000
==== e(   4) =   -23.30539 eV ==== 
     psi = 0.325*[#  15]+0.325*[#  16]+0.325*[#  17]+0.005*[#   6]+0.005*[#   7]
          +0.005*[#   9]+0.003*[#  24]+0.003*[#  28]+0.003*[#  32]
    |psi|^2 = 1.000
==== e(   5) =   -15.12483 eV ==== 
     psi = 0.895*[#   1]+0.102*[#  10]
    |psi|^2 = 1.000
==== e(   6) =    -6.16087 eV ==== 
     psi = 0.279*[#  24]+0.279*[#  28]+0.279*[#  32]+0.046*[#   6]+0.046*[#   7]
          +0.046*[#   9]+0.006*[#  15]+0.006*[#  16]+0.006*[#  17]
    |psi|^2 = 0.999
==== e(   7) =    -6.15054 eV ==== 
     psi = 0.280*[#  24]+0.280*[#  28]+0.280*[#  32]+0.046*[#   6]+0.046*[#   7]
          +0.046*[#   9]+0.006*[#  15]+0.006*[#  16]+0.006*[#  17]
    |psi|^2 = 0.999
==== e(   8) =    -6.15054 eV ==== 
     psi = 0.280*[#  24]+0.280*[#  28]+0.280*[#  32]+0.046*[#   6]+0.046*[#   7]
          +0.046*[#   9]+0.006*[#  15]+0.006*[#  16]+0.006*[#  17]
    |psi|^2 = 0.999
==== e(   9) =    -1.12959 eV ==== 
     psi = 0.287*[#   2]+0.287*[#   3]+0.287*[#   4]+0.019*[#  26]+0.019*[#  27]
          +0.019*[#  29]+0.019*[#  30]+0.019*[#  33]+0.019*[#  35]+0.005*[#  20]
          +0.005*[#  21]+0.005*[#  23]+0.003*[#  11]+0.003*[#  12]+0.003*[#  13]
          
    |psi|^2 = 1.000
==== e(  10) =    -1.12959 eV ==== 
     psi = 0.287*[#   2]+0.287*[#   3]+0.287*[#   4]+0.019*[#  26]+0.019*[#  27]
          +0.019*[#  29]+0.019*[#  30]+0.019*[#  33]+0.019*[#  35]+0.005*[#  20]
          +0.005*[#  21]+0.005*[#  23]+0.003*[#  11]+0.003*[#  12]+0.003*[#  13]
          
    |psi|^2 = 1.000
==== e(  11) =    -1.11668 eV ==== 
     psi = 0.287*[#   2]+0.287*[#   3]+0.287*[#   4]+0.019*[#  26]+0.019*[#  27]
          +0.019*[#  29]+0.019*[#  30]+0.019*[#  33]+0.019*[#  35]+0.005*[#  20]
          +0.005*[#  21]+0.005*[#  23]+0.003*[#  11]+0.003*[#  12]+0.003*[#  13]
          
    |psi|^2 = 1.000
==== e(  12) =     4.96967 eV ==== 
     psi = 0.255*[#  25]+0.255*[#  31]+0.255*[#  34]+0.218*[#  18]+0.016*[#  14]
          
    |psi|^2 = 0.999
==== e(  13) =     5.68918 eV ==== 
     psi = 0.210*[#  25]+0.210*[#  31]+0.210*[#  34]+0.184*[#  19]+0.184*[#  22]
          
    |psi|^2 = 0.999
==== e(  14) =     5.68918 eV ==== 
     psi = 0.210*[#  25]+0.210*[#  31]+0.210*[#  34]+0.184*[#  19]+0.184*[#  22]
          
    |psi|^2 = 0.999
==== e(  15) =     6.96059 eV ==== 
     psi = 0.104*[#  26]+0.104*[#  27]+0.104*[#  29]+0.104*[#  30]+0.104*[#  33]
          +0.104*[#  35]+0.066*[#  20]+0.066*[#  21]+0.066*[#  23]+0.034*[#   2]
          +0.034*[#   3]+0.034*[#   4]+0.024*[#  11]+0.024*[#  12]+0.024*[#  13]
          +0.001*[#  10]
    |psi|^2 = 0.999
==== e(  16) =     6.98327 eV ==== 
     psi = 0.104*[#  26]+0.104*[#  27]+0.104*[#  29]+0.104*[#  30]+0.104*[#  33]
          +0.104*[#  35]+0.066*[#  20]+0.066*[#  21]+0.066*[#  23]+0.034*[#   2]
          +0.034*[#   3]+0.034*[#   4]+0.024*[#  11]+0.024*[#  12]+0.024*[#  13]
          
    |psi|^2 = 0.999
==== e(  17) =     6.98327 eV ==== 
     psi = 0.104*[#  26]+0.104*[#  27]+0.104*[#  29]+0.104*[#  30]+0.104*[#  33]
          +0.104*[#  35]+0.066*[#  20]+0.066*[#  21]+0.066*[#  23]+0.034*[#   2]
          +0.034*[#   3]+0.034*[#   4]+0.024*[#  11]+0.024*[#  12]+0.024*[#  13]
          
    |psi|^2 = 0.999
==== e(  18) =     9.35387 eV ==== 
     psi = 0.165*[#  26]+0.165*[#  27]+0.165*[#  29]+0.165*[#  30]+0.165*[#  33]
          +0.165*[#  35]
    |psi|^2 = 0.991
==== e(  19) =     9.35387 eV ==== 
     psi = 0.165*[#  26]+0.165*[#  27]+0.165*[#  29]+0.165*[#  30]+0.165*[#  33]
          +0.165*[#  35]
    |psi|^2 = 0.991
==== e(  20) =     9.36460 eV ==== 
     psi = 0.165*[#  26]+0.165*[#  27]+0.165*[#  29]+0.165*[#  30]+0.165*[#  33]
          +0.165*[#  35]
    |psi|^2 = 0.991
==== e(  21) =    13.26781 eV ==== 
     psi = 0.260*[#  20]+0.260*[#  21]+0.260*[#  23]+0.034*[#  26]+0.034*[#  27]
          +0.034*[#  29]+0.034*[#  30]+0.034*[#  33]+0.034*[#  35]+0.003*[#  11]
          +0.003*[#  12]+0.003*[#  13]
    |psi|^2 = 0.997
==== e(  22) =    13.26821 eV ==== 
     psi = 0.260*[#  20]+0.260*[#  21]+0.260*[#  23]+0.034*[#  26]+0.034*[#  27]
          +0.034*[#  29]+0.034*[#  30]+0.034*[#  33]+0.034*[#  35]+0.003*[#  11]
          +0.003*[#  12]+0.003*[#  13]
    |psi|^2 = 0.997
==== e(  23) =    13.26821 eV ==== 
     psi = 0.260*[#  20]+0.260*[#  21]+0.260*[#  23]+0.034*[#  26]+0.034*[#  27]
          +0.034*[#  29]+0.034*[#  30]+0.034*[#  33]+0.034*[#  35]+0.003*[#  11]
          +0.003*[#  12]+0.003*[#  13]
    |psi|^2 = 0.997
==== e(  24) =    15.95035 eV ==== 
     psi = 0.273*[#   6]+0.273*[#   7]+0.273*[#   9]+0.047*[#  24]+0.047*[#  28]
          +0.047*[#  32]+0.004*[#  19]+0.004*[#  22]+0.002*[#  15]+0.002*[#  16]
          +0.002*[#  17]
    |psi|^2 = 0.981
==== e(  25) =    15.95035 eV ==== 
     psi = 0.273*[#   6]+0.273*[#   7]+0.273*[#   9]+0.047*[#  24]+0.047*[#  28]
          +0.047*[#  32]+0.004*[#  19]+0.004*[#  22]+0.002*[#  15]+0.002*[#  16]
          +0.002*[#  17]
    |psi|^2 = 0.981
==== e(  26) =    15.96078 eV ==== 
     psi = 0.276*[#   6]+0.276*[#   7]+0.276*[#   9]+0.048*[#  24]+0.048*[#  28]
          +0.048*[#  32]+0.002*[#  15]+0.002*[#  16]+0.002*[#  17]
    |psi|^2 = 0.981
==== e(  27) =    16.62751 eV ==== 
     psi = 0.311*[#  19]+0.311*[#  22]+0.121*[#  25]+0.121*[#  31]+0.121*[#  34]
          +0.003*[#   6]+0.003*[#   7]+0.003*[#   9]
    |psi|^2 = 0.997
==== e(  28) =    16.62751 eV ==== 
     psi = 0.311*[#  19]+0.311*[#  22]+0.121*[#  25]+0.121*[#  31]+0.121*[#  34]
          +0.003*[#   6]+0.003*[#   7]+0.003*[#   9]
    |psi|^2 = 0.997
==== e(  29) =    19.40320 eV ==== 
     psi = 0.459*[#   5]+0.459*[#   8]+0.004*[#  11]+0.004*[#  12]+0.004*[#  13]
          +0.001*[#  26]+0.001*[#  27]+0.001*[#  29]+0.001*[#  30]+0.001*[#  33]
          +0.001*[#  35]
    |psi|^2 = 0.937
==== e(  30) =    19.40320 eV ==== 
     psi = 0.459*[#   5]+0.459*[#   8]+0.004*[#  11]+0.004*[#  12]+0.004*[#  13]
          +0.001*[#  26]+0.001*[#  27]+0.001*[#  29]+0.001*[#  30]+0.001*[#  33]
          +0.001*[#  35]
    |psi|^2 = 0.937
==== e(  31) =    20.00710 eV ==== 
     psi = 0.057*[#  11]+0.057*[#  12]+0.057*[#  13]+0.016*[#  10]+0.002*[#  26]
          +0.002*[#  27]+0.002*[#  29]+0.002*[#  30]+0.002*[#  33]+0.002*[#  35]
          +0.002*[#   2]+0.002*[#   3]+0.002*[#   4]
    |psi|^2 = 0.208
==== e(  32) =    20.08289 eV ==== 
     psi = 0.053*[#  11]+0.053*[#  12]+0.053*[#  13]+0.037*[#   5]+0.037*[#   8]
          +0.002*[#   2]+0.002*[#   3]+0.002*[#   4]+0.001*[#  26]+0.001*[#  27]
          +0.001*[#  29]+0.001*[#  30]+0.001*[#  33]+0.001*[#  35]
    |psi|^2 = 0.249
==== e(  33) =    20.08289 eV ==== 
     psi = 0.053*[#  11]+0.053*[#  12]+0.053*[#  13]+0.037*[#   5]+0.037*[#   8]
          +0.002*[#   2]+0.002*[#   3]+0.002*[#   4]+0.001*[#  26]+0.001*[#  27]
          +0.001*[#  29]+0.001*[#  30]+0.001*[#  33]+0.001*[#  35]
    |psi|^2 = 0.249
==== e(  34) =    20.31216 eV ==== 
     psi = 0.136*[#  18]+0.016*[#  25]+0.016*[#  31]+0.016*[#  34]+0.004*[#  14]
          
    |psi|^2 = 0.188
==== e(  35) =    21.09541 eV ==== 
 
    |psi|^2 = 0.006

 k =   0.4500000000  0.4500000000  0.4500000000
==== e(   1) =   -46.74810 eV ==== 
     psi = 0.965*[#  14]+0.009*[#  25]+0.009*[#  31]+0.009*[#  34]+0.003*[#  18]
          
    |psi|^2 = 1.000
==== e(   2) =   -23.30477 eV ==== 
     psi = 0.325*[#  15]+0.325*[#  16]+0.325*[#  17]+0.004*[#   6]+0.004*[#   7]
          +0.004*[#   9]+0.003*[#  24]+0.003*[#  28]+0.003*[#  32]
    |psi|^2 = 1.000
==== e(   3) =   -23.30473 eV ==== 
     psi = 0.325*[#  15]+0.325*[#  16]+0.325*[#  17]+0.005*[#   6]+0.005*[#   7]
          +0.005*[#   9]+0.003*[#  24]+0.003*[#  28]+0.003*[#  32]
    |psi|^2 = 1.000
==== e(   4) =   -23.30473 eV ==== 
     psi = 0.325*[#  15]+0.325*[#  16]+0.325*[#  17]+0.005*[#   6]+0.005*[#   7]
          +0.005*[#   9]+0.003*[#  24]+0.003*[#  28]+0.003*[#  32]
    |psi|^2 = 1.000
==== e(   5) =   -15.12798 eV ==== 
     psi = 0.890*[#   1]+0.098*[#  10]+0.004*[#  11]+0.004*[#  12]+0.004*[#  13]
          
    |psi|^2 = 1.000
==== e(   6) =    -6.19713 eV ==== 
     psi = 0.276*[#  24]+0.276*[#  28]+0.276*[#  32]+0.045*[#   6]+0.045*[#   7]
          +0.045*[#   9]+0.006*[#  15]+0.006*[#  16]+0.006*[#  17]+0.004*[#  18]
          +0.003*[#  11]+0.003*[#  12]+0.003*[#  13]+0.002*[#   2]+0.002*[#   3]
          +0.002*[#   4]
    |psi|^2 = 0.999
==== e(   7) =    -6.15682 eV ==== 
     psi = 0.281*[#  24]+0.281*[#  28]+0.281*[#  32]+0.045*[#   6]+0.045*[#   7]
          +0.045*[#   9]+0.006*[#  15]+0.006*[#  16]+0.006*[#  17]
    |psi|^2 = 0.999
==== e(   8) =    -6.15682 eV ==== 
     psi = 0.281*[#  24]+0.281*[#  28]+0.281*[#  32]+0.045*[#   6]+0.045*[#   7]
          +0.045*[#   9]+0.006*[#  15]+0.006*[#  16]+0.006*[#  17]
    |psi|^2 = 0.999
==== e(   9) =    -1.10600 eV ==== 
     psi = 0.287*[#   2]+0.287*[#   3]+0.287*[#   4]+0.018*[#  26]+0.018*[#  27]
          +0.018*[#  29]+0.018*[#  30]+0.018*[#  33]+0.018*[#  35]+0.005*[#  20]
          +0.005*[#  21]+0.005*[#  23]+0.003*[#  11]+0.003*[#  12]+0.003*[#  13]
          +0.002*[#   5]+0.002*[#   8]
    |psi|^2 = 1.000
==== e(  10) =    -1.10600 eV ==== 
     psi = 0.287*[#   2]+0.287*[#   3]+0.287*[#   4]+0.018*[#  26]+0.018*[#  27]
          +0.018*[#  29]+0.018*[#  30]+0.018*[#  33]+0.018*[#  35]+0.005*[#  20]
          +0.005*[#  21]+0.005*[#  23]+0.003*[#  11]+0.003*[#  12]+0.003*[#  13]
          +0.002*[#   5]+0.002*[#   8]
    |psi|^2 = 1.000
==== e(  11) =    -1.05569 eV ==== 
     psi = 0.289*[#   2]+0.289*[#   3]+0.289*[#   4]+0.018*[#  26]+0.018*[#  27]
          +0.018*[#  29]+0.018*[#  30]+0.018*[#  33]+0.018*[#  35]+0.005*[#  20]
          +0.005*[#  21]+0.005*[#  23]+0.002*[#  11]+0.002*[#  12]+0.002*[#  13]
          +0.002*[#  24]+0.002*[#  28]+0.002*[#  32]+0.001*[#  10]
    |psi|^2 = 1.000
==== e(  12) =     5.01461 eV ==== 
     psi = 0.255*[#  25]+0.255*[#  31]+0.255*[#  34]+0.212*[#  18]+0.016*[#  14]
          +0.001*[#  24]+0.001*[#  28]+0.001*[#  32]
    |psi|^2 = 0.999
==== e(  13) =     5.71484 eV ==== 
     psi = 0.211*[#  25]+0.211*[#  31]+0.211*[#  34]+0.182*[#  19]+0.182*[#  22]
          
    |psi|^2 = 0.999
==== e(  14) =     5.71484 eV ==== 
     psi = 0.211*[#  25]+0.211*[#  31]+0.211*[#  34]+0.182*[#  19]+0.182*[#  22]
          
    |psi|^2 = 0.999
==== e(  15) =     6.89328 eV ==== 
     psi = 0.104*[#  26]+0.104*[#  27]+0.104*[#  29]+0.104*[#  30]+0.104*[#  33]
          +0.104*[#  35]+0.065*[#  20]+0.065*[#  21]+0.065*[#  23]+0.033*[#   2]
          +0.033*[#   3]+0.033*[#   4]+0.022*[#  11]+0.022*[#  12]+0.022*[#  13]
          +0.004*[#  10]+0.003*[#   6]+0.003*[#   7]+0.003*[#   9]
    |psi|^2 = 0.999
==== e(  16) =     6.98049 eV ==== 
     psi = 0.104*[#  26]+0.104*[#  27]+0.104*[#  29]+0.104*[#  30]+0.104*[#  33]
          +0.104*[#  35]+0.066*[#  20]+0.066*[#  21]+0.066*[#  23]+0.034*[#   2]
          +0.034*[#   3]+0.034*[#   4]+0.023*[#  11]+0.023*[#  12]+0.023*[#  13]
          +0.002*[#   5]+0.002*[#   8]
    |psi|^2 = 0.999
==== e(  17) =     6.98049 eV ==== 
     psi = 0.104*[#  26]+0.104*[#  27]+0.104*[#  29]+0.104*[#  30]+0.104*[#  33]
          +0.104*[#  35]+0.066*[#  20]+0.066*[#  21]+0.066*[#  23]+0.034*[#   2]
          +0.034*[#   3]+0.034*[#   4]+0.023*[#  11]+0.023*[#  12]+0.023*[#  13]
          +0.002*[#   5]+0.002*[#   8]
    |psi|^2 = 0.999
==== e(  18) =     9.30237 eV ==== 
     psi = 0.163*[#  26]+0.163*[#  27]+0.163*[#  29]+0.163*[#  30]+0.163*[#  33]
          +0.163*[#  35]+0.003*[#   6]+0.003*[#   7]+0.003*[#   9]
    |psi|^2 = 0.992
==== e(  19) =     9.30237 eV ==== 
     psi = 0.163*[#  26]+0.163*[#  27]+0.163*[#  29]+0.163*[#  30]+0.163*[#  33]
          +0.163*[#  35]+0.003*[#   6]+0.003*[#   7]+0.003*[#   9]
    |psi|^2 = 0.992
==== e(  20) =     9.34315 eV ==== 
     psi = 0.165*[#  26]+0.165*[#  27]+0.165*[#  29]+0.165*[#  30]+0.165*[#  33]
          +0.165*[#  35]
    |psi|^2 = 0.991
==== e(  21) =    13.23416 eV ==== 
     psi = 0.260*[#  20]+0.260*[#  21]+0.260*[#  23]+0.034*[#  26]+0.034*[#  27]
          +0.034*[#  29]+0.034*[#  30]+0.034*[#  33]+0.034*[#  35]+0.003*[#  11]
          +0.003*[#  12]+0.003*[#  13]
    |psi|^2 = 0.997
==== e(  22) =    13.23548 eV ==== 
     psi = 0.260*[#  20]+0.260*[#  21]+0.260*[#  23]+0.034*[#  26]+0.034*[#  27]
          +0.034*[#  29]+0.034*[#  30]+0.034*[#  33]+0.034*[#  35]+0.003*[#  11]
          +0.003*[#  12]+0.003*[#  13]+0.001*[#   5]+0.001*[#   8]
    |psi|^2 = 0.996
==== e(  23) =    13.23548 eV ==== 
     psi = 0.260*[#  20]+0.260*[#  21]+0.260*[#  23]+0.034*[#  26]+0.034*[#  27]
          +0.034*[#  29]+0.034*[#  30]+0.034*[#  33]+0.034*[#  35]+0.003*[#  11]
          +0.003*[#  12]+0.003*[#  13]+0.001*[#   5]+0.001*[#   8]
    |psi|^2 = 0.996
==== e(  24) =    16.01981 eV ==== 
     psi = 0.257*[#   6]+0.257*[#   7]+0.257*[#   9]+0.045*[#  24]+0.045*[#  28]
          +0.045*[#  32]+0.020*[#  19]+0.020*[#  22]+0.005*[#  25]+0.005*[#  31]
          +0.005*[#  34]+0.002*[#  15]+0.002*[#  16]+0.002*[#  17]+0.002*[#  26]
          +0.002*[#  27]+0.002*[#  29]+0.002*[#  30]+0.002*[#  33]+0.002*[#  35]
          
    |psi|^2 = 0.981
==== e(  25) =    16.01981 eV ==== 
     psi = 0.257*[#   6]+0.257*[#   7]+0.257*[#   9]+0.045*[#  24]+0.045*[#  28]
          +0.045*[#  32]+0.020*[#  19]+0.020*[#  22]+0.005*[#  25]+0.005*[#  31]
          +0.005*[#  34]+0.002*[#  15]+0.002*[#  16]+0.002*[#  17]+0.002*[#  26]
          +0.002*[#  27]+0.002*[#  29]+0.002*[#  30]+0.002*[#  33]+0.002*[#  35]
          
    |psi|^2 = 0.981
==== e(  26) =    16.06534 eV ==== 
     psi = 0.272*[#   6]+0.272*[#   7]+0.272*[#   9]+0.047*[#  24]+0.047*[#  28]
          +0.047*[#  32]+0.002*[#  20]+0.002*[#  21]+0.002*[#  23]+0.002*[#  14]
          +0.002*[#  15]+0.002*[#  16]+0.002*[#  17]+0.001*[#  11]+0.001*[#  12]
          +0.001*[#  13]+0.001*[#  25]+0.001*[#  31]+0.001*[#  34]
    |psi|^2 = 0.981
==== e(  27) =    16.59333 eV ==== 
     psi = 0.296*[#  19]+0.296*[#  22]+0.116*[#  25]+0.116*[#  31]+0.116*[#  34]
          +0.017*[#   6]+0.017*[#   7]+0.017*[#   9]
    |psi|^2 = 0.996
==== e(  28) =    16.59333 eV ==== 
     psi = 0.296*[#  19]+0.296*[#  22]+0.116*[#  25]+0.116*[#  31]+0.116*[#  34]
          +0.017*[#   6]+0.017*[#   7]+0.017*[#   9]
    |psi|^2 = 0.996
==== e(  29) =    19.22320 eV ==== 
     psi = 0.418*[#   5]+0.418*[#   8]+0.008*[#  11]+0.008*[#  12]+0.008*[#  13]
          +0.003*[#  26]+0.003*[#  27]+0.003*[#  29]+0.003*[#  30]+0.003*[#  33]
          +0.003*[#  35]
    |psi|^2 = 0.877
==== e(  30) =    19.22320 eV ==== 
     psi = 0.418*[#   5]+0.418*[#   8]+0.008*[#  11]+0.008*[#  12]+0.008*[#  13]
          +0.003*[#  26]+0.003*[#  27]+0.003*[#  29]+0.003*[#  30]+0.003*[#  33]
          +0.003*[#  35]
    |psi|^2 = 0.877
==== e(  31) =    19.96336 eV ==== 
     psi = 0.054*[#  10]+0.050*[#  11]+0.050*[#  12]+0.050*[#  13]+0.003*[#  26]
          +0.003*[#  27]+0.003*[#  29]+0.003*[#  30]+0.003*[#  33]+0.003*[#  35]
          +0.001*[#   1]+0.001*[#   2]+0.001*[#   3]+0.001*[#   4]
    |psi|^2 = 0.226
==== e(  32) =    20.20217 eV ==== 
     psi = 0.073*[#   5]+0.073*[#   8]+0.044*[#  11]+0.044*[#  12]+0.044*[#  13]
          +0.002*[#   2]+0.002*[#   3]+0.002*[#   4]
    |psi|^2 = 0.287
==== e(  33) =    20.20217 eV ==== 
     psi = 0.073*[#   5]+0.073*[#   8]+0.044*[#  11]+0.044*[#  12]+0.044*[#  13]
          +0.002*[#   2]+0.002*[#   3]+0.002*[#   4]
    |psi|^2 = 0.287
==== e(  34) =    20.29159 eV ==== 
     psi = 0.130*[#  18]+0.015*[#  25]+0.015*[#  31]+0.015*[#  34]+0.003*[#  14]
          
    |psi|^2 = 0.183
==== e(  35) =    21.07980 eV ==== 
     psi = 0.001*[#   5]+0.001*[#   8]
    |psi|^2 = 0.008

 k =   0.4250000000  0.4250000000  0.4250000000
==== e(   1) =   -46.74816 eV ==== 
     psi = 0.962*[#  14]+0.009*[#  25]+0.009*[#  31]+0.009*[#  34]+0.003*[#  18]
          +0.002*[#   6]+0.002*[#   7]+0.002*[#   9]
    |psi|^2 = 1.000
==== e(   2) =   -23.30375 eV ==== 
     psi = 0.325*[#  15]+0.325*[#  16]+0.325*[#  17]+0.004*[#   6]+0.004*[#   7]
          +0.004*[#   9]+0.003*[#  24]+0.003*[#  28]+0.003*[#  32]
    |psi|^2 = 1.000
==== e(   3) =   -23.30366 eV ==== 
     psi = 0.325*[#  15]+0.325*[#  16]+0.325*[#  17]+0.004*[#   6]+0.004*[#   7]
          +0.004*[#   9]+0.003*[#  24]+0.003*[#  28]+0.003*[#  32]
    |psi|^2 = 1.000
==== e(   4) =   -23.30366 eV ==== 
     psi = 0.325*[#  15]+0.325*[#  16]+0.325*[#  17]+0.004*[#   6]+0.004*[#   7]
          +0.004*[#   9]+0.003*[#  24]+0.003*[#  28]+0.003*[#  32]
    |psi|^2 = 1.000
==== e(   5) =   -15.13318 eV ==== 
     psi = 0.884*[#   1]+0.091*[#  10]+0.008*[#  11]+0.008*[#  12]+0.008*[#  13]
          
    |psi|^2 = 1.000
==== e(   6) =    -6.25406 eV ==== 
     psi = 0.271*[#  24]+0.271*[#  28]+0.271*[#  32]+0.043*[#   6]+0.043*[#   7]
          +0.043*[#   9]+0.008*[#  18]+0.006*[#  11]+0.006*[#  12]+0.006*[#  13]
          +0.006*[#  15]+0.006*[#  16]+0.006*[#  17]+0.003*[#   2]+0.003*[#   3]
          +0.003*[#   4]+0.001*[#  14]
    |psi|^2 = 0.999
==== e(   7) =    -6.16684 eV ==== 
     psi = 0.281*[#  24]+0.281*[#  28]+0.281*[#  32]+0.042*[#   6]+0.042*[#   7]
          +0.042*[#   9]+0.006*[#  15]+0.006*[#  16]+0.006*[#  17]+0.002*[#  19]
          +0.002*[#  22]+0.001*[#  11]+0.001*[#  12]+0.001*[#  13]
    |psi|^2 = 0.999
==== e(   8) =    -6.16684 eV ==== 
     psi = 0.281*[#  24]+0.281*[#  28]+0.281*[#  32]+0.042*[#   6]+0.042*[#   7]
          +0.042*[#   9]+0.006*[#  15]+0.006*[#  16]+0.006*[#  17]+0.002*[#  19]
          +0.002*[#  22]+0.001*[#  11]+0.001*[#  12]+0.001*[#  13]
    |psi|^2 = 0.999
==== e(   9) =    -1.06806 eV ==== 
     psi = 0.286*[#   2]+0.286*[#   3]+0.286*[#   4]+0.018*[#  26]+0.018*[#  27]
          +0.018*[#  29]+0.018*[#  30]+0.018*[#  33]+0.018*[#  35]+0.005*[#  20]
          +0.005*[#  21]+0.005*[#  23]+0.003*[#   5]+0.003*[#   8]+0.003*[#  11]
          +0.003*[#  12]+0.003*[#  13]+0.001*[#  24]+0.001*[#  28]+0.001*[#  32]
          
    |psi|^2 = 1.000
==== e(  10) =    -1.06806 eV ==== 
     psi = 0.286*[#   2]+0.286*[#   3]+0.286*[#   4]+0.018*[#  26]+0.018*[#  27]
          +0.018*[#  29]+0.018*[#  30]+0.018*[#  33]+0.018*[#  35]+0.005*[#  20]
          +0.005*[#  21]+0.005*[#  23]+0.003*[#   5]+0.003*[#   8]+0.003*[#  11]
          +0.003*[#  12]+0.003*[#  13]+0.001*[#  24]+0.001*[#  28]+0.001*[#  32]
          
    |psi|^2 = 1.000
==== e(  11) =    -0.95959 eV ==== 
     psi = 0.291*[#   2]+0.291*[#   3]+0.291*[#   4]+0.016*[#  26]+0.016*[#  27]
          +0.016*[#  29]+0.016*[#  30]+0.016*[#  33]+0.016*[#  35]+0.004*[#  20]
          +0.004*[#  21]+0.004*[#  23]+0.004*[#  24]+0.004*[#  28]+0.004*[#  32]
          +0.003*[#  10]
    |psi|^2 = 1.000
==== e(  12) =     5.08691 eV ==== 
     psi = 0.255*[#  25]+0.255*[#  31]+0.255*[#  34]+0.203*[#  18]+0.016*[#  14]
          +0.002*[#  24]+0.002*[#  28]+0.002*[#  32]+0.002*[#   6]+0.002*[#   7]
          +0.002*[#   9]
    |psi|^2 = 0.998
==== e(  13) =     5.75705 eV ==== 
     psi = 0.212*[#  25]+0.212*[#  31]+0.212*[#  34]+0.179*[#  19]+0.179*[#  22]
          
    |psi|^2 = 0.999
==== e(  14) =     5.75705 eV ==== 
     psi = 0.212*[#  25]+0.212*[#  31]+0.212*[#  34]+0.179*[#  19]+0.179*[#  22]
          
    |psi|^2 = 0.999
==== e(  15) =     6.79303 eV ==== 
     psi = 0.104*[#  26]+0.104*[#  27]+0.104*[#  29]+0.104*[#  30]+0.104*[#  33]
          +0.104*[#  35]+0.064*[#  20]+0.064*[#  21]+0.064*[#  23]+0.031*[#   2]
          +0.031*[#   3]+0.031*[#   4]+0.020*[#  11]+0.020*[#  12]+0.020*[#  13]
          +0.009*[#  10]+0.005*[#   6]+0.005*[#   7]+0.005*[#   9]+0.002*[#   1]
          
    |psi|^2 = 0.999
==== e(  16) =     6.97653 eV ==== 
     psi = 0.104*[#  26]+0.104*[#  27]+0.104*[#  29]+0.104*[#  30]+0.104*[#  33]
          +0.104*[#  35]+0.065*[#  20]+0.065*[#  21]+0.065*[#  23]+0.033*[#   2]
          +0.033*[#   3]+0.033*[#   4]+0.022*[#  11]+0.022*[#  12]+0.022*[#  13]
          +0.004*[#   5]+0.004*[#   8]+0.002*[#   6]+0.002*[#   7]+0.002*[#   9]
          
    |psi|^2 = 0.999
==== e(  17) =     6.97653 eV ==== 
     psi = 0.104*[#  26]+0.104*[#  27]+0.104*[#  29]+0.104*[#  30]+0.104*[#  33]
          +0.104*[#  35]+0.065*[#  20]+0.065*[#  21]+0.065*[#  23]+0.033*[#   2]
          +0.033*[#   3]+0.033*[#   4]+0.022*[#  11]+0.022*[#  12]+0.022*[#  13]
          +0.004*[#   5]+0.004*[#   8]+0.002*[#   6]+0.002*[#   7]+0.002*[#   9]
          
    |psi|^2 = 0.999
==== e(  18) =     9.22391 eV ==== 
     psi = 0.161*[#  26]+0.161*[#  27]+0.161*[#  29]+0.161*[#  30]+0.161*[#  33]
          +0.161*[#  35]+0.006*[#   6]+0.006*[#   7]+0.006*[#   9]+0.001*[#   5]
          +0.001*[#   8]+0.001*[#  24]+0.001*[#  28]+0.001*[#  32]
    |psi|^2 = 0.992
==== e(  19) =     9.22391 eV ==== 
     psi = 0.161*[#  26]+0.161*[#  27]+0.161*[#  29]+0.161*[#  30]+0.161*[#  33]
          +0.161*[#  35]+0.006*[#   6]+0.006*[#   7]+0.006*[#   9]+0.001*[#   5]
          +0.001*[#   8]+0.001*[#  24]+0.001*[#  28]+0.001*[#  32]
    |psi|^2 = 0.992
==== e(  20) =     9.30820 eV ==== 
     psi = 0.165*[#  26]+0.165*[#  27]+0.165*[#  29]+0.165*[#  30]+0.165*[#  33]
          +0.165*[#  35]
    |psi|^2 = 0.990
==== e(  21) =    13.17950 eV ==== 
     psi = 0.260*[#  20]+0.260*[#  21]+0.260*[#  23]+0.033*[#  26]+0.033*[#  27]
          +0.033*[#  29]+0.033*[#  30]+0.033*[#  33]+0.033*[#  35]+0.003*[#  11]
          +0.003*[#  12]+0.003*[#  13]+0.001*[#  10]
    |psi|^2 = 0.997
==== e(  22) =    13.18164 eV ==== 
     psi = 0.260*[#  20]+0.260*[#  21]+0.260*[#  23]+0.033*[#  26]+0.033*[#  27]
          +0.033*[#  29]+0.033*[#  30]+0.033*[#  33]+0.033*[#  35]+0.003*[#   5]
          +0.003*[#   8]+0.002*[#  11]+0.002*[#  12]+0.002*[#  13]
    |psi|^2 = 0.996
==== e(  23) =    13.18164 eV ==== 
     psi = 0.260*[#  20]+0.260*[#  21]+0.260*[#  23]+0.033*[#  26]+0.033*[#  27]
          +0.033*[#  29]+0.033*[#  30]+0.033*[#  33]+0.033*[#  35]+0.003*[#   5]
          +0.003*[#   8]+0.002*[#  11]+0.002*[#  12]+0.002*[#  13]
    |psi|^2 = 0.996
==== e(  24) =    16.09804 eV ==== 
     psi = 0.208*[#   6]+0.208*[#   7]+0.208*[#   9]+0.076*[#  19]+0.076*[#  22]
          +0.039*[#  24]+0.039*[#  28]+0.039*[#  32]+0.021*[#  25]+0.021*[#  31]
          +0.021*[#  34]+0.003*[#  26]+0.003*[#  27]+0.003*[#  29]+0.003*[#  30]
          +0.003*[#  33]+0.003*[#  35]+0.002*[#  15]+0.002*[#  16]+0.002*[#  17]
          +0.001*[#  20]+0.001*[#  21]+0.001*[#  23]
    |psi|^2 = 0.983
==== e(  25) =    16.09804 eV ==== 
     psi = 0.208*[#   6]+0.208*[#   7]+0.208*[#   9]+0.076*[#  19]+0.076*[#  22]
          +0.039*[#  24]+0.039*[#  28]+0.039*[#  32]+0.021*[#  25]+0.021*[#  31]
          +0.021*[#  34]+0.003*[#  26]+0.003*[#  27]+0.003*[#  29]+0.003*[#  30]
          +0.003*[#  33]+0.003*[#  35]+0.002*[#  15]+0.002*[#  16]+0.002*[#  17]
          +0.001*[#  20]+0.001*[#  21]+0.001*[#  23]
    |psi|^2 = 0.983
==== e(  26) =    16.22468 eV ==== 
     psi = 0.267*[#   6]+0.267*[#   7]+0.267*[#   9]+0.046*[#  24]+0.046*[#  28]
          +0.046*[#  32]+0.004*[#  20]+0.004*[#  21]+0.004*[#  23]+0.003*[#  14]
          +0.003*[#  11]+0.003*[#  12]+0.003*[#  13]+0.002*[#  10]+0.002*[#  25]
          +0.002*[#  31]+0.002*[#  34]+0.002*[#  15]+0.002*[#  16]+0.002*[#  17]
          +0.001*[#   2]+0.001*[#   3]+0.001*[#   4]+0.001*[#  18]
    |psi|^2 = 0.981
==== e(  27) =    16.56535 eV ==== 
     psi = 0.242*[#  19]+0.242*[#  22]+0.099*[#  25]+0.099*[#  31]+0.099*[#  34]
          +0.064*[#   6]+0.064*[#   7]+0.064*[#   9]+0.005*[#  24]+0.005*[#  28]
          +0.005*[#  32]
    |psi|^2 = 0.993
==== e(  28) =    16.56535 eV ==== 
     psi = 0.242*[#  19]+0.242*[#  22]+0.099*[#  25]+0.099*[#  31]+0.099*[#  34]
          +0.064*[#   6]+0.064*[#   7]+0.064*[#   9]+0.005*[#  24]+0.005*[#  28]
          +0.005*[#  32]
    |psi|^2 = 0.993
==== e(  29) =    19.00102 eV ==== 
     psi = 0.398*[#   5]+0.398*[#   8]+0.007*[#  11]+0.007*[#  12]+0.007*[#  13]
          +0.005*[#  26]+0.005*[#  27]+0.005*[#  29]+0.005*[#  30]+0.005*[#  33]
          +0.005*[#  35]
    |psi|^2 = 0.851
==== e(  30) =    19.00102 eV ==== 
     psi = 0.398*[#   5]+0.398*[#   8]+0.007*[#  11]+0.007*[#  12]+0.007*[#  13]
          +0.005*[#  26]+0.005*[#  27]+0.005*[#  29]+0.005*[#  30]+0.005*[#  33]
          +0.005*[#  35]
    |psi|^2 = 0.851
==== e(  31) =    19.90881 eV ==== 
     psi = 0.094*[#  10]+0.041*[#  11]+0.041*[#  12]+0.041*[#  13]+0.003*[#  26]
          +0.003*[#  27]+0.003*[#  29]+0.003*[#  30]+0.003*[#  33]+0.003*[#  35]
          +0.002*[#   1]
    |psi|^2 = 0.243
==== e(  32) =    20.26121 eV ==== 
     psi = 0.122*[#  18]+0.015*[#  25]+0.015*[#  31]+0.015*[#  34]+0.003*[#  14]
          +0.001*[#  11]+0.001*[#  12]+0.001*[#  13]
    |psi|^2 = 0.177
==== e(  33) =    20.32630 eV ==== 
     psi = 0.083*[#   5]+0.083*[#   8]+0.035*[#  11]+0.035*[#  12]+0.035*[#  13]
          +0.002*[#   2]+0.002*[#   3]+0.002*[#   4]
    |psi|^2 = 0.280
==== e(  34) =    20.32630 eV ==== 
     psi = 0.083*[#   5]+0.083*[#   8]+0.035*[#  11]+0.035*[#  12]+0.035*[#  13]
          +0.002*[#   2]+0.002*[#   3]+0.002*[#   4]
    |psi|^2 = 0.280
==== e(  35) =    21.05387 eV ==== 
     psi = 0.003*[#   5]+0.003*[#   8]
    |psi|^2 = 0.012

 k =   0.4000000000  0.4000000000  0.4000000000
==== e(   1) =   -46.74823 eV ==== 
     psi = 0.958*[#  14]+0.008*[#  25]+0.008*[#  31]+0.008*[#  34]+0.004*[#  18]
          +0.003*[#   6]+0.003*[#   7]+0.003*[#   9]+0.001*[#  11]+0.001*[#  12]
          +0.001*[#  13]
    |psi|^2 = 1.000
==== e(   2) =   -23.30235 eV ==== 
     psi = 0.325*[#  15]+0.325*[#  16]+0.325*[#  17]+0.003*[#   6]+0.003*[#   7]
          +0.003*[#   9]+0.003*[#  24]+0.003*[#  28]+0.003*[#  32]+0.001*[#  11]
          +0.001*[#  12]+0.001*[#  13]
    |psi|^2 = 1.000
==== e(   3) =   -23.30219 eV ==== 
     psi = 0.325*[#  15]+0.325*[#  16]+0.325*[#  17]+0.004*[#   6]+0.004*[#   7]
          +0.004*[#   9]+0.003*[#  24]+0.003*[#  28]+0.003*[#  32]
    |psi|^2 = 1.000
==== e(   4) =   -23.30219 eV ==== 
     psi = 0.325*[#  15]+0.325*[#  16]+0.325*[#  17]+0.004*[#   6]+0.004*[#   7]
          +0.004*[#   9]+0.003*[#  24]+0.003*[#  28]+0.003*[#  32]
    |psi|^2 = 1.000
==== e(   5) =   -15.14035 eV ==== 
     psi = 0.875*[#   1]+0.081*[#  10]+0.013*[#  11]+0.013*[#  12]+0.013*[#  13]
          
    |psi|^2 = 1.000
==== e(   6) =    -6.32712 eV ==== 
     psi = 0.266*[#  24]+0.266*[#  28]+0.266*[#  32]+0.039*[#   6]+0.039*[#   7]
          +0.039*[#   9]+0.014*[#  18]+0.010*[#  11]+0.010*[#  12]+0.010*[#  13]
          +0.006*[#  15]+0.006*[#  16]+0.006*[#  17]+0.005*[#   2]+0.005*[#   3]
          +0.005*[#   4]+0.003*[#  10]+0.002*[#  14]
    |psi|^2 = 0.999
==== e(   7) =    -6.18000 eV ==== 
     psi = 0.282*[#  24]+0.282*[#  28]+0.282*[#  32]+0.039*[#   6]+0.039*[#   7]
          +0.039*[#   9]+0.006*[#  15]+0.006*[#  16]+0.006*[#  17]+0.004*[#  19]
          +0.004*[#  22]+0.002*[#  11]+0.002*[#  12]+0.002*[#  13]+0.002*[#   2]
          +0.002*[#   3]+0.002*[#   4]
    |psi|^2 = 0.999
==== e(   8) =    -6.18000 eV ==== 
     psi = 0.282*[#  24]+0.282*[#  28]+0.282*[#  32]+0.039*[#   6]+0.039*[#   7]
          +0.039*[#   9]+0.006*[#  15]+0.006*[#  16]+0.006*[#  17]+0.004*[#  19]
          +0.004*[#  22]+0.002*[#  11]+0.002*[#  12]+0.002*[#  13]+0.002*[#   2]
          +0.002*[#   3]+0.002*[#   4]
    |psi|^2 = 0.999
==== e(   9) =    -1.01777 eV ==== 
     psi = 0.286*[#   2]+0.286*[#   3]+0.286*[#   4]+0.017*[#  26]+0.017*[#  27]
          +0.017*[#  29]+0.017*[#  30]+0.017*[#  33]+0.017*[#  35]+0.005*[#   5]
          +0.005*[#   8]+0.005*[#  20]+0.005*[#  21]+0.005*[#  23]+0.003*[#  11]
          +0.003*[#  12]+0.003*[#  13]+0.002*[#  24]+0.002*[#  28]+0.002*[#  32]
          
    |psi|^2 = 1.000
==== e(  10) =    -1.01777 eV ==== 
     psi = 0.286*[#   2]+0.286*[#   3]+0.286*[#   4]+0.017*[#  26]+0.017*[#  27]
          +0.017*[#  29]+0.017*[#  30]+0.017*[#  33]+0.017*[#  35]+0.005*[#   5]
          +0.005*[#   8]+0.005*[#  20]+0.005*[#  21]+0.005*[#  23]+0.003*[#  11]
          +0.003*[#  12]+0.003*[#  13]+0.002*[#  24]+0.002*[#  28]+0.002*[#  32]
          
    |psi|^2 = 1.000
==== e(  11) =    -0.83607 eV ==== 
     psi = 0.294*[#   2]+0.294*[#   3]+0.294*[#   4]+0.014*[#  26]+0.014*[#  27]
          +0.014*[#  29]+0.014*[#  30]+0.014*[#  33]+0.014*[#  35]+0.006*[#  24]
          +0.006*[#  28]+0.006*[#  32]+0.004*[#  10]+0.003*[#  20]+0.003*[#  21]
          +0.003*[#  23]
    |psi|^2 = 1.000
==== e(  12) =     5.18212 eV ==== 
     psi = 0.255*[#  25]+0.255*[#  31]+0.255*[#  34]+0.191*[#  18]+0.015*[#  14]
          +0.004*[#  24]+0.004*[#  28]+0.004*[#  32]+0.003*[#   6]+0.003*[#   7]
          +0.003*[#   9]
    |psi|^2 = 0.998
==== e(  13) =     5.81496 eV ==== 
     psi = 0.214*[#  25]+0.214*[#  31]+0.214*[#  34]+0.174*[#  19]+0.174*[#  22]
          +0.002*[#   6]+0.002*[#   7]+0.002*[#   9]
    |psi|^2 = 0.999
==== e(  14) =     5.81496 eV ==== 
     psi = 0.214*[#  25]+0.214*[#  31]+0.214*[#  34]+0.174*[#  19]+0.174*[#  22]
          +0.002*[#   6]+0.002*[#   7]+0.002*[#   9]
    |psi|^2 = 0.999
==== e(  15) =     6.67644 eV ==== 
     psi = 0.104*[#  26]+0.104*[#  27]+0.104*[#  29]+0.104*[#  30]+0.104*[#  33]
          +0.104*[#  35]+0.062*[#  20]+0.062*[#  21]+0.062*[#  23]+0.028*[#   2]
          +0.028*[#   3]+0.028*[#   4]+0.018*[#  11]+0.018*[#  12]+0.018*[#  13]
          +0.015*[#  10]+0.008*[#   6]+0.008*[#   7]+0.008*[#   9]+0.003*[#   1]
          +0.002*[#  25]+0.002*[#  31]+0.002*[#  34]+0.001*[#  18]
    |psi|^2 = 0.999
==== e(  16) =     6.97250 eV ==== 
     psi = 0.105*[#  26]+0.105*[#  27]+0.105*[#  29]+0.105*[#  30]+0.105*[#  33]
          +0.105*[#  35]+0.064*[#  20]+0.064*[#  21]+0.064*[#  23]+0.032*[#   2]
          +0.032*[#   3]+0.032*[#   4]+0.020*[#  11]+0.020*[#  12]+0.020*[#  13]
          +0.007*[#   5]+0.007*[#   8]+0.003*[#   6]+0.003*[#   7]+0.003*[#   9]
          
    |psi|^2 = 0.999
==== e(  17) =     6.97250 eV ==== 
     psi = 0.105*[#  26]+0.105*[#  27]+0.105*[#  29]+0.105*[#  30]+0.105*[#  33]
          +0.105*[#  35]+0.064*[#  20]+0.064*[#  21]+0.064*[#  23]+0.032*[#   2]
          +0.032*[#   3]+0.032*[#   4]+0.020*[#  11]+0.020*[#  12]+0.020*[#  13]
          +0.007*[#   5]+0.007*[#   8]+0.003*[#   6]+0.003*[#   7]+0.003*[#   9]
          
    |psi|^2 = 0.999
==== e(  18) =     9.12775 eV ==== 
     psi = 0.158*[#  26]+0.158*[#  27]+0.158*[#  29]+0.158*[#  30]+0.158*[#  33]
          +0.158*[#  35]+0.010*[#   6]+0.010*[#   7]+0.010*[#   9]+0.002*[#  24]
          +0.002*[#  28]+0.002*[#  32]+0.002*[#   5]+0.002*[#   8]
    |psi|^2 = 0.993
==== e(  19) =     9.12775 eV ==== 
     psi = 0.158*[#  26]+0.158*[#  27]+0.158*[#  29]+0.158*[#  30]+0.158*[#  33]
          +0.158*[#  35]+0.010*[#   6]+0.010*[#   7]+0.010*[#   9]+0.002*[#  24]
          +0.002*[#  28]+0.002*[#  32]+0.002*[#   5]+0.002*[#   8]
    |psi|^2 = 0.993
==== e(  20) =     9.26093 eV ==== 
     psi = 0.165*[#  26]+0.165*[#  27]+0.165*[#  29]+0.165*[#  30]+0.165*[#  33]
          +0.165*[#  35]
    |psi|^2 = 0.990
==== e(  21) =    13.10532 eV ==== 
     psi = 0.261*[#  20]+0.261*[#  21]+0.261*[#  23]+0.032*[#  26]+0.032*[#  27]
          +0.032*[#  29]+0.032*[#  30]+0.032*[#  33]+0.032*[#  35]+0.004*[#  11]
          +0.004*[#  12]+0.004*[#  13]+0.002*[#  10]
    |psi|^2 = 0.996
==== e(  22) =    13.10773 eV ==== 
     psi = 0.261*[#  20]+0.261*[#  21]+0.261*[#  23]+0.032*[#  26]+0.032*[#  27]
          +0.032*[#  29]+0.032*[#  30]+0.032*[#  33]+0.032*[#  35]+0.005*[#   5]
          +0.005*[#   8]+0.002*[#  11]+0.002*[#  12]+0.002*[#  13]
    |psi|^2 = 0.995
==== e(  23) =    13.10773 eV ==== 
     psi = 0.261*[#  20]+0.261*[#  21]+0.261*[#  23]+0.032*[#  26]+0.032*[#  27]
          +0.032*[#  29]+0.032*[#  30]+0.032*[#  33]+0.032*[#  35]+0.005*[#   5]
          +0.005*[#   8]+0.002*[#  11]+0.002*[#  12]+0.002*[#  13]
    |psi|^2 = 0.995
==== e(  24) =    16.10907 eV ==== 
     psi = 0.188*[#  19]+0.188*[#  22]+0.111*[#   6]+0.111*[#   7]+0.111*[#   9]
          +0.056*[#  25]+0.056*[#  31]+0.056*[#  34]+0.026*[#  24]+0.026*[#  28]
          +0.026*[#  32]+0.003*[#  26]+0.003*[#  27]+0.003*[#  29]+0.003*[#  30]
          +0.003*[#  33]+0.003*[#  35]+0.001*[#   5]+0.001*[#   8]+0.001*[#  15]
          +0.001*[#  16]+0.001*[#  17]+0.001*[#  20]+0.001*[#  21]+0.001*[#  23]
          
    |psi|^2 = 0.987
==== e(  25) =    16.10907 eV ==== 
     psi = 0.188*[#  19]+0.188*[#  22]+0.111*[#   6]+0.111*[#   7]+0.111*[#   9]
          +0.056*[#  25]+0.056*[#  31]+0.056*[#  34]+0.026*[#  24]+0.026*[#  28]
          +0.026*[#  32]+0.003*[#  26]+0.003*[#  27]+0.003*[#  29]+0.003*[#  30]
          +0.003*[#  33]+0.003*[#  35]+0.001*[#   5]+0.001*[#   8]+0.001*[#  15]
          +0.001*[#  16]+0.001*[#  17]+0.001*[#  20]+0.001*[#  21]+0.001*[#  23]
          
    |psi|^2 = 0.987
==== e(  26) =    16.41922 eV ==== 
     psi = 0.259*[#   6]+0.259*[#   7]+0.259*[#   9]+0.044*[#  24]+0.044*[#  28]
          +0.044*[#  32]+0.007*[#  10]+0.006*[#  14]+0.005*[#  11]+0.005*[#  12]
          +0.005*[#  13]+0.005*[#  20]+0.005*[#  21]+0.005*[#  23]+0.004*[#  25]
          +0.004*[#  31]+0.004*[#  34]+0.002*[#   2]+0.002*[#   3]+0.002*[#   4]
          +0.002*[#  18]+0.001*[#  15]+0.001*[#  16]+0.001*[#  17]
    |psi|^2 = 0.981
==== e(  27) =    16.60720 eV ==== 
     psi = 0.156*[#   6]+0.156*[#   7]+0.156*[#   9]+0.132*[#  19]+0.132*[#  22]
          +0.060*[#  25]+0.060*[#  31]+0.060*[#  34]+0.015*[#  24]+0.015*[#  28]
          +0.015*[#  32]+0.003*[#   5]+0.003*[#   8]+0.003*[#  26]+0.003*[#  27]
          +0.003*[#  29]+0.003*[#  30]+0.003*[#  33]+0.003*[#  35]+0.001*[#  20]
          +0.001*[#  21]+0.001*[#  23]
    |psi|^2 = 0.988
==== e(  28) =    16.60720 eV ==== 
     psi = 0.156*[#   6]+0.156*[#   7]+0.156*[#   9]+0.132*[#  19]+0.132*[#  22]
          +0.060*[#  25]+0.060*[#  31]+0.060*[#  34]+0.015*[#  24]+0.015*[#  28]
          +0.015*[#  32]+0.003*[#   5]+0.003*[#   8]+0.003*[#  26]+0.003*[#  27]
          +0.003*[#  29]+0.003*[#  30]+0.003*[#  33]+0.003*[#  35]+0.001*[#  20]
          +0.001*[#  21]+0.001*[#  23]
    |psi|^2 = 0.988
==== e(  29) =    18.76081 eV ==== 
     psi = 0.388*[#   5]+0.388*[#   8]+0.007*[#  26]+0.007*[#  27]+0.007*[#  29]
          +0.007*[#  30]+0.007*[#  33]+0.007*[#  35]+0.005*[#  11]+0.005*[#  12]
          +0.005*[#  13]+0.002*[#   6]+0.002*[#   7]+0.002*[#   9]
    |psi|^2 = 0.845
==== e(  30) =    18.76081 eV ==== 
     psi = 0.388*[#   5]+0.388*[#   8]+0.007*[#  26]+0.007*[#  27]+0.007*[#  29]
          +0.007*[#  30]+0.007*[#  33]+0.007*[#  35]+0.005*[#  11]+0.005*[#  12]
          +0.005*[#  13]+0.002*[#   6]+0.002*[#   7]+0.002*[#   9]
    |psi|^2 = 0.845
==== e(  31) =    19.85780 eV ==== 
     psi = 0.127*[#  10]+0.031*[#  11]+0.031*[#  12]+0.031*[#  13]+0.004*[#  26]
          +0.004*[#  27]+0.004*[#  29]+0.004*[#  30]+0.004*[#  33]+0.004*[#  35]
          +0.002*[#   1]+0.001*[#   6]+0.001*[#   7]+0.001*[#   9]
    |psi|^2 = 0.252
==== e(  32) =    20.22589 eV ==== 
     psi = 0.112*[#  18]+0.013*[#  25]+0.013*[#  31]+0.013*[#  34]+0.003*[#  14]
          +0.003*[#  11]+0.003*[#  12]+0.003*[#  13]+0.002*[#  10]+0.001*[#   6]
          +0.001*[#   7]+0.001*[#   9]
    |psi|^2 = 0.173
==== e(  33) =    20.43699 eV ==== 
     psi = 0.081*[#   5]+0.081*[#   8]+0.027*[#  11]+0.027*[#  12]+0.027*[#  13]
          +0.002*[#   2]+0.002*[#   3]+0.002*[#   4]
    |psi|^2 = 0.248
==== e(  34) =    20.43699 eV ==== 
     psi = 0.081*[#   5]+0.081*[#   8]+0.027*[#  11]+0.027*[#  12]+0.027*[#  13]
          +0.002*[#   2]+0.002*[#   3]+0.002*[#   4]
    |psi|^2 = 0.248
==== e(  35) =    21.01682 eV ==== 
     psi = 0.004*[#   5]+0.004*[#   8]
    |psi|^2 = 0.017

 k =   0.3750000000  0.3750000000  0.3750000000
==== e(   1) =   -46.74831 eV ==== 
     psi = 0.953*[#  14]+0.008*[#  25]+0.008*[#  31]+0.008*[#  34]+0.004*[#  18]
          +0.004*[#   6]+0.004*[#   7]+0.004*[#   9]+0.002*[#  11]+0.002*[#  12]
          +0.002*[#  13]
    |psi|^2 = 1.000
==== e(   2) =   -23.30061 eV ==== 
     psi = 0.326*[#  15]+0.326*[#  16]+0.326*[#  17]+0.003*[#  24]+0.003*[#  28]
          +0.003*[#  32]+0.002*[#   6]+0.002*[#   7]+0.002*[#   9]+0.002*[#  11]
          +0.002*[#  12]+0.002*[#  13]+0.001*[#  25]+0.001*[#  31]+0.001*[#  34]
          
    |psi|^2 = 1.000
==== e(   3) =   -23.30036 eV ==== 
     psi = 0.325*[#  15]+0.325*[#  16]+0.325*[#  17]+0.004*[#   6]+0.004*[#   7]
          +0.004*[#   9]+0.003*[#  24]+0.003*[#  28]+0.003*[#  32]
    |psi|^2 = 1.000
==== e(   4) =   -23.30036 eV ==== 
     psi = 0.325*[#  15]+0.325*[#  16]+0.325*[#  17]+0.004*[#   6]+0.004*[#   7]
          +0.004*[#   9]+0.003*[#  24]+0.003*[#  28]+0.003*[#  32]
    |psi|^2 = 1.000
==== e(   5) =   -15.14941 eV ==== 
     psi = 0.865*[#   1]+0.071*[#  10]+0.020*[#  11]+0.020*[#  12]+0.020*[#  13]
          
    |psi|^2 = 1.000
==== e(   6) =    -6.41110 eV ==== 
     psi = 0.259*[#  24]+0.259*[#  28]+0.259*[#  32]+0.036*[#   6]+0.036*[#   7]
          +0.036*[#   9]+0.022*[#  18]+0.015*[#  11]+0.015*[#  12]+0.015*[#  13]
          +0.007*[#   2]+0.007*[#   3]+0.007*[#   4]+0.006*[#  10]+0.005*[#  15]
          +0.005*[#  16]+0.005*[#  17]+0.003*[#  14]+0.002*[#   1]
    |psi|^2 = 0.999
==== e(   7) =    -6.19553 eV ==== 
     psi = 0.283*[#  24]+0.283*[#  28]+0.283*[#  32]+0.035*[#   6]+0.035*[#   7]
          +0.035*[#   9]+0.006*[#  19]+0.006*[#  22]+0.005*[#  15]+0.005*[#  16]
          +0.005*[#  17]+0.003*[#  11]+0.003*[#  12]+0.003*[#  13]+0.002*[#   2]
          +0.002*[#   3]+0.002*[#   4]+0.002*[#   5]+0.002*[#   8]
    |psi|^2 = 0.999
==== e(   8) =    -6.19553 eV ==== 
     psi = 0.283*[#  24]+0.283*[#  28]+0.283*[#  32]+0.035*[#   6]+0.035*[#   7]
          +0.035*[#   9]+0.006*[#  19]+0.006*[#  22]+0.005*[#  15]+0.005*[#  16]
          +0.005*[#  17]+0.003*[#  11]+0.003*[#  12]+0.003*[#  13]+0.002*[#   2]
          +0.002*[#   3]+0.002*[#   4]+0.002*[#   5]+0.002*[#   8]
    |psi|^2 = 0.999
==== e(   9) =    -0.95776 eV ==== 
     psi = 0.287*[#   2]+0.287*[#   3]+0.287*[#   4]+0.016*[#  26]+0.016*[#  27]
          +0.016*[#  29]+0.016*[#  30]+0.016*[#  33]+0.016*[#  35]+0.007*[#   5]
          +0.007*[#   8]+0.004*[#  20]+0.004*[#  21]+0.004*[#  23]+0.004*[#  11]
          +0.004*[#  12]+0.004*[#  13]+0.003*[#  24]+0.003*[#  28]+0.003*[#  32]
          
    |psi|^2 = 1.000
==== e(  10) =    -0.95776 eV ==== 
     psi = 0.287*[#   2]+0.287*[#   3]+0.287*[#   4]+0.016*[#  26]+0.016*[#  27]
          +0.016*[#  29]+0.016*[#  30]+0.016*[#  33]+0.016*[#  35]+0.007*[#   5]
          +0.007*[#   8]+0.004*[#  20]+0.004*[#  21]+0.004*[#  23]+0.004*[#  11]
          +0.004*[#  12]+0.004*[#  13]+0.003*[#  24]+0.003*[#  28]+0.003*[#  32]
          
    |psi|^2 = 1.000
==== e(  11) =    -0.69491 eV ==== 
     psi = 0.297*[#   2]+0.297*[#   3]+0.297*[#   4]+0.011*[#  26]+0.011*[#  27]
          +0.011*[#  29]+0.011*[#  30]+0.011*[#  33]+0.011*[#  35]+0.009*[#  24]
          +0.009*[#  28]+0.009*[#  32]+0.006*[#  10]+0.002*[#  20]+0.002*[#  21]
          +0.002*[#  23]
    |psi|^2 = 1.000
==== e(  12) =     5.29262 eV ==== 
     psi = 0.252*[#  25]+0.252*[#  31]+0.252*[#  34]+0.175*[#  18]+0.014*[#  14]
          +0.005*[#   6]+0.005*[#   7]+0.005*[#   9]+0.005*[#  24]+0.005*[#  28]
          +0.005*[#  32]+0.002*[#  26]+0.002*[#  27]+0.002*[#  29]+0.002*[#  30]
          +0.002*[#  33]+0.002*[#  35]
    |psi|^2 = 0.997
==== e(  13) =     5.88736 eV ==== 
     psi = 0.216*[#  25]+0.216*[#  31]+0.216*[#  34]+0.168*[#  19]+0.168*[#  22]
          +0.002*[#   6]+0.002*[#   7]+0.002*[#   9]
    |psi|^2 = 0.998
==== e(  14) =     5.88736 eV ==== 
     psi = 0.216*[#  25]+0.216*[#  31]+0.216*[#  34]+0.168*[#  19]+0.168*[#  22]
          +0.002*[#   6]+0.002*[#   7]+0.002*[#   9]
    |psi|^2 = 0.998
==== e(  15) =     6.56522 eV ==== 
     psi = 0.103*[#  26]+0.103*[#  27]+0.103*[#  29]+0.103*[#  30]+0.103*[#  33]
          +0.103*[#  35]+0.060*[#  20]+0.060*[#  21]+0.060*[#  23]+0.024*[#   2]
          +0.024*[#   3]+0.024*[#   4]+0.022*[#  10]+0.016*[#  11]+0.016*[#  12]
          +0.016*[#  13]+0.010*[#   6]+0.010*[#   7]+0.010*[#   9]+0.006*[#  25]
          +0.006*[#  31]+0.006*[#  34]+0.005*[#   1]+0.004*[#  18]
    |psi|^2 = 0.998
==== e(  16) =     6.97014 eV ==== 
     psi = 0.106*[#  26]+0.106*[#  27]+0.106*[#  29]+0.106*[#  30]+0.106*[#  33]
          +0.106*[#  35]+0.062*[#  20]+0.062*[#  21]+0.062*[#  23]+0.031*[#   2]
          +0.031*[#   3]+0.031*[#   4]+0.017*[#  11]+0.017*[#  12]+0.017*[#  13]
          +0.010*[#   5]+0.010*[#   8]+0.004*[#   6]+0.004*[#   7]+0.004*[#   9]
          
    |psi|^2 = 0.998
==== e(  17) =     6.97014 eV ==== 
     psi = 0.106*[#  26]+0.106*[#  27]+0.106*[#  29]+0.106*[#  30]+0.106*[#  33]
          +0.106*[#  35]+0.062*[#  20]+0.062*[#  21]+0.062*[#  23]+0.031*[#   2]
          +0.031*[#   3]+0.031*[#   4]+0.017*[#  11]+0.017*[#  12]+0.017*[#  13]
          +0.010*[#   5]+0.010*[#   8]+0.004*[#   6]+0.004*[#   7]+0.004*[#   9]
          
    |psi|^2 = 0.998
==== e(  18) =     9.02416 eV ==== 
     psi = 0.155*[#  26]+0.155*[#  27]+0.155*[#  29]+0.155*[#  30]+0.155*[#  33]
          +0.155*[#  35]+0.013*[#   6]+0.013*[#   7]+0.013*[#   9]+0.002*[#  24]
          +0.002*[#  28]+0.002*[#  32]+0.002*[#   5]+0.002*[#   8]+0.001*[#  11]
          +0.001*[#  12]+0.001*[#  13]
    |psi|^2 = 0.993
==== e(  19) =     9.02416 eV ==== 
     psi = 0.155*[#  26]+0.155*[#  27]+0.155*[#  29]+0.155*[#  30]+0.155*[#  33]
          +0.155*[#  35]+0.013*[#   6]+0.013*[#   7]+0.013*[#   9]+0.002*[#  24]
          +0.002*[#  28]+0.002*[#  32]+0.002*[#   5]+0.002*[#   8]+0.001*[#  11]
          +0.001*[#  12]+0.001*[#  13]
    |psi|^2 = 0.993
==== e(  20) =     9.20284 eV ==== 
     psi = 0.165*[#  26]+0.165*[#  27]+0.165*[#  29]+0.165*[#  30]+0.165*[#  33]
          +0.165*[#  35]
    |psi|^2 = 0.989
==== e(  21) =    13.01293 eV ==== 
     psi = 0.262*[#  20]+0.262*[#  21]+0.262*[#  23]+0.031*[#  26]+0.031*[#  27]
          +0.031*[#  29]+0.031*[#  30]+0.031*[#  33]+0.031*[#  35]+0.004*[#  11]
          +0.004*[#  12]+0.004*[#  13]+0.002*[#  10]
    |psi|^2 = 0.995
==== e(  22) =    13.01522 eV ==== 
     psi = 0.261*[#  20]+0.261*[#  21]+0.261*[#  23]+0.031*[#  26]+0.031*[#  27]
          +0.031*[#  29]+0.031*[#  30]+0.031*[#  33]+0.031*[#  35]+0.008*[#   5]
          +0.008*[#   8]+0.001*[#  11]+0.001*[#  12]+0.001*[#  13]
    |psi|^2 = 0.995
==== e(  23) =    13.01522 eV ==== 
     psi = 0.261*[#  20]+0.261*[#  21]+0.261*[#  23]+0.031*[#  26]+0.031*[#  27]
          +0.031*[#  29]+0.031*[#  30]+0.031*[#  33]+0.031*[#  35]+0.008*[#   5]
          +0.008*[#   8]+0.001*[#  11]+0.001*[#  12]+0.001*[#  13]
    |psi|^2 = 0.995
==== e(  24) =    16.01537 eV ==== 
     psi = 0.267*[#  19]+0.267*[#  22]+0.082*[#  25]+0.082*[#  31]+0.082*[#  34]
          +0.047*[#   6]+0.047*[#   7]+0.047*[#   9]+0.017*[#  24]+0.017*[#  28]
          +0.017*[#  32]+0.002*[#  26]+0.002*[#  27]+0.002*[#  29]+0.002*[#  30]
          +0.002*[#  33]+0.002*[#  35]+0.001*[#   5]+0.001*[#   8]
    |psi|^2 = 0.990
==== e(  25) =    16.01537 eV ==== 
     psi = 0.267*[#  19]+0.267*[#  22]+0.082*[#  25]+0.082*[#  31]+0.082*[#  34]
          +0.047*[#   6]+0.047*[#   7]+0.047*[#   9]+0.017*[#  24]+0.017*[#  28]
          +0.017*[#  32]+0.002*[#  26]+0.002*[#  27]+0.002*[#  29]+0.002*[#  30]
          +0.002*[#  33]+0.002*[#  35]+0.001*[#   5]+0.001*[#   8]
    |psi|^2 = 0.990
==== e(  26) =    16.62600 eV ==== 
     psi = 0.251*[#   6]+0.251*[#   7]+0.251*[#   9]+0.043*[#  24]+0.043*[#  28]
          +0.043*[#  32]+0.017*[#  10]+0.008*[#  14]+0.007*[#  11]+0.007*[#  12]
          +0.007*[#  13]+0.007*[#  25]+0.007*[#  31]+0.007*[#  34]+0.006*[#  20]
          +0.006*[#  21]+0.006*[#  23]+0.003*[#   2]+0.003*[#   3]+0.003*[#   4]
          +0.002*[#  18]+0.001*[#  15]+0.001*[#  16]+0.001*[#  17]
    |psi|^2 = 0.981
==== e(  27) =    16.73846 eV ==== 
     psi = 0.213*[#   6]+0.213*[#   7]+0.213*[#   9]+0.057*[#  19]+0.057*[#  22]
          +0.032*[#  25]+0.032*[#  31]+0.032*[#  34]+0.022*[#  24]+0.022*[#  28]
          +0.022*[#  32]+0.012*[#   5]+0.012*[#   8]+0.005*[#  26]+0.005*[#  27]
          +0.005*[#  29]+0.005*[#  30]+0.005*[#  33]+0.005*[#  35]+0.002*[#  20]
          +0.002*[#  21]+0.002*[#  23]+0.001*[#  11]+0.001*[#  12]+0.001*[#  13]
          
    |psi|^2 = 0.984
==== e(  28) =    16.73846 eV ==== 
     psi = 0.213*[#   6]+0.213*[#   7]+0.213*[#   9]+0.057*[#  19]+0.057*[#  22]
          +0.032*[#  25]+0.032*[#  31]+0.032*[#  34]+0.022*[#  24]+0.022*[#  28]
          +0.022*[#  32]+0.012*[#   5]+0.012*[#   8]+0.005*[#  26]+0.005*[#  27]
          +0.005*[#  29]+0.005*[#  30]+0.005*[#  33]+0.005*[#  35]+0.002*[#  20]
          +0.002*[#  21]+0.002*[#  23]+0.001*[#  11]+0.001*[#  12]+0.001*[#  13]
          
    |psi|^2 = 0.984
==== e(  29) =    18.51853 eV ==== 
     psi = 0.376*[#   5]+0.376*[#   8]+0.010*[#  26]+0.010*[#  27]+0.010*[#  29]
          +0.010*[#  30]+0.010*[#  33]+0.010*[#  35]+0.007*[#   6]+0.007*[#   7]
          +0.007*[#   9]+0.003*[#  11]+0.003*[#  12]+0.003*[#  13]
    |psi|^2 = 0.848
==== e(  30) =    18.51853 eV ==== 
     psi = 0.376*[#   5]+0.376*[#   8]+0.010*[#  26]+0.010*[#  27]+0.010*[#  29]
          +0.010*[#  30]+0.010*[#  33]+0.010*[#  35]+0.007*[#   6]+0.007*[#   7]
          +0.007*[#   9]+0.003*[#  11]+0.003*[#  12]+0.003*[#  13]
    |psi|^2 = 0.848
==== e(  31) =    19.82116 eV ==== 
     psi = 0.147*[#  10]+0.023*[#  11]+0.023*[#  12]+0.023*[#  13]+0.004*[#  26]
          +0.004*[#  27]+0.004*[#  29]+0.004*[#  30]+0.004*[#  33]+0.004*[#  35]
          +0.003*[#   1]+0.002*[#   6]+0.002*[#   7]+0.002*[#   9]
    |psi|^2 = 0.253
==== e(  32) =    20.19079 eV ==== 
     psi = 0.099*[#  18]+0.012*[#  25]+0.012*[#  31]+0.012*[#  34]+0.007*[#  10]
          +0.004*[#  11]+0.004*[#  12]+0.004*[#  13]+0.003*[#  14]+0.002*[#   6]
          +0.002*[#   7]+0.002*[#   9]
    |psi|^2 = 0.170
==== e(  33) =    20.52928 eV ==== 
     psi = 0.072*[#   5]+0.072*[#   8]+0.019*[#  11]+0.019*[#  12]+0.019*[#  13]
          +0.001*[#   2]+0.001*[#   3]+0.001*[#   4]
    |psi|^2 = 0.208
==== e(  34) =    20.52928 eV ==== 
     psi = 0.072*[#   5]+0.072*[#   8]+0.019*[#  11]+0.019*[#  12]+0.019*[#  13]
          +0.001*[#   2]+0.001*[#   3]+0.001*[#   4]
    |psi|^2 = 0.208
==== e(  35) =    20.96786 eV ==== 
     psi = 0.005*[#   5]+0.005*[#   8]+0.001*[#   6]+0.001*[#   7]+0.001*[#   9]
          
    |psi|^2 = 0.024

 k =   0.3500000000  0.3500000000  0.3500000000
==== e(   1) =   -46.74842 eV ==== 
     psi = 0.947*[#  14]+0.007*[#  25]+0.007*[#  31]+0.007*[#  34]+0.005*[#  18]
          +0.005*[#   6]+0.005*[#   7]+0.005*[#   9]+0.004*[#  11]+0.004*[#  12]
          +0.004*[#  13]
    |psi|^2 = 1.000
==== e(   2) =   -23.29856 eV ==== 
     psi = 0.326*[#  15]+0.326*[#  16]+0.326*[#  17]+0.002*[#  24]+0.002*[#  28]
          +0.002*[#  32]+0.002*[#  11]+0.002*[#  12]+0.002*[#  13]+0.001*[#  25]
          +0.001*[#  31]+0.001*[#  34]+0.001*[#   6]+0.001*[#   7]+0.001*[#   9]
          
    |psi|^2 = 1.000
==== e(   3) =   -23.29822 eV ==== 
     psi = 0.325*[#  15]+0.325*[#  16]+0.325*[#  17]+0.003*[#   6]+0.003*[#   7]
          +0.003*[#   9]+0.003*[#  24]+0.003*[#  28]+0.003*[#  32]+0.001*[#  25]
          +0.001*[#  31]+0.001*[#  34]
    |psi|^2 = 1.000
==== e(   4) =   -23.29822 eV ==== 
     psi = 0.325*[#  15]+0.325*[#  16]+0.325*[#  17]+0.003*[#   6]+0.003*[#   7]
          +0.003*[#   9]+0.003*[#  24]+0.003*[#  28]+0.003*[#  32]+0.001*[#  25]
          +0.001*[#  31]+0.001*[#  34]
    |psi|^2 = 1.000
==== e(   5) =   -15.16024 eV ==== 
     psi = 0.855*[#   1]+0.060*[#  10]+0.027*[#  11]+0.027*[#  12]+0.027*[#  13]
          
    |psi|^2 = 1.000
==== e(   6) =    -6.50077 eV ==== 
     psi = 0.252*[#  24]+0.252*[#  28]+0.252*[#  32]+0.031*[#   6]+0.031*[#   7]
          +0.031*[#   9]+0.031*[#  18]+0.021*[#  11]+0.021*[#  12]+0.021*[#  13]
          +0.011*[#  10]+0.008*[#   2]+0.008*[#   3]+0.008*[#   4]+0.005*[#  15]
          +0.005*[#  16]+0.005*[#  17]+0.004*[#  14]+0.003*[#   1]
    |psi|^2 = 0.999
==== e(   7) =    -6.21260 eV ==== 
     psi = 0.284*[#  24]+0.284*[#  28]+0.284*[#  32]+0.030*[#   6]+0.030*[#   7]
          +0.030*[#   9]+0.008*[#  19]+0.008*[#  22]+0.005*[#  15]+0.005*[#  16]
          +0.005*[#  17]+0.003*[#  11]+0.003*[#  12]+0.003*[#  13]+0.003*[#   5]
          +0.003*[#   8]+0.003*[#   2]+0.003*[#   3]+0.003*[#   4]
    |psi|^2 = 0.999
==== e(   8) =    -6.21260 eV ==== 
     psi = 0.284*[#  24]+0.284*[#  28]+0.284*[#  32]+0.030*[#   6]+0.030*[#   7]
          +0.030*[#   9]+0.008*[#  19]+0.008*[#  22]+0.005*[#  15]+0.005*[#  16]
          +0.005*[#  17]+0.003*[#  11]+0.003*[#  12]+0.003*[#  13]+0.003*[#   5]
          +0.003*[#   8]+0.003*[#   2]+0.003*[#   3]+0.003*[#   4]
    |psi|^2 = 0.999
==== e(   9) =    -0.89121 eV ==== 
     psi = 0.287*[#   2]+0.287*[#   3]+0.287*[#   4]+0.014*[#  26]+0.014*[#  27]
          +0.014*[#  29]+0.014*[#  30]+0.014*[#  33]+0.014*[#  35]+0.009*[#   5]
          +0.009*[#   8]+0.004*[#  11]+0.004*[#  12]+0.004*[#  13]+0.004*[#  20]
          +0.004*[#  21]+0.004*[#  23]+0.003*[#  24]+0.003*[#  28]+0.003*[#  32]
          
    |psi|^2 = 1.000
==== e(  10) =    -0.89121 eV ==== 
     psi = 0.287*[#   2]+0.287*[#   3]+0.287*[#   4]+0.014*[#  26]+0.014*[#  27]
          +0.014*[#  29]+0.014*[#  30]+0.014*[#  33]+0.014*[#  35]+0.009*[#   5]
          +0.009*[#   8]+0.004*[#  11]+0.004*[#  12]+0.004*[#  13]+0.004*[#  20]
          +0.004*[#  21]+0.004*[#  23]+0.003*[#  24]+0.003*[#  28]+0.003*[#  32]
          
    |psi|^2 = 1.000
==== e(  11) =    -0.54731 eV ==== 
     psi = 0.301*[#   2]+0.301*[#   3]+0.301*[#   4]+0.011*[#  24]+0.011*[#  28]
          +0.011*[#  32]+0.008*[#  26]+0.008*[#  27]+0.008*[#  29]+0.008*[#  30]
          +0.008*[#  33]+0.008*[#  35]+0.008*[#  10]+0.002*[#  20]+0.002*[#  21]
          +0.002*[#  23]
    |psi|^2 = 1.000
==== e(  12) =     5.40620 eV ==== 
     psi = 0.244*[#  25]+0.244*[#  31]+0.244*[#  34]+0.153*[#  18]+0.013*[#  14]
          +0.008*[#   6]+0.008*[#   7]+0.008*[#   9]+0.007*[#  26]+0.007*[#  27]
          +0.007*[#  29]+0.007*[#  30]+0.007*[#  33]+0.007*[#  35]+0.006*[#  24]
          +0.006*[#  28]+0.006*[#  32]+0.002*[#  20]+0.002*[#  21]+0.002*[#  23]
          +0.002*[#  10]+0.001*[#  15]+0.001*[#  16]+0.001*[#  17]
    |psi|^2 = 0.997
==== e(  13) =     5.97269 eV ==== 
     psi = 0.219*[#  25]+0.219*[#  31]+0.219*[#  34]+0.160*[#  19]+0.160*[#  22]
          +0.003*[#   6]+0.003*[#   7]+0.003*[#   9]+0.001*[#  15]+0.001*[#  16]
          +0.001*[#  17]
    |psi|^2 = 0.998
==== e(  14) =     5.97269 eV ==== 
     psi = 0.219*[#  25]+0.219*[#  31]+0.219*[#  34]+0.160*[#  19]+0.160*[#  22]
          +0.003*[#   6]+0.003*[#   7]+0.003*[#   9]+0.001*[#  15]+0.001*[#  16]
          +0.001*[#  17]
    |psi|^2 = 0.998
==== e(  15) =     6.48597 eV ==== 
     psi = 0.100*[#  26]+0.100*[#  27]+0.100*[#  29]+0.100*[#  30]+0.100*[#  33]
          +0.100*[#  35]+0.057*[#  20]+0.057*[#  21]+0.057*[#  23]+0.028*[#  10]
          +0.019*[#   2]+0.019*[#   3]+0.019*[#   4]+0.017*[#  25]+0.017*[#  31]
          +0.017*[#  34]+0.014*[#  11]+0.014*[#  12]+0.014*[#  13]+0.010*[#   6]
          +0.010*[#   7]+0.010*[#   9]+0.009*[#  18]+0.006*[#   1]
    |psi|^2 = 0.998
==== e(  16) =     6.97185 eV ==== 
     psi = 0.107*[#  26]+0.107*[#  27]+0.107*[#  29]+0.107*[#  30]+0.107*[#  33]
          +0.107*[#  35]+0.060*[#  20]+0.060*[#  21]+0.060*[#  23]+0.029*[#   2]
          +0.029*[#   3]+0.029*[#   4]+0.015*[#  11]+0.015*[#  12]+0.015*[#  13]
          +0.014*[#   5]+0.014*[#   8]+0.006*[#   6]+0.006*[#   7]+0.006*[#   9]
          
    |psi|^2 = 0.998
==== e(  17) =     6.97185 eV ==== 
     psi = 0.107*[#  26]+0.107*[#  27]+0.107*[#  29]+0.107*[#  30]+0.107*[#  33]
          +0.107*[#  35]+0.060*[#  20]+0.060*[#  21]+0.060*[#  23]+0.029*[#   2]
          +0.029*[#   3]+0.029*[#   4]+0.015*[#  11]+0.015*[#  12]+0.015*[#  13]
          +0.014*[#   5]+0.014*[#   8]+0.006*[#   6]+0.006*[#   7]+0.006*[#   9]
          
    |psi|^2 = 0.998
==== e(  18) =     8.92290 eV ==== 
     psi = 0.152*[#  26]+0.152*[#  27]+0.152*[#  29]+0.152*[#  30]+0.152*[#  33]
          +0.152*[#  35]+0.015*[#   6]+0.015*[#   7]+0.015*[#   9]+0.003*[#  24]
          +0.003*[#  28]+0.003*[#  32]+0.003*[#   5]+0.003*[#   8]+0.002*[#  11]
          +0.002*[#  12]+0.002*[#  13]+0.002*[#  19]+0.002*[#  22]+0.002*[#  25]
          +0.002*[#  31]+0.002*[#  34]+0.001*[#   2]+0.001*[#   3]+0.001*[#   4]
          
    |psi|^2 = 0.993
==== e(  19) =     8.92290 eV ==== 
     psi = 0.152*[#  26]+0.152*[#  27]+0.152*[#  29]+0.152*[#  30]+0.152*[#  33]
          +0.152*[#  35]+0.015*[#   6]+0.015*[#   7]+0.015*[#   9]+0.003*[#  24]
          +0.003*[#  28]+0.003*[#  32]+0.003*[#   5]+0.003*[#   8]+0.002*[#  11]
          +0.002*[#  12]+0.002*[#  13]+0.002*[#  19]+0.002*[#  22]+0.002*[#  25]
          +0.002*[#  31]+0.002*[#  34]+0.001*[#   2]+0.001*[#   3]+0.001*[#   4]
          
    |psi|^2 = 0.993
==== e(  20) =     9.13576 eV ==== 
     psi = 0.165*[#  26]+0.165*[#  27]+0.165*[#  29]+0.165*[#  30]+0.165*[#  33]
          +0.165*[#  35]
    |psi|^2 = 0.988
==== e(  21) =    12.90346 eV ==== 
     psi = 0.264*[#  20]+0.264*[#  21]+0.264*[#  23]+0.029*[#  26]+0.029*[#  27]
          +0.029*[#  29]+0.029*[#  30]+0.029*[#  33]+0.029*[#  35]+0.004*[#  11]
          +0.004*[#  12]+0.004*[#  13]+0.003*[#  10]+0.001*[#  24]+0.001*[#  28]
          +0.001*[#  32]
    |psi|^2 = 0.994
==== e(  22) =    12.90589 eV ==== 
     psi = 0.261*[#  20]+0.261*[#  21]+0.261*[#  23]+0.030*[#  26]+0.030*[#  27]
          +0.030*[#  29]+0.030*[#  30]+0.030*[#  33]+0.030*[#  35]+0.010*[#   5]
          +0.010*[#   8]+0.001*[#   6]+0.001*[#   7]+0.001*[#   9]+0.001*[#  11]
          +0.001*[#  12]+0.001*[#  13]
    |psi|^2 = 0.994
==== e(  23) =    12.90589 eV ==== 
     psi = 0.261*[#  20]+0.261*[#  21]+0.261*[#  23]+0.030*[#  26]+0.030*[#  27]
          +0.030*[#  29]+0.030*[#  30]+0.030*[#  33]+0.030*[#  35]+0.010*[#   5]
          +0.010*[#   8]+0.001*[#   6]+0.001*[#   7]+0.001*[#   9]+0.001*[#  11]
          +0.001*[#  12]+0.001*[#  13]
    |psi|^2 = 0.994
==== e(  24) =    15.85595 eV ==== 
     psi = 0.300*[#  19]+0.300*[#  22]+0.090*[#  25]+0.090*[#  31]+0.090*[#  34]
          +0.022*[#   6]+0.022*[#   7]+0.022*[#   9]+0.013*[#  24]+0.013*[#  28]
          +0.013*[#  32]+0.002*[#  26]+0.002*[#  27]+0.002*[#  29]+0.002*[#  30]
          +0.002*[#  33]+0.002*[#  35]
    |psi|^2 = 0.991
==== e(  25) =    15.85595 eV ==== 
     psi = 0.300*[#  19]+0.300*[#  22]+0.090*[#  25]+0.090*[#  31]+0.090*[#  34]
          +0.022*[#   6]+0.022*[#   7]+0.022*[#   9]+0.013*[#  24]+0.013*[#  28]
          +0.013*[#  32]+0.002*[#  26]+0.002*[#  27]+0.002*[#  29]+0.002*[#  30]
          +0.002*[#  33]+0.002*[#  35]
    |psi|^2 = 0.991
==== e(  26) =    16.82171 eV ==== 
     psi = 0.242*[#   6]+0.242*[#   7]+0.242*[#   9]+0.043*[#  24]+0.043*[#  28]
          +0.043*[#  32]+0.032*[#  10]+0.010*[#  14]+0.009*[#  11]+0.009*[#  12]
          +0.009*[#  13]+0.009*[#  25]+0.009*[#  31]+0.009*[#  34]+0.005*[#  20]
          +0.005*[#  21]+0.005*[#  23]+0.003*[#   2]+0.003*[#   3]+0.003*[#   4]
          +0.001*[#  18]
    |psi|^2 = 0.983
==== e(  27) =    16.89204 eV ==== 
     psi = 0.223*[#   6]+0.223*[#   7]+0.223*[#   9]+0.037*[#   5]+0.037*[#   8]
          +0.027*[#  19]+0.027*[#  22]+0.022*[#  24]+0.022*[#  28]+0.022*[#  32]
          +0.019*[#  25]+0.019*[#  31]+0.019*[#  34]+0.007*[#  26]+0.007*[#  27]
          +0.007*[#  29]+0.007*[#  30]+0.007*[#  33]+0.007*[#  35]+0.004*[#  20]
          +0.004*[#  21]+0.004*[#  23]+0.001*[#  11]+0.001*[#  12]+0.001*[#  13]
          +0.001*[#   2]+0.001*[#   3]+0.001*[#   4]
    |psi|^2 = 0.981
==== e(  28) =    16.89204 eV ==== 
     psi = 0.223*[#   6]+0.223*[#   7]+0.223*[#   9]+0.037*[#   5]+0.037*[#   8]
          +0.027*[#  19]+0.027*[#  22]+0.022*[#  24]+0.022*[#  28]+0.022*[#  32]
          +0.019*[#  25]+0.019*[#  31]+0.019*[#  34]+0.007*[#  26]+0.007*[#  27]
          +0.007*[#  29]+0.007*[#  30]+0.007*[#  33]+0.007*[#  35]+0.004*[#  20]
          +0.004*[#  21]+0.004*[#  23]+0.001*[#  11]+0.001*[#  12]+0.001*[#  13]
          +0.001*[#   2]+0.001*[#   3]+0.001*[#   4]
    |psi|^2 = 0.981
==== e(  29) =    18.29555 eV ==== 
     psi = 0.352*[#   5]+0.352*[#   8]+0.021*[#   6]+0.021*[#   7]+0.021*[#   9]
          +0.013*[#  26]+0.013*[#  27]+0.013*[#  29]+0.013*[#  30]+0.013*[#  33]
          +0.013*[#  35]+0.001*[#  11]+0.001*[#  12]+0.001*[#  13]
    |psi|^2 = 0.858
==== e(  30) =    18.29555 eV ==== 
     psi = 0.352*[#   5]+0.352*[#   8]+0.021*[#   6]+0.021*[#   7]+0.021*[#   9]
          +0.013*[#  26]+0.013*[#  27]+0.013*[#  29]+0.013*[#  30]+0.013*[#  33]
          +0.013*[#  35]+0.001*[#  11]+0.001*[#  12]+0.001*[#  13]
    |psi|^2 = 0.858
==== e(  31) =    19.80752 eV ==== 
     psi = 0.152*[#  10]+0.017*[#  11]+0.017*[#  12]+0.017*[#  13]+0.004*[#  26]
          +0.004*[#  27]+0.004*[#  29]+0.004*[#  30]+0.004*[#  33]+0.004*[#  35]
          +0.004*[#   6]+0.004*[#   7]+0.004*[#   9]+0.002*[#   1]
    |psi|^2 = 0.246
==== e(  32) =    20.16005 eV ==== 
     psi = 0.084*[#  18]+0.015*[#  10]+0.010*[#  25]+0.010*[#  31]+0.010*[#  34]
          +0.006*[#  11]+0.006*[#  12]+0.006*[#  13]+0.004*[#   6]+0.004*[#   7]
          +0.004*[#   9]+0.003*[#  14]+0.001*[#  26]+0.001*[#  27]+0.001*[#  29]
          +0.001*[#  30]+0.001*[#  33]+0.001*[#  35]
    |psi|^2 = 0.172
==== e(  33) =    20.60305 eV ==== 
     psi = 0.061*[#   5]+0.061*[#   8]+0.012*[#  11]+0.012*[#  12]+0.012*[#  13]
          +0.001*[#   2]+0.001*[#   3]+0.001*[#   4]
    |psi|^2 = 0.167
==== e(  34) =    20.60305 eV ==== 
     psi = 0.061*[#   5]+0.061*[#   8]+0.012*[#  11]+0.012*[#  12]+0.012*[#  13]
          +0.001*[#   2]+0.001*[#   3]+0.001*[#   4]
    |psi|^2 = 0.167
==== e(  35) =    20.90664 eV ==== 
     psi = 0.006*[#   5]+0.006*[#   8]+0.003*[#  11]+0.003*[#  12]+0.003*[#  13]
          +0.002*[#   6]+0.002*[#   7]+0.002*[#   9]
    |psi|^2 = 0.032

 k =   0.3250000000  0.3250000000  0.3250000000
==== e(   1) =   -46.74853 eV ==== 
     psi = 0.942*[#  14]+0.006*[#  25]+0.006*[#  31]+0.006*[#  34]+0.006*[#  11]
          +0.006*[#  12]+0.006*[#  13]+0.006*[#  18]+0.005*[#   6]+0.005*[#   7]
          +0.005*[#   9]
    |psi|^2 = 1.000
==== e(   2) =   -23.29625 eV ==== 
     psi = 0.326*[#  15]+0.326*[#  16]+0.326*[#  17]+0.002*[#  24]+0.002*[#  28]
          +0.002*[#  32]+0.002*[#  11]+0.002*[#  12]+0.002*[#  13]+0.002*[#  25]
          +0.002*[#  31]+0.002*[#  34]+0.001*[#  10]
    |psi|^2 = 1.000
==== e(   3) =   -23.29581 eV ==== 
     psi = 0.326*[#  15]+0.326*[#  16]+0.326*[#  17]+0.003*[#   6]+0.003*[#   7]
          +0.003*[#   9]+0.002*[#  24]+0.002*[#  28]+0.002*[#  32]+0.002*[#  25]
          +0.002*[#  31]+0.002*[#  34]
    |psi|^2 = 1.000
==== e(   4) =   -23.29581 eV ==== 
     psi = 0.326*[#  15]+0.326*[#  16]+0.326*[#  17]+0.003*[#   6]+0.003*[#   7]
          +0.003*[#   9]+0.002*[#  24]+0.002*[#  28]+0.002*[#  32]+0.002*[#  25]
          +0.002*[#  31]+0.002*[#  34]
    |psi|^2 = 1.000
==== e(   5) =   -15.17269 eV ==== 
     psi = 0.845*[#   1]+0.048*[#  10]+0.033*[#  11]+0.033*[#  12]+0.033*[#  13]
          
    |psi|^2 = 1.000
==== e(   6) =    -6.59135 eV ==== 
     psi = 0.245*[#  24]+0.245*[#  28]+0.245*[#  32]+0.040*[#  18]+0.027*[#   6]
          +0.027*[#   7]+0.027*[#   9]+0.026*[#  11]+0.026*[#  12]+0.026*[#  13]
          +0.018*[#  10]+0.008*[#   2]+0.008*[#   3]+0.008*[#   4]+0.005*[#   1]
          +0.005*[#  14]+0.004*[#  15]+0.004*[#  16]+0.004*[#  17]
    |psi|^2 = 0.999
==== e(   7) =    -6.23035 eV ==== 
     psi = 0.286*[#  24]+0.286*[#  28]+0.286*[#  32]+0.025*[#   6]+0.025*[#   7]
          +0.025*[#   9]+0.010*[#  19]+0.010*[#  22]+0.005*[#   5]+0.005*[#   8]
          +0.004*[#  15]+0.004*[#  16]+0.004*[#  17]+0.004*[#  11]+0.004*[#  12]
          +0.004*[#  13]+0.003*[#   2]+0.003*[#   3]+0.003*[#   4]
    |psi|^2 = 0.999
==== e(   8) =    -6.23035 eV ==== 
     psi = 0.286*[#  24]+0.286*[#  28]+0.286*[#  32]+0.025*[#   6]+0.025*[#   7]
          +0.025*[#   9]+0.010*[#  19]+0.010*[#  22]+0.005*[#   5]+0.005*[#   8]
          +0.004*[#  15]+0.004*[#  16]+0.004*[#  17]+0.004*[#  11]+0.004*[#  12]
          +0.004*[#  13]+0.003*[#   2]+0.003*[#   3]+0.003*[#   4]
    |psi|^2 = 0.999
==== e(   9) =    -0.82160 eV ==== 
     psi = 0.288*[#   2]+0.288*[#   3]+0.288*[#   4]+0.013*[#  26]+0.013*[#  27]
          +0.013*[#  29]+0.013*[#  30]+0.013*[#  33]+0.013*[#  35]+0.010*[#   5]
          +0.010*[#   8]+0.004*[#  11]+0.004*[#  12]+0.004*[#  13]+0.004*[#  24]
          +0.004*[#  28]+0.004*[#  32]+0.003*[#  20]+0.003*[#  21]+0.003*[#  23]
          
    |psi|^2 = 1.000
==== e(  10) =    -0.82160 eV ==== 
     psi = 0.288*[#   2]+0.288*[#   3]+0.288*[#   4]+0.013*[#  26]+0.013*[#  27]
          +0.013*[#  29]+0.013*[#  30]+0.013*[#  33]+0.013*[#  35]+0.010*[#   5]
          +0.010*[#   8]+0.004*[#  11]+0.004*[#  12]+0.004*[#  13]+0.004*[#  24]
          +0.004*[#  28]+0.004*[#  32]+0.003*[#  20]+0.003*[#  21]+0.003*[#  23]
          
    |psi|^2 = 1.000
==== e(  11) =    -0.40519 eV ==== 
     psi = 0.305*[#   2]+0.305*[#   3]+0.305*[#   4]+0.013*[#  24]+0.013*[#  28]
          +0.013*[#  32]+0.009*[#  10]+0.006*[#  26]+0.006*[#  27]+0.006*[#  29]
          +0.006*[#  30]+0.006*[#  33]+0.006*[#  35]
    |psi|^2 = 1.000
==== e(  12) =     5.50702 eV ==== 
     psi = 0.224*[#  25]+0.224*[#  31]+0.224*[#  34]+0.126*[#  18]+0.016*[#  26]
          +0.016*[#  27]+0.016*[#  29]+0.016*[#  30]+0.016*[#  33]+0.016*[#  35]
          +0.013*[#   6]+0.013*[#   7]+0.013*[#   9]+0.011*[#  14]+0.006*[#  24]
          +0.006*[#  28]+0.006*[#  32]+0.005*[#  10]+0.005*[#  20]+0.005*[#  21]
          +0.005*[#  23]+0.002*[#  15]+0.002*[#  16]+0.002*[#  17]
    |psi|^2 = 0.996
==== e(  13) =     6.06898 eV ==== 
     psi = 0.221*[#  25]+0.221*[#  31]+0.221*[#  34]+0.151*[#  19]+0.151*[#  22]
          +0.004*[#   6]+0.004*[#   7]+0.004*[#   9]+0.002*[#  15]+0.002*[#  16]
          +0.002*[#  17]+0.002*[#  26]+0.002*[#  27]+0.002*[#  29]+0.002*[#  30]
          +0.002*[#  33]+0.002*[#  35]
    |psi|^2 = 0.997
==== e(  14) =     6.06898 eV ==== 
     psi = 0.221*[#  25]+0.221*[#  31]+0.221*[#  34]+0.151*[#  19]+0.151*[#  22]
          +0.004*[#   6]+0.004*[#   7]+0.004*[#   9]+0.002*[#  15]+0.002*[#  16]
          +0.002*[#  17]+0.002*[#  26]+0.002*[#  27]+0.002*[#  29]+0.002*[#  30]
          +0.002*[#  33]+0.002*[#  35]
    |psi|^2 = 0.997
==== e(  15) =     6.46816 eV ==== 
     psi = 0.093*[#  26]+0.093*[#  27]+0.093*[#  29]+0.093*[#  30]+0.093*[#  33]
          +0.093*[#  35]+0.051*[#  20]+0.051*[#  21]+0.051*[#  23]+0.039*[#  25]
          +0.039*[#  31]+0.039*[#  34]+0.032*[#  10]+0.020*[#  18]+0.013*[#   2]
          +0.013*[#   3]+0.013*[#   4]+0.012*[#  11]+0.012*[#  12]+0.012*[#  13]
          +0.009*[#   6]+0.009*[#   7]+0.009*[#   9]+0.007*[#   1]+0.002*[#  14]
          +0.002*[#  24]+0.002*[#  28]+0.002*[#  32]
    |psi|^2 = 0.997
==== e(  16) =     6.98082 eV ==== 
     psi = 0.108*[#  26]+0.108*[#  27]+0.108*[#  29]+0.108*[#  30]+0.108*[#  33]
          +0.108*[#  35]+0.058*[#  20]+0.058*[#  21]+0.058*[#  23]+0.026*[#   2]
          +0.026*[#   3]+0.026*[#   4]+0.018*[#   5]+0.018*[#   8]+0.012*[#  11]
          +0.012*[#  12]+0.012*[#  13]+0.008*[#   6]+0.008*[#   7]+0.008*[#   9]
          
    |psi|^2 = 0.998
==== e(  17) =     6.98082 eV ==== 
     psi = 0.108*[#  26]+0.108*[#  27]+0.108*[#  29]+0.108*[#  30]+0.108*[#  33]
          +0.108*[#  35]+0.058*[#  20]+0.058*[#  21]+0.058*[#  23]+0.026*[#   2]
          +0.026*[#   3]+0.026*[#   4]+0.018*[#   5]+0.018*[#   8]+0.012*[#  11]
          +0.012*[#  12]+0.012*[#  13]+0.008*[#   6]+0.008*[#   7]+0.008*[#   9]
          
    |psi|^2 = 0.998
==== e(  18) =     8.83237 eV ==== 
     psi = 0.149*[#  26]+0.149*[#  27]+0.149*[#  29]+0.149*[#  30]+0.149*[#  33]
          +0.149*[#  35]+0.016*[#   6]+0.016*[#   7]+0.016*[#   9]+0.003*[#  19]
          +0.003*[#  22]+0.003*[#  11]+0.003*[#  12]+0.003*[#  13]+0.003*[#  24]
          +0.003*[#  28]+0.003*[#  32]+0.003*[#  25]+0.003*[#  31]+0.003*[#  34]
          +0.003*[#   5]+0.003*[#   8]+0.002*[#   2]+0.002*[#   3]+0.002*[#   4]
          +0.001*[#  20]+0.001*[#  21]+0.001*[#  23]
    |psi|^2 = 0.994
==== e(  19) =     8.83237 eV ==== 
     psi = 0.149*[#  26]+0.149*[#  27]+0.149*[#  29]+0.149*[#  30]+0.149*[#  33]
          +0.149*[#  35]+0.016*[#   6]+0.016*[#   7]+0.016*[#   9]+0.003*[#  19]
          +0.003*[#  22]+0.003*[#  11]+0.003*[#  12]+0.003*[#  13]+0.003*[#  24]
          +0.003*[#  28]+0.003*[#  32]+0.003*[#  25]+0.003*[#  31]+0.003*[#  34]
          +0.003*[#   5]+0.003*[#   8]+0.002*[#   2]+0.002*[#   3]+0.002*[#   4]
          +0.001*[#  20]+0.001*[#  21]+0.001*[#  23]
    |psi|^2 = 0.994
==== e(  20) =     9.06168 eV ==== 
     psi = 0.165*[#  26]+0.165*[#  27]+0.165*[#  29]+0.165*[#  30]+0.165*[#  33]
          +0.165*[#  35]
    |psi|^2 = 0.987
==== e(  21) =    12.77802 eV ==== 
     psi = 0.268*[#  20]+0.268*[#  21]+0.268*[#  23]+0.027*[#  26]+0.027*[#  27]
          +0.027*[#  29]+0.027*[#  30]+0.027*[#  33]+0.027*[#  35]+0.004*[#  11]
          +0.004*[#  12]+0.004*[#  13]+0.004*[#  10]+0.001*[#  24]+0.001*[#  28]
          +0.001*[#  32]+0.001*[#   1]
    |psi|^2 = 0.992
==== e(  22) =    12.78188 eV ==== 
     psi = 0.262*[#  20]+0.262*[#  21]+0.262*[#  23]+0.028*[#  26]+0.028*[#  27]
          +0.028*[#  29]+0.028*[#  30]+0.028*[#  33]+0.028*[#  35]+0.013*[#   5]
          +0.013*[#   8]+0.002*[#   6]+0.002*[#   7]+0.002*[#   9]
    |psi|^2 = 0.993
==== e(  23) =    12.78188 eV ==== 
     psi = 0.262*[#  20]+0.262*[#  21]+0.262*[#  23]+0.028*[#  26]+0.028*[#  27]
          +0.028*[#  29]+0.028*[#  30]+0.028*[#  33]+0.028*[#  35]+0.013*[#   5]
          +0.013*[#   8]+0.002*[#   6]+0.002*[#   7]+0.002*[#   9]
    |psi|^2 = 0.993
==== e(  24) =    15.65891 eV ==== 
     psi = 0.317*[#  19]+0.317*[#  22]+0.091*[#  25]+0.091*[#  31]+0.091*[#  34]
          +0.012*[#  24]+0.012*[#  28]+0.012*[#  32]+0.011*[#   6]+0.011*[#   7]
          +0.011*[#   9]+0.001*[#  26]+0.001*[#  27]+0.001*[#  29]+0.001*[#  30]
          +0.001*[#  33]+0.001*[#  35]
    |psi|^2 = 0.990
==== e(  25) =    15.65891 eV ==== 
     psi = 0.317*[#  19]+0.317*[#  22]+0.091*[#  25]+0.091*[#  31]+0.091*[#  34]
          +0.012*[#  24]+0.012*[#  28]+0.012*[#  32]+0.011*[#   6]+0.011*[#   7]
          +0.011*[#   9]+0.001*[#  26]+0.001*[#  27]+0.001*[#  29]+0.001*[#  30]
          +0.001*[#  33]+0.001*[#  35]
    |psi|^2 = 0.990
==== e(  26) =    16.98626 eV ==== 
     psi = 0.231*[#   6]+0.231*[#   7]+0.231*[#   9]+0.054*[#  10]+0.043*[#  24]
          +0.043*[#  28]+0.043*[#  32]+0.012*[#  14]+0.012*[#  25]+0.012*[#  31]
          +0.012*[#  34]+0.011*[#  11]+0.011*[#  12]+0.011*[#  13]+0.004*[#  20]
          +0.004*[#  21]+0.004*[#  23]+0.004*[#   2]+0.004*[#   3]+0.004*[#   4]
          
    |psi|^2 = 0.984
==== e(  27) =    16.99211 eV ==== 
     psi = 0.196*[#   6]+0.196*[#   7]+0.196*[#   9]+0.097*[#   5]+0.097*[#   8]
          +0.020*[#  24]+0.020*[#  28]+0.020*[#  32]+0.014*[#  19]+0.014*[#  22]
          +0.012*[#  25]+0.012*[#  31]+0.012*[#  34]+0.007*[#  26]+0.007*[#  27]
          +0.007*[#  29]+0.007*[#  30]+0.007*[#  33]+0.007*[#  35]+0.006*[#  20]
          +0.006*[#  21]+0.006*[#  23]+0.002*[#   2]+0.002*[#   3]+0.002*[#   4]
          +0.001*[#  11]+0.001*[#  12]+0.001*[#  13]
    |psi|^2 = 0.975
==== e(  28) =    16.99211 eV ==== 
     psi = 0.196*[#   6]+0.196*[#   7]+0.196*[#   9]+0.097*[#   5]+0.097*[#   8]
          +0.020*[#  24]+0.020*[#  28]+0.020*[#  32]+0.014*[#  19]+0.014*[#  22]
          +0.012*[#  25]+0.012*[#  31]+0.012*[#  34]+0.007*[#  26]+0.007*[#  27]
          +0.007*[#  29]+0.007*[#  30]+0.007*[#  33]+0.007*[#  35]+0.006*[#  20]
          +0.006*[#  21]+0.006*[#  23]+0.002*[#   2]+0.002*[#   3]+0.002*[#   4]
          +0.001*[#  11]+0.001*[#  12]+0.001*[#  13]
    |psi|^2 = 0.975
==== e(  29) =    18.13072 eV ==== 
     psi = 0.293*[#   5]+0.293*[#   8]+0.058*[#   6]+0.058*[#   7]+0.058*[#   9]
          +0.017*[#  26]+0.017*[#  27]+0.017*[#  29]+0.017*[#  30]+0.017*[#  33]
          +0.017*[#  35]+0.002*[#  25]+0.002*[#  31]+0.002*[#  34]+0.001*[#  19]
          +0.001*[#  22]
    |psi|^2 = 0.878
==== e(  30) =    18.13072 eV ==== 
     psi = 0.293*[#   5]+0.293*[#   8]+0.058*[#   6]+0.058*[#   7]+0.058*[#   9]
          +0.017*[#  26]+0.017*[#  27]+0.017*[#  29]+0.017*[#  30]+0.017*[#  33]
          +0.017*[#  35]+0.002*[#  25]+0.002*[#  31]+0.002*[#  34]+0.001*[#  19]
          +0.001*[#  22]
    |psi|^2 = 0.878
==== e(  31) =    19.82303 eV ==== 
     psi = 0.145*[#  10]+0.012*[#  11]+0.012*[#  12]+0.012*[#  13]+0.006*[#   6]
          +0.006*[#   7]+0.006*[#   9]+0.005*[#  26]+0.005*[#  27]+0.005*[#  29]
          +0.005*[#  30]+0.005*[#  33]+0.005*[#  35]+0.001*[#   1]+0.001*[#  18]
          
    |psi|^2 = 0.238
==== e(  32) =    20.13524 eV ==== 
     psi = 0.067*[#  18]+0.026*[#  10]+0.008*[#  25]+0.008*[#  31]+0.008*[#  34]
          +0.007*[#  11]+0.007*[#  12]+0.007*[#  13]+0.006*[#   6]+0.006*[#   7]
          +0.006*[#   9]+0.003*[#  14]+0.002*[#  26]+0.002*[#  27]+0.002*[#  29]
          +0.002*[#  30]+0.002*[#  33]+0.002*[#  35]
    |psi|^2 = 0.177
==== e(  33) =    20.66045 eV ==== 
     psi = 0.051*[#   5]+0.051*[#   8]+0.007*[#  11]+0.007*[#  12]+0.007*[#  13]
          
    |psi|^2 = 0.132
==== e(  34) =    20.66045 eV ==== 
     psi = 0.051*[#   5]+0.051*[#   8]+0.007*[#  11]+0.007*[#  12]+0.007*[#  13]
          
    |psi|^2 = 0.132
==== e(  35) =    20.83462 eV ==== 
     psi = 0.005*[#   5]+0.005*[#   8]+0.005*[#  11]+0.005*[#  12]+0.005*[#  13]
          +0.003*[#   6]+0.003*[#   7]+0.003*[#   9]
    |psi|^2 = 0.042

 k =   0.3000000000  0.3000000000  0.3000000000
==== e(   1) =   -46.74865 eV ==== 
     psi = 0.937*[#  14]+0.008*[#  11]+0.008*[#  12]+0.008*[#  13]+0.006*[#  18]
          +0.005*[#  25]+0.005*[#  31]+0.005*[#  34]+0.005*[#   6]+0.005*[#   7]
          +0.005*[#   9]+0.001*[#  10]
    |psi|^2 = 1.000
==== e(   2) =   -23.29373 eV ==== 
     psi = 0.326*[#  15]+0.326*[#  16]+0.326*[#  17]+0.002*[#  25]+0.002*[#  31]
          +0.002*[#  34]+0.002*[#  11]+0.002*[#  12]+0.002*[#  13]+0.002*[#  24]
          +0.002*[#  28]+0.002*[#  32]+0.002*[#  10]
    |psi|^2 = 1.000
==== e(   3) =   -23.29320 eV ==== 
     psi = 0.326*[#  15]+0.326*[#  16]+0.326*[#  17]+0.002*[#   6]+0.002*[#   7]
          +0.002*[#   9]+0.002*[#  24]+0.002*[#  28]+0.002*[#  32]+0.002*[#  25]
          +0.002*[#  31]+0.002*[#  34]
    |psi|^2 = 1.000
==== e(   4) =   -23.29320 eV ==== 
     psi = 0.326*[#  15]+0.326*[#  16]+0.326*[#  17]+0.002*[#   6]+0.002*[#   7]
          +0.002*[#   9]+0.002*[#  24]+0.002*[#  28]+0.002*[#  32]+0.002*[#  25]
          +0.002*[#  31]+0.002*[#  34]
    |psi|^2 = 1.000
==== e(   5) =   -15.18660 eV ==== 
     psi = 0.837*[#   1]+0.039*[#  11]+0.039*[#  12]+0.039*[#  13]+0.037*[#  10]
          
    |psi|^2 = 1.000
==== e(   6) =    -6.67872 eV ==== 
     psi = 0.238*[#  24]+0.238*[#  28]+0.238*[#  32]+0.051*[#  18]+0.029*[#  11]
          +0.029*[#  12]+0.029*[#  13]+0.028*[#  10]+0.022*[#   6]+0.022*[#   7]
          +0.022*[#   9]+0.009*[#   2]+0.009*[#   3]+0.009*[#   4]+0.008*[#   1]
          +0.006*[#  14]+0.004*[#  15]+0.004*[#  16]+0.004*[#  17]
    |psi|^2 = 0.999
==== e(   7) =    -6.24798 eV ==== 
     psi = 0.287*[#  24]+0.287*[#  28]+0.287*[#  32]+0.021*[#   6]+0.021*[#   7]
          +0.021*[#   9]+0.013*[#  19]+0.013*[#  22]+0.007*[#   5]+0.007*[#   8]
          +0.004*[#  15]+0.004*[#  16]+0.004*[#  17]+0.004*[#   2]+0.004*[#   3]
          +0.004*[#   4]+0.003*[#  11]+0.003*[#  12]+0.003*[#  13]
    |psi|^2 = 0.999
==== e(   8) =    -6.24798 eV ==== 
     psi = 0.287*[#  24]+0.287*[#  28]+0.287*[#  32]+0.021*[#   6]+0.021*[#   7]
          +0.021*[#   9]+0.013*[#  19]+0.013*[#  22]+0.007*[#   5]+0.007*[#   8]
          +0.004*[#  15]+0.004*[#  16]+0.004*[#  17]+0.004*[#   2]+0.004*[#   3]
          +0.004*[#   4]+0.003*[#  11]+0.003*[#  12]+0.003*[#  13]
    |psi|^2 = 0.999
==== e(   9) =    -0.75252 eV ==== 
     psi = 0.289*[#   2]+0.289*[#   3]+0.289*[#   4]+0.012*[#  26]+0.012*[#  27]
          +0.012*[#  29]+0.012*[#  30]+0.012*[#  33]+0.012*[#  35]+0.011*[#   5]
          +0.011*[#   8]+0.005*[#  11]+0.005*[#  12]+0.005*[#  13]+0.005*[#  24]
          +0.005*[#  28]+0.005*[#  32]+0.003*[#  20]+0.003*[#  21]+0.003*[#  23]
          
    |psi|^2 = 1.000
==== e(  10) =    -0.75252 eV ==== 
     psi = 0.289*[#   2]+0.289*[#   3]+0.289*[#   4]+0.012*[#  26]+0.012*[#  27]
          +0.012*[#  29]+0.012*[#  30]+0.012*[#  33]+0.012*[#  35]+0.011*[#   5]
          +0.011*[#   8]+0.005*[#  11]+0.005*[#  12]+0.005*[#  13]+0.005*[#  24]
          +0.005*[#  28]+0.005*[#  32]+0.003*[#  20]+0.003*[#  21]+0.003*[#  23]
          
    |psi|^2 = 1.000
==== e(  11) =    -0.28019 eV ==== 
     psi = 0.309*[#   2]+0.309*[#   3]+0.309*[#   4]+0.015*[#  24]+0.015*[#  28]
          +0.015*[#  32]+0.009*[#  10]+0.003*[#  26]+0.003*[#  27]+0.003*[#  29]
          +0.003*[#  30]+0.003*[#  33]+0.003*[#  35]
    |psi|^2 = 1.000
==== e(  12) =     5.58563 eV ==== 
     psi = 0.195*[#  25]+0.195*[#  31]+0.195*[#  34]+0.097*[#  18]+0.030*[#  26]
          +0.030*[#  27]+0.030*[#  29]+0.030*[#  30]+0.030*[#  33]+0.030*[#  35]
          +0.018*[#   6]+0.018*[#   7]+0.018*[#   9]+0.013*[#  10]+0.010*[#  20]
          +0.010*[#  21]+0.010*[#  23]+0.009*[#  14]+0.005*[#  24]+0.005*[#  28]
          +0.005*[#  32]+0.002*[#  15]+0.002*[#  16]+0.002*[#  17]+0.002*[#   1]
          
    |psi|^2 = 0.996
==== e(  13) =     6.17392 eV ==== 
     psi = 0.224*[#  25]+0.224*[#  31]+0.224*[#  34]+0.140*[#  19]+0.140*[#  22]
          +0.005*[#   6]+0.005*[#   7]+0.005*[#   9]+0.003*[#  26]+0.003*[#  27]
          +0.003*[#  29]+0.003*[#  30]+0.003*[#  33]+0.003*[#  35]+0.002*[#  15]
          +0.002*[#  16]+0.002*[#  17]
    |psi|^2 = 0.997
==== e(  14) =     6.17392 eV ==== 
     psi = 0.224*[#  25]+0.224*[#  31]+0.224*[#  34]+0.140*[#  19]+0.140*[#  22]
          +0.005*[#   6]+0.005*[#   7]+0.005*[#   9]+0.003*[#  26]+0.003*[#  27]
          +0.003*[#  29]+0.003*[#  30]+0.003*[#  33]+0.003*[#  35]+0.002*[#  15]
          +0.002*[#  16]+0.002*[#  17]
    |psi|^2 = 0.997
==== e(  15) =     6.53282 eV ==== 
     psi = 0.082*[#  26]+0.082*[#  27]+0.082*[#  29]+0.082*[#  30]+0.082*[#  33]
          +0.082*[#  35]+0.072*[#  25]+0.072*[#  31]+0.072*[#  34]+0.044*[#  20]
          +0.044*[#  21]+0.044*[#  23]+0.033*[#  10]+0.031*[#  18]+0.009*[#  11]
          +0.009*[#  12]+0.009*[#  13]+0.008*[#   2]+0.008*[#   3]+0.008*[#   4]
          +0.007*[#   1]+0.006*[#   6]+0.006*[#   7]+0.006*[#   9]+0.004*[#  24]
          +0.004*[#  28]+0.004*[#  32]+0.003*[#  14]
    |psi|^2 = 0.996
==== e(  16) =     7.00085 eV ==== 
     psi = 0.110*[#  26]+0.110*[#  27]+0.110*[#  29]+0.110*[#  30]+0.110*[#  33]
          +0.110*[#  35]+0.056*[#  20]+0.056*[#  21]+0.056*[#  23]+0.023*[#   2]
          +0.023*[#   3]+0.023*[#   4]+0.021*[#   5]+0.021*[#   8]+0.010*[#   6]
          +0.010*[#   7]+0.010*[#   9]+0.009*[#  11]+0.009*[#  12]+0.009*[#  13]
          
    |psi|^2 = 0.997
==== e(  17) =     7.00085 eV ==== 
     psi = 0.110*[#  26]+0.110*[#  27]+0.110*[#  29]+0.110*[#  30]+0.110*[#  33]
          +0.110*[#  35]+0.056*[#  20]+0.056*[#  21]+0.056*[#  23]+0.023*[#   2]
          +0.023*[#   3]+0.023*[#   4]+0.021*[#   5]+0.021*[#   8]+0.010*[#   6]
          +0.010*[#   7]+0.010*[#   9]+0.009*[#  11]+0.009*[#  12]+0.009*[#  13]
          
    |psi|^2 = 0.997
==== e(  18) =     8.75908 eV ==== 
     psi = 0.146*[#  26]+0.146*[#  27]+0.146*[#  29]+0.146*[#  30]+0.146*[#  33]
          +0.146*[#  35]+0.016*[#   6]+0.016*[#   7]+0.016*[#   9]+0.006*[#  19]
          +0.006*[#  22]+0.005*[#  25]+0.005*[#  31]+0.005*[#  34]+0.004*[#  11]
          +0.004*[#  12]+0.004*[#  13]+0.003*[#   2]+0.003*[#   3]+0.003*[#   4]
          +0.003*[#  24]+0.003*[#  28]+0.003*[#  32]+0.002*[#   5]+0.002*[#   8]
          +0.002*[#  20]+0.002*[#  21]+0.002*[#  23]
    |psi|^2 = 0.994
==== e(  19) =     8.75908 eV ==== 
     psi = 0.146*[#  26]+0.146*[#  27]+0.146*[#  29]+0.146*[#  30]+0.146*[#  33]
          +0.146*[#  35]+0.016*[#   6]+0.016*[#   7]+0.016*[#   9]+0.006*[#  19]
          +0.006*[#  22]+0.005*[#  25]+0.005*[#  31]+0.005*[#  34]+0.004*[#  11]
          +0.004*[#  12]+0.004*[#  13]+0.003*[#   2]+0.003*[#   3]+0.003*[#   4]
          +0.003*[#  24]+0.003*[#  28]+0.003*[#  32]+0.002*[#   5]+0.002*[#   8]
          +0.002*[#  20]+0.002*[#  21]+0.002*[#  23]
    |psi|^2 = 0.994
==== e(  20) =     8.98273 eV ==== 
     psi = 0.164*[#  26]+0.164*[#  27]+0.164*[#  29]+0.164*[#  30]+0.164*[#  33]
          +0.164*[#  35]
    |psi|^2 = 0.986
==== e(  21) =    12.63788 eV ==== 
     psi = 0.271*[#  20]+0.271*[#  21]+0.271*[#  23]+0.025*[#  26]+0.025*[#  27]
          +0.025*[#  29]+0.025*[#  30]+0.025*[#  33]+0.025*[#  35]+0.004*[#  11]
          +0.004*[#  12]+0.004*[#  13]+0.004*[#  10]+0.001*[#   1]+0.001*[#  24]
          +0.001*[#  28]+0.001*[#  32]
    |psi|^2 = 0.990
==== e(  22) =    12.64550 eV ==== 
     psi = 0.262*[#  20]+0.262*[#  21]+0.262*[#  23]+0.027*[#  26]+0.027*[#  27]
          +0.027*[#  29]+0.027*[#  30]+0.027*[#  33]+0.027*[#  35]+0.014*[#   5]
          +0.014*[#   8]+0.002*[#   6]+0.002*[#   7]+0.002*[#   9]
    |psi|^2 = 0.992
==== e(  23) =    12.64550 eV ==== 
     psi = 0.262*[#  20]+0.262*[#  21]+0.262*[#  23]+0.027*[#  26]+0.027*[#  27]
          +0.027*[#  29]+0.027*[#  30]+0.027*[#  33]+0.027*[#  35]+0.014*[#   5]
          +0.014*[#   8]+0.002*[#   6]+0.002*[#   7]+0.002*[#   9]
    |psi|^2 = 0.992
==== e(  24) =    15.43683 eV ==== 
     psi = 0.329*[#  19]+0.329*[#  22]+0.089*[#  25]+0.089*[#  31]+0.089*[#  34]
          +0.012*[#  24]+0.012*[#  28]+0.012*[#  32]+0.006*[#   6]+0.006*[#   7]
          +0.006*[#   9]+0.001*[#  26]+0.001*[#  27]+0.001*[#  29]+0.001*[#  30]
          +0.001*[#  33]+0.001*[#  35]
    |psi|^2 = 0.990
==== e(  25) =    15.43683 eV ==== 
     psi = 0.329*[#  19]+0.329*[#  22]+0.089*[#  25]+0.089*[#  31]+0.089*[#  34]
          +0.012*[#  24]+0.012*[#  28]+0.012*[#  32]+0.006*[#   6]+0.006*[#   7]
          +0.006*[#   9]+0.001*[#  26]+0.001*[#  27]+0.001*[#  29]+0.001*[#  30]
          +0.001*[#  33]+0.001*[#  35]
    |psi|^2 = 0.990
==== e(  26) =    16.96689 eV ==== 
     psi = 0.197*[#   5]+0.197*[#   8]+0.137*[#   6]+0.137*[#   7]+0.137*[#   9]
          +0.017*[#  24]+0.017*[#  28]+0.017*[#  32]+0.007*[#  26]+0.007*[#  27]
          +0.007*[#  29]+0.007*[#  30]+0.007*[#  33]+0.007*[#  35]+0.007*[#  20]
          +0.007*[#  21]+0.007*[#  23]+0.006*[#  19]+0.006*[#  22]+0.006*[#  25]
          +0.006*[#  31]+0.006*[#  34]+0.003*[#   2]+0.003*[#   3]+0.003*[#   4]
          
    |psi|^2 = 0.962
==== e(  27) =    16.96689 eV ==== 
     psi = 0.197*[#   5]+0.197*[#   8]+0.137*[#   6]+0.137*[#   7]+0.137*[#   9]
          +0.017*[#  24]+0.017*[#  28]+0.017*[#  32]+0.007*[#  26]+0.007*[#  27]
          +0.007*[#  29]+0.007*[#  30]+0.007*[#  33]+0.007*[#  35]+0.007*[#  20]
          +0.007*[#  21]+0.007*[#  23]+0.006*[#  19]+0.006*[#  22]+0.006*[#  25]
          +0.006*[#  31]+0.006*[#  34]+0.003*[#   2]+0.003*[#   3]+0.003*[#   4]
          
    |psi|^2 = 0.962
==== e(  28) =    17.10671 eV ==== 
     psi = 0.220*[#   6]+0.220*[#   7]+0.220*[#   9]+0.080*[#  10]+0.043*[#  24]
          +0.043*[#  28]+0.043*[#  32]+0.014*[#  25]+0.014*[#  31]+0.014*[#  34]
          +0.013*[#  14]+0.012*[#  11]+0.012*[#  12]+0.012*[#  13]+0.004*[#   2]
          +0.004*[#   3]+0.004*[#   4]+0.003*[#  20]+0.003*[#  21]+0.003*[#  23]
          
    |psi|^2 = 0.986
==== e(  29) =    18.07291 eV ==== 
     psi = 0.195*[#   5]+0.195*[#   8]+0.124*[#   6]+0.124*[#   7]+0.124*[#   9]
          +0.020*[#  26]+0.020*[#  27]+0.020*[#  29]+0.020*[#  30]+0.020*[#  33]
          +0.020*[#  35]+0.004*[#  25]+0.004*[#  31]+0.004*[#  34]+0.002*[#  19]
          +0.002*[#  22]+0.002*[#  24]+0.002*[#  28]+0.002*[#  32]
    |psi|^2 = 0.907
==== e(  30) =    18.07291 eV ==== 
     psi = 0.195*[#   5]+0.195*[#   8]+0.124*[#   6]+0.124*[#   7]+0.124*[#   9]
          +0.020*[#  26]+0.020*[#  27]+0.020*[#  29]+0.020*[#  30]+0.020*[#  33]
          +0.020*[#  35]+0.004*[#  25]+0.004*[#  31]+0.004*[#  34]+0.002*[#  19]
          +0.002*[#  22]+0.002*[#  24]+0.002*[#  28]+0.002*[#  32]
    |psi|^2 = 0.907
==== e(  31) =    19.86811 eV ==== 
     psi = 0.136*[#  10]+0.011*[#   6]+0.011*[#   7]+0.011*[#   9]+0.011*[#  11]
          +0.011*[#  12]+0.011*[#  13]+0.006*[#  26]+0.006*[#  27]+0.006*[#  29]
          +0.006*[#  30]+0.006*[#  33]+0.006*[#  35]+0.004*[#  18]
    |psi|^2 = 0.247
==== e(  32) =    20.11365 eV ==== 
     psi = 0.047*[#  18]+0.040*[#  10]+0.009*[#  11]+0.009*[#  12]+0.009*[#  13]
          +0.009*[#   6]+0.009*[#   7]+0.009*[#   9]+0.006*[#  25]+0.006*[#  31]
          +0.006*[#  34]+0.004*[#  26]+0.004*[#  27]+0.004*[#  29]+0.004*[#  30]
          +0.004*[#  33]+0.004*[#  35]+0.003*[#  14]
    |psi|^2 = 0.187
==== e(  33) =    20.70417 eV ==== 
     psi = 0.043*[#   5]+0.043*[#   8]+0.003*[#  11]+0.003*[#  12]+0.003*[#  13]
          +0.001*[#   6]+0.001*[#   7]+0.001*[#   9]+0.001*[#  26]+0.001*[#  27]
          +0.001*[#  29]+0.001*[#  30]+0.001*[#  33]+0.001*[#  35]
    |psi|^2 = 0.106
==== e(  34) =    20.70417 eV ==== 
     psi = 0.043*[#   5]+0.043*[#   8]+0.003*[#  11]+0.003*[#  12]+0.003*[#  13]
          +0.001*[#   6]+0.001*[#   7]+0.001*[#   9]+0.001*[#  26]+0.001*[#  27]
          +0.001*[#  29]+0.001*[#  30]+0.001*[#  33]+0.001*[#  35]
    |psi|^2 = 0.106
==== e(  35) =    20.75691 eV ==== 
     psi = 0.010*[#  11]+0.010*[#  12]+0.010*[#  13]+0.003*[#   6]+0.003*[#   7]
          +0.003*[#   9]+0.003*[#   5]+0.003*[#   8]
    |psi|^2 = 0.051

 k =   0.2750000000  0.2750000000  0.2750000000
==== e(   1) =   -46.74879 eV ==== 
     psi = 0.933*[#  14]+0.009*[#  11]+0.009*[#  12]+0.009*[#  13]+0.007*[#  18]
          +0.005*[#   6]+0.005*[#   7]+0.005*[#   9]+0.005*[#  25]+0.005*[#  31]
          +0.005*[#  34]+0.002*[#  10]
    |psi|^2 = 1.000
==== e(   2) =   -23.29106 eV ==== 
     psi = 0.326*[#  15]+0.326*[#  16]+0.326*[#  17]+0.003*[#  25]+0.003*[#  31]
          +0.003*[#  34]+0.002*[#  10]+0.002*[#  11]+0.002*[#  12]+0.002*[#  13]
          +0.002*[#  24]+0.002*[#  28]+0.002*[#  32]
    |psi|^2 = 1.000
==== e(   3) =   -23.29044 eV ==== 
     psi = 0.326*[#  15]+0.326*[#  16]+0.326*[#  17]+0.003*[#  25]+0.003*[#  31]
          +0.003*[#  34]+0.002*[#  24]+0.002*[#  28]+0.002*[#  32]+0.002*[#   6]
          +0.002*[#   7]+0.002*[#   9]
    |psi|^2 = 1.000
==== e(   4) =   -23.29044 eV ==== 
     psi = 0.326*[#  15]+0.326*[#  16]+0.326*[#  17]+0.003*[#  25]+0.003*[#  31]
          +0.003*[#  34]+0.002*[#  24]+0.002*[#  28]+0.002*[#  32]+0.002*[#   6]
          +0.002*[#   7]+0.002*[#   9]
    |psi|^2 = 1.000
==== e(   5) =   -15.20177 eV ==== 
     psi = 0.831*[#   1]+0.045*[#  11]+0.045*[#  12]+0.045*[#  13]+0.026*[#  10]
          
    |psi|^2 = 1.000
==== e(   6) =    -6.75962 eV ==== 
     psi = 0.232*[#  24]+0.232*[#  28]+0.232*[#  32]+0.061*[#  18]+0.039*[#  10]
          +0.032*[#  11]+0.032*[#  12]+0.032*[#  13]+0.018*[#   6]+0.018*[#   7]
          +0.018*[#   9]+0.011*[#   1]+0.008*[#   2]+0.008*[#   3]+0.008*[#   4]
          +0.007*[#  14]+0.003*[#  15]+0.003*[#  16]+0.003*[#  17]
    |psi|^2 = 0.999
==== e(   7) =    -6.26480 eV ==== 
     psi = 0.289*[#  24]+0.289*[#  28]+0.289*[#  32]+0.016*[#   6]+0.016*[#   7]
          +0.016*[#   9]+0.016*[#  19]+0.016*[#  22]+0.010*[#   5]+0.010*[#   8]
          +0.004*[#   2]+0.004*[#   3]+0.004*[#   4]+0.003*[#  15]+0.003*[#  16]
          +0.003*[#  17]+0.003*[#  11]+0.003*[#  12]+0.003*[#  13]
    |psi|^2 = 0.999
==== e(   8) =    -6.26480 eV ==== 
     psi = 0.289*[#  24]+0.289*[#  28]+0.289*[#  32]+0.016*[#   6]+0.016*[#   7]
          +0.016*[#   9]+0.016*[#  19]+0.016*[#  22]+0.010*[#   5]+0.010*[#   8]
          +0.004*[#   2]+0.004*[#   3]+0.004*[#   4]+0.003*[#  15]+0.003*[#  16]
          +0.003*[#  17]+0.003*[#  11]+0.003*[#  12]+0.003*[#  13]
    |psi|^2 = 0.999
==== e(   9) =    -0.68741 eV ==== 
     psi = 0.291*[#   2]+0.291*[#   3]+0.291*[#   4]+0.011*[#   5]+0.011*[#   8]
          +0.011*[#  26]+0.011*[#  27]+0.011*[#  29]+0.011*[#  30]+0.011*[#  33]
          +0.011*[#  35]+0.005*[#  24]+0.005*[#  28]+0.005*[#  32]+0.005*[#  11]
          +0.005*[#  12]+0.005*[#  13]+0.002*[#  20]+0.002*[#  21]+0.002*[#  23]
          
    |psi|^2 = 1.000
==== e(  10) =    -0.68741 eV ==== 
     psi = 0.291*[#   2]+0.291*[#   3]+0.291*[#   4]+0.011*[#   5]+0.011*[#   8]
          +0.011*[#  26]+0.011*[#  27]+0.011*[#  29]+0.011*[#  30]+0.011*[#  33]
          +0.011*[#  35]+0.005*[#  24]+0.005*[#  28]+0.005*[#  32]+0.005*[#  11]
          +0.005*[#  12]+0.005*[#  13]+0.002*[#  20]+0.002*[#  21]+0.002*[#  23]
          
    |psi|^2 = 1.000
==== e(  11) =    -0.18246 eV ==== 
     psi = 0.312*[#   2]+0.312*[#   3]+0.312*[#   4]+0.015*[#  24]+0.015*[#  28]
          +0.015*[#  32]+0.009*[#  10]+0.001*[#  26]+0.001*[#  27]+0.001*[#  29]
          +0.001*[#  30]+0.001*[#  33]+0.001*[#  35]
    |psi|^2 = 1.000
==== e(  12) =     5.65267 eV ==== 
     psi = 0.167*[#  25]+0.167*[#  31]+0.167*[#  34]+0.072*[#  18]+0.044*[#  26]
          +0.044*[#  27]+0.044*[#  29]+0.044*[#  30]+0.044*[#  33]+0.044*[#  35]
          +0.022*[#   6]+0.022*[#   7]+0.022*[#   9]+0.021*[#  10]+0.013*[#  20]
          +0.013*[#  21]+0.013*[#  23]+0.007*[#  14]+0.003*[#  24]+0.003*[#  28]
          +0.003*[#  32]+0.003*[#   1]+0.003*[#  15]+0.003*[#  16]+0.003*[#  17]
          +0.001*[#  11]+0.001*[#  12]+0.001*[#  13]
    |psi|^2 = 0.997
==== e(  13) =     6.28485 eV ==== 
     psi = 0.226*[#  25]+0.226*[#  31]+0.226*[#  34]+0.127*[#  19]+0.127*[#  22]
          +0.006*[#   6]+0.006*[#   7]+0.006*[#   9]+0.005*[#  26]+0.005*[#  27]
          +0.005*[#  29]+0.005*[#  30]+0.005*[#  33]+0.005*[#  35]+0.003*[#  15]
          +0.003*[#  16]+0.003*[#  17]+0.001*[#  11]+0.001*[#  12]+0.001*[#  13]
          
    |psi|^2 = 0.996
==== e(  14) =     6.28485 eV ==== 
     psi = 0.226*[#  25]+0.226*[#  31]+0.226*[#  34]+0.127*[#  19]+0.127*[#  22]
          +0.006*[#   6]+0.006*[#   7]+0.006*[#   9]+0.005*[#  26]+0.005*[#  27]
          +0.005*[#  29]+0.005*[#  30]+0.005*[#  33]+0.005*[#  35]+0.003*[#  15]
          +0.003*[#  16]+0.003*[#  17]+0.001*[#  11]+0.001*[#  12]+0.001*[#  13]
          
    |psi|^2 = 0.996
==== e(  15) =     6.67754 eV ==== 
     psi = 0.104*[#  25]+0.104*[#  31]+0.104*[#  34]+0.070*[#  26]+0.070*[#  27]
          +0.070*[#  29]+0.070*[#  30]+0.070*[#  33]+0.070*[#  35]+0.039*[#  18]
          +0.038*[#  20]+0.038*[#  21]+0.038*[#  23]+0.031*[#  10]+0.007*[#  11]
          +0.007*[#  12]+0.007*[#  13]+0.007*[#   1]+0.006*[#  24]+0.006*[#  28]
          +0.006*[#  32]+0.005*[#   2]+0.005*[#   3]+0.005*[#   4]+0.005*[#  14]
          +0.004*[#   6]+0.004*[#   7]+0.004*[#   9]
    |psi|^2 = 0.995
==== e(  16) =     7.03609 eV ==== 
     psi = 0.112*[#  26]+0.112*[#  27]+0.112*[#  29]+0.112*[#  30]+0.112*[#  33]
          +0.112*[#  35]+0.053*[#  20]+0.053*[#  21]+0.053*[#  23]+0.024*[#   5]
          +0.024*[#   8]+0.020*[#   2]+0.020*[#   3]+0.020*[#   4]+0.012*[#   6]
          +0.012*[#   7]+0.012*[#   9]+0.007*[#  11]+0.007*[#  12]+0.007*[#  13]
          
    |psi|^2 = 0.997
==== e(  17) =     7.03609 eV ==== 
     psi = 0.112*[#  26]+0.112*[#  27]+0.112*[#  29]+0.112*[#  30]+0.112*[#  33]
          +0.112*[#  35]+0.053*[#  20]+0.053*[#  21]+0.053*[#  23]+0.024*[#   5]
          +0.024*[#   8]+0.020*[#   2]+0.020*[#   3]+0.020*[#   4]+0.012*[#   6]
          +0.012*[#   7]+0.012*[#   9]+0.007*[#  11]+0.007*[#  12]+0.007*[#  13]
          
    |psi|^2 = 0.997
==== e(  18) =     8.70756 eV ==== 
     psi = 0.143*[#  26]+0.143*[#  27]+0.143*[#  29]+0.143*[#  30]+0.143*[#  33]
          +0.143*[#  35]+0.015*[#   6]+0.015*[#   7]+0.015*[#   9]+0.008*[#  19]
          +0.008*[#  22]+0.008*[#  25]+0.008*[#  31]+0.008*[#  34]+0.005*[#  11]
          +0.005*[#  12]+0.005*[#  13]+0.004*[#   2]+0.004*[#   3]+0.004*[#   4]
          +0.003*[#  24]+0.003*[#  28]+0.003*[#  32]+0.003*[#  20]+0.003*[#  21]
          +0.003*[#  23]+0.002*[#   5]+0.002*[#   8]
    |psi|^2 = 0.995
==== e(  19) =     8.70756 eV ==== 
     psi = 0.143*[#  26]+0.143*[#  27]+0.143*[#  29]+0.143*[#  30]+0.143*[#  33]
          +0.143*[#  35]+0.015*[#   6]+0.015*[#   7]+0.015*[#   9]+0.008*[#  19]
          +0.008*[#  22]+0.008*[#  25]+0.008*[#  31]+0.008*[#  34]+0.005*[#  11]
          +0.005*[#  12]+0.005*[#  13]+0.004*[#   2]+0.004*[#   3]+0.004*[#   4]
          +0.003*[#  24]+0.003*[#  28]+0.003*[#  32]+0.003*[#  20]+0.003*[#  21]
          +0.003*[#  23]+0.002*[#   5]+0.002*[#   8]
    |psi|^2 = 0.995
==== e(  20) =     8.90104 eV ==== 
     psi = 0.164*[#  26]+0.164*[#  27]+0.164*[#  29]+0.164*[#  30]+0.164*[#  33]
          +0.164*[#  35]
    |psi|^2 = 0.986
==== e(  21) =    12.48473 eV ==== 
     psi = 0.275*[#  20]+0.275*[#  21]+0.275*[#  23]+0.023*[#  26]+0.023*[#  27]
          +0.023*[#  29]+0.023*[#  30]+0.023*[#  33]+0.023*[#  35]+0.004*[#  10]
          +0.004*[#  11]+0.004*[#  12]+0.004*[#  13]+0.002*[#   1]+0.001*[#  24]
          +0.001*[#  28]+0.001*[#  32]
    |psi|^2 = 0.988
==== e(  22) =    12.49919 eV ==== 
     psi = 0.263*[#  20]+0.263*[#  21]+0.263*[#  23]+0.026*[#  26]+0.026*[#  27]
          +0.026*[#  29]+0.026*[#  30]+0.026*[#  33]+0.026*[#  35]+0.016*[#   5]
          +0.016*[#   8]+0.003*[#   6]+0.003*[#   7]+0.003*[#   9]+0.001*[#  24]
          +0.001*[#  28]+0.001*[#  32]
    |psi|^2 = 0.992
==== e(  23) =    12.49919 eV ==== 
     psi = 0.263*[#  20]+0.263*[#  21]+0.263*[#  23]+0.026*[#  26]+0.026*[#  27]
          +0.026*[#  29]+0.026*[#  30]+0.026*[#  33]+0.026*[#  35]+0.016*[#   5]
          +0.016*[#   8]+0.003*[#   6]+0.003*[#   7]+0.003*[#   9]+0.001*[#  24]
          +0.001*[#  28]+0.001*[#  32]
    |psi|^2 = 0.992
==== e(  24) =    15.19707 eV ==== 
     psi = 0.340*[#  19]+0.340*[#  22]+0.084*[#  25]+0.084*[#  31]+0.084*[#  34]
          +0.012*[#  24]+0.012*[#  28]+0.012*[#  32]+0.003*[#   6]+0.003*[#   7]
          +0.003*[#   9]+0.001*[#  26]+0.001*[#  27]+0.001*[#  29]+0.001*[#  30]
          +0.001*[#  33]+0.001*[#  35]
    |psi|^2 = 0.990
==== e(  25) =    15.19707 eV ==== 
     psi = 0.340*[#  19]+0.340*[#  22]+0.084*[#  25]+0.084*[#  31]+0.084*[#  34]
          +0.012*[#  24]+0.012*[#  28]+0.012*[#  32]+0.003*[#   6]+0.003*[#   7]
          +0.003*[#   9]+0.001*[#  26]+0.001*[#  27]+0.001*[#  29]+0.001*[#  30]
          +0.001*[#  33]+0.001*[#  35]
    |psi|^2 = 0.990
==== e(  26) =    16.80611 eV ==== 
     psi = 0.284*[#   5]+0.284*[#   8]+0.082*[#   6]+0.082*[#   7]+0.082*[#   9]
          +0.014*[#  24]+0.014*[#  28]+0.014*[#  32]+0.008*[#  26]+0.008*[#  27]
          +0.008*[#  29]+0.008*[#  30]+0.008*[#  33]+0.008*[#  35]+0.007*[#  20]
          +0.007*[#  21]+0.007*[#  23]+0.004*[#   2]+0.004*[#   3]+0.004*[#   4]
          +0.003*[#  25]+0.003*[#  31]+0.003*[#  34]+0.003*[#  19]+0.003*[#  22]
          
    |psi|^2 = 0.952
==== e(  27) =    16.80611 eV ==== 
     psi = 0.284*[#   5]+0.284*[#   8]+0.082*[#   6]+0.082*[#   7]+0.082*[#   9]
          +0.014*[#  24]+0.014*[#  28]+0.014*[#  32]+0.008*[#  26]+0.008*[#  27]
          +0.008*[#  29]+0.008*[#  30]+0.008*[#  33]+0.008*[#  35]+0.007*[#  20]
          +0.007*[#  21]+0.007*[#  23]+0.004*[#   2]+0.004*[#   3]+0.004*[#   4]
          +0.003*[#  25]+0.003*[#  31]+0.003*[#  34]+0.003*[#  19]+0.003*[#  22]
          
    |psi|^2 = 0.952
==== e(  28) =    17.17968 eV ==== 
     psi = 0.208*[#   6]+0.208*[#   7]+0.208*[#   9]+0.108*[#  10]+0.044*[#  24]
          +0.044*[#  28]+0.044*[#  32]+0.015*[#  25]+0.015*[#  31]+0.015*[#  34]
          +0.014*[#  14]+0.014*[#  11]+0.014*[#  12]+0.014*[#  13]+0.005*[#   2]
          +0.005*[#   3]+0.005*[#   4]+0.002*[#  20]+0.002*[#  21]+0.002*[#  23]
          +0.001*[#   1]
    |psi|^2 = 0.987
==== e(  29) =    18.11382 eV ==== 
     psi = 0.185*[#   6]+0.185*[#   7]+0.185*[#   9]+0.111*[#   5]+0.111*[#   8]
          +0.021*[#  26]+0.021*[#  27]+0.021*[#  29]+0.021*[#  30]+0.021*[#  33]
          +0.021*[#  35]+0.005*[#  25]+0.005*[#  31]+0.005*[#  34]+0.003*[#  24]
          +0.003*[#  28]+0.003*[#  32]+0.002*[#  19]+0.002*[#  22]+0.002*[#  20]
          +0.002*[#  21]+0.002*[#  23]
    |psi|^2 = 0.937
==== e(  30) =    18.11382 eV ==== 
     psi = 0.185*[#   6]+0.185*[#   7]+0.185*[#   9]+0.111*[#   5]+0.111*[#   8]
          +0.021*[#  26]+0.021*[#  27]+0.021*[#  29]+0.021*[#  30]+0.021*[#  33]
          +0.021*[#  35]+0.005*[#  25]+0.005*[#  31]+0.005*[#  34]+0.003*[#  24]
          +0.003*[#  28]+0.003*[#  32]+0.002*[#  19]+0.002*[#  22]+0.002*[#  20]
          +0.002*[#  21]+0.002*[#  23]
    |psi|^2 = 0.937
==== e(  31) =    19.92643 eV ==== 
     psi = 0.156*[#  10]+0.024*[#   6]+0.024*[#   7]+0.024*[#   9]+0.017*[#  11]
          +0.017*[#  12]+0.017*[#  13]+0.011*[#  18]+0.009*[#  26]+0.009*[#  27]
          +0.009*[#  29]+0.009*[#  30]+0.009*[#  33]+0.009*[#  35]+0.002*[#  14]
          +0.001*[#  24]+0.001*[#  28]+0.001*[#  32]
    |psi|^2 = 0.355
==== e(  32) =    20.08823 eV ==== 
     psi = 0.035*[#  10]+0.020*[#  18]+0.010*[#   6]+0.010*[#   7]+0.010*[#   9]
          +0.010*[#  11]+0.010*[#  12]+0.010*[#  13]+0.004*[#  26]+0.004*[#  27]
          +0.004*[#  29]+0.004*[#  30]+0.004*[#  33]+0.004*[#  35]+0.004*[#  25]
          +0.004*[#  31]+0.004*[#  34]+0.002*[#  14]+0.002*[#  20]+0.002*[#  21]
          +0.002*[#  23]
    |psi|^2 = 0.160
==== e(  33) =    20.67957 eV ==== 
     psi = 0.012*[#  11]+0.012*[#  12]+0.012*[#  13]+0.008*[#   5]+0.008*[#   8]
          +0.004*[#   6]+0.004*[#   7]+0.004*[#   9]
    |psi|^2 = 0.069
==== e(  34) =    20.67957 eV ==== 
     psi = 0.012*[#  11]+0.012*[#  12]+0.012*[#  13]+0.008*[#   5]+0.008*[#   8]
          +0.004*[#   6]+0.004*[#   7]+0.004*[#   9]
    |psi|^2 = 0.069
==== e(  35) =    20.74027 eV ==== 
     psi = 0.028*[#   5]+0.028*[#   8]+0.004*[#  11]+0.004*[#  12]+0.004*[#  13]
          
    |psi|^2 = 0.076

 k =   0.2500000000  0.2500000000  0.2500000000
==== e(   1) =   -46.74892 eV ==== 
     psi = 0.931*[#  14]+0.011*[#  11]+0.011*[#  12]+0.011*[#  13]+0.007*[#  18]
          +0.004*[#   6]+0.004*[#   7]+0.004*[#   9]+0.004*[#  25]+0.004*[#  31]
          +0.004*[#  34]+0.004*[#  10]
    |psi|^2 = 1.000
==== e(   2) =   -23.28828 eV ==== 
     psi = 0.326*[#  15]+0.326*[#  16]+0.326*[#  17]+0.003*[#  25]+0.003*[#  31]
          +0.003*[#  34]+0.003*[#  10]+0.001*[#  11]+0.001*[#  12]+0.001*[#  13]
          +0.001*[#  24]+0.001*[#  28]+0.001*[#  32]
    |psi|^2 = 1.000
==== e(   3) =   -23.28761 eV ==== 
     psi = 0.326*[#  15]+0.326*[#  16]+0.326*[#  17]+0.003*[#  25]+0.003*[#  31]
          +0.003*[#  34]+0.002*[#  24]+0.002*[#  28]+0.002*[#  32]+0.001*[#   6]
          +0.001*[#   7]+0.001*[#   9]
    |psi|^2 = 1.000
==== e(   4) =   -23.28761 eV ==== 
     psi = 0.326*[#  15]+0.326*[#  16]+0.326*[#  17]+0.003*[#  25]+0.003*[#  31]
          +0.003*[#  34]+0.002*[#  24]+0.002*[#  28]+0.002*[#  32]+0.001*[#   6]
          +0.001*[#   7]+0.001*[#   9]
    |psi|^2 = 1.000
==== e(   5) =   -15.21794 eV ==== 
     psi = 0.828*[#   1]+0.049*[#  11]+0.049*[#  12]+0.049*[#  13]+0.017*[#  10]
          +0.001*[#  14]
    |psi|^2 = 1.000
==== e(   6) =    -6.83164 eV ==== 
     psi = 0.227*[#  24]+0.227*[#  28]+0.227*[#  32]+0.071*[#  18]+0.052*[#  10]
          +0.033*[#  11]+0.033*[#  12]+0.033*[#  13]+0.015*[#   1]+0.014*[#   6]
          +0.014*[#   7]+0.014*[#   9]+0.008*[#   2]+0.008*[#   3]+0.008*[#   4]
          +0.008*[#  14]+0.003*[#  15]+0.003*[#  16]+0.003*[#  17]
    |psi|^2 = 0.999
==== e(   7) =    -6.28025 eV ==== 
     psi = 0.290*[#  24]+0.290*[#  28]+0.290*[#  32]+0.019*[#  19]+0.019*[#  22]
          +0.013*[#   5]+0.013*[#   8]+0.012*[#   6]+0.012*[#   7]+0.012*[#   9]
          +0.004*[#   2]+0.004*[#   3]+0.004*[#   4]+0.003*[#  15]+0.003*[#  16]
          +0.003*[#  17]+0.003*[#  11]+0.003*[#  12]+0.003*[#  13]
    |psi|^2 = 0.999
==== e(   8) =    -6.28025 eV ==== 
     psi = 0.290*[#  24]+0.290*[#  28]+0.290*[#  32]+0.019*[#  19]+0.019*[#  22]
          +0.013*[#   5]+0.013*[#   8]+0.012*[#   6]+0.012*[#   7]+0.012*[#   9]
          +0.004*[#   2]+0.004*[#   3]+0.004*[#   4]+0.003*[#  15]+0.003*[#  16]
          +0.003*[#  17]+0.003*[#  11]+0.003*[#  12]+0.003*[#  13]
    |psi|^2 = 0.999
==== e(   9) =    -0.62921 eV ==== 
     psi = 0.292*[#   2]+0.292*[#   3]+0.292*[#   4]+0.011*[#   5]+0.011*[#   8]
          +0.010*[#  26]+0.010*[#  27]+0.010*[#  29]+0.010*[#  30]+0.010*[#  33]
          +0.010*[#  35]+0.006*[#  11]+0.006*[#  12]+0.006*[#  13]+0.005*[#  24]
          +0.005*[#  28]+0.005*[#  32]+0.002*[#  20]+0.002*[#  21]+0.002*[#  23]
          
    |psi|^2 = 1.000
==== e(  10) =    -0.62921 eV ==== 
     psi = 0.292*[#   2]+0.292*[#   3]+0.292*[#   4]+0.011*[#   5]+0.011*[#   8]
          +0.010*[#  26]+0.010*[#  27]+0.010*[#  29]+0.010*[#  30]+0.010*[#  33]
          +0.010*[#  35]+0.006*[#  11]+0.006*[#  12]+0.006*[#  13]+0.005*[#  24]
          +0.005*[#  28]+0.005*[#  32]+0.002*[#  20]+0.002*[#  21]+0.002*[#  23]
          
    |psi|^2 = 1.000
==== e(  11) =    -0.11899 eV ==== 
     psi = 0.315*[#   2]+0.315*[#   3]+0.315*[#   4]+0.015*[#  24]+0.015*[#  28]
          +0.015*[#  32]+0.008*[#  10]
    |psi|^2 = 1.000
==== e(  12) =     5.73134 eV ==== 
     psi = 0.149*[#  25]+0.149*[#  31]+0.149*[#  34]+0.055*[#  18]+0.054*[#  26]
          +0.054*[#  27]+0.054*[#  29]+0.054*[#  30]+0.054*[#  33]+0.054*[#  35]
          +0.029*[#  10]+0.024*[#   6]+0.024*[#   7]+0.024*[#   9]+0.015*[#  20]
          +0.015*[#  21]+0.015*[#  23]+0.005*[#  14]+0.003*[#   1]+0.003*[#  15]
          +0.003*[#  16]+0.003*[#  17]+0.002*[#  24]+0.002*[#  28]+0.002*[#  32]
          +0.001*[#  11]+0.001*[#  12]+0.001*[#  13]
    |psi|^2 = 0.997
==== e(  13) =     6.39875 eV ==== 
     psi = 0.227*[#  25]+0.227*[#  31]+0.227*[#  34]+0.112*[#  19]+0.112*[#  22]
          +0.007*[#  26]+0.007*[#  27]+0.007*[#  29]+0.007*[#  30]+0.007*[#  33]
          +0.007*[#  35]+0.007*[#   6]+0.007*[#   7]+0.007*[#   9]+0.003*[#  15]
          +0.003*[#  16]+0.003*[#  17]+0.002*[#  11]+0.002*[#  12]+0.002*[#  13]
          +0.001*[#   2]+0.001*[#   3]+0.001*[#   4]
    |psi|^2 = 0.995
==== e(  14) =     6.39875 eV ==== 
     psi = 0.227*[#  25]+0.227*[#  31]+0.227*[#  34]+0.112*[#  19]+0.112*[#  22]
          +0.007*[#  26]+0.007*[#  27]+0.007*[#  29]+0.007*[#  30]+0.007*[#  33]
          +0.007*[#  35]+0.007*[#   6]+0.007*[#   7]+0.007*[#   9]+0.003*[#  15]
          +0.003*[#  16]+0.003*[#  17]+0.002*[#  11]+0.002*[#  12]+0.002*[#  13]
          +0.001*[#   2]+0.001*[#   3]+0.001*[#   4]
    |psi|^2 = 0.995
==== e(  15) =     6.88254 eV ==== 
     psi = 0.126*[#  25]+0.126*[#  31]+0.126*[#  34]+0.063*[#  26]+0.063*[#  27]
          +0.063*[#  29]+0.063*[#  30]+0.063*[#  33]+0.063*[#  35]+0.039*[#  18]
          +0.033*[#  20]+0.033*[#  21]+0.033*[#  23]+0.030*[#  10]+0.008*[#  24]
          +0.008*[#  28]+0.008*[#  32]+0.006*[#   1]+0.005*[#  11]+0.005*[#  12]
          +0.005*[#  13]+0.005*[#  14]+0.002*[#   6]+0.002*[#   7]+0.002*[#   9]
          +0.002*[#   2]+0.002*[#   3]+0.002*[#   4]
    |psi|^2 = 0.994
==== e(  16) =     7.09054 eV ==== 
     psi = 0.115*[#  26]+0.115*[#  27]+0.115*[#  29]+0.115*[#  30]+0.115*[#  33]
          +0.115*[#  35]+0.050*[#  20]+0.050*[#  21]+0.050*[#  23]+0.026*[#   5]
          +0.026*[#   8]+0.016*[#   2]+0.016*[#   3]+0.016*[#   4]+0.014*[#   6]
          +0.014*[#   7]+0.014*[#   9]+0.005*[#  11]+0.005*[#  12]+0.005*[#  13]
          
    |psi|^2 = 0.996
==== e(  17) =     7.09054 eV ==== 
     psi = 0.115*[#  26]+0.115*[#  27]+0.115*[#  29]+0.115*[#  30]+0.115*[#  33]
          +0.115*[#  35]+0.050*[#  20]+0.050*[#  21]+0.050*[#  23]+0.026*[#   5]
          +0.026*[#   8]+0.016*[#   2]+0.016*[#   3]+0.016*[#   4]+0.014*[#   6]
          +0.014*[#   7]+0.014*[#   9]+0.005*[#  11]+0.005*[#  12]+0.005*[#  13]
          
    |psi|^2 = 0.996
==== e(  18) =     8.68050 eV ==== 
     psi = 0.139*[#  26]+0.139*[#  27]+0.139*[#  29]+0.139*[#  30]+0.139*[#  33]
          +0.139*[#  35]+0.013*[#   6]+0.013*[#   7]+0.013*[#   9]+0.013*[#  25]
          +0.013*[#  31]+0.013*[#  34]+0.012*[#  19]+0.012*[#  22]+0.006*[#  11]
          +0.006*[#  12]+0.006*[#  13]+0.005*[#   2]+0.005*[#   3]+0.005*[#   4]
          +0.003*[#  20]+0.003*[#  21]+0.003*[#  23]+0.003*[#  24]+0.003*[#  28]
          +0.003*[#  32]+0.002*[#   5]+0.002*[#   8]
    |psi|^2 = 0.995
==== e(  19) =     8.68050 eV ==== 
     psi = 0.139*[#  26]+0.139*[#  27]+0.139*[#  29]+0.139*[#  30]+0.139*[#  33]
          +0.139*[#  35]+0.013*[#   6]+0.013*[#   7]+0.013*[#   9]+0.013*[#  25]
          +0.013*[#  31]+0.013*[#  34]+0.012*[#  19]+0.012*[#  22]+0.006*[#  11]
          +0.006*[#  12]+0.006*[#  13]+0.005*[#   2]+0.005*[#   3]+0.005*[#   4]
          +0.003*[#  20]+0.003*[#  21]+0.003*[#  23]+0.003*[#  24]+0.003*[#  28]
          +0.003*[#  32]+0.002*[#   5]+0.002*[#   8]
    |psi|^2 = 0.995
==== e(  20) =     8.81875 eV ==== 
     psi = 0.164*[#  26]+0.164*[#  27]+0.164*[#  29]+0.164*[#  30]+0.164*[#  33]
          +0.164*[#  35]
    |psi|^2 = 0.985
==== e(  21) =    12.32082 eV ==== 
     psi = 0.279*[#  20]+0.279*[#  21]+0.279*[#  23]+0.020*[#  26]+0.020*[#  27]
          +0.020*[#  29]+0.020*[#  30]+0.020*[#  33]+0.020*[#  35]+0.004*[#  10]
          +0.004*[#  11]+0.004*[#  12]+0.004*[#  13]+0.002*[#   1]+0.001*[#  24]
          +0.001*[#  28]+0.001*[#  32]+0.001*[#   6]+0.001*[#   7]+0.001*[#   9]
          +0.001*[#  25]+0.001*[#  31]+0.001*[#  34]
    |psi|^2 = 0.986
==== e(  22) =    12.34533 eV ==== 
     psi = 0.264*[#  20]+0.264*[#  21]+0.264*[#  23]+0.024*[#  26]+0.024*[#  27]
          +0.024*[#  29]+0.024*[#  30]+0.024*[#  33]+0.024*[#  35]+0.016*[#   5]
          +0.016*[#   8]+0.003*[#   6]+0.003*[#   7]+0.003*[#   9]+0.001*[#  24]
          +0.001*[#  28]+0.001*[#  32]
    |psi|^2 = 0.991
==== e(  23) =    12.34533 eV ==== 
     psi = 0.264*[#  20]+0.264*[#  21]+0.264*[#  23]+0.024*[#  26]+0.024*[#  27]
          +0.024*[#  29]+0.024*[#  30]+0.024*[#  33]+0.024*[#  35]+0.016*[#   5]
          +0.016*[#   8]+0.003*[#   6]+0.003*[#   7]+0.003*[#   9]+0.001*[#  24]
          +0.001*[#  28]+0.001*[#  32]
    |psi|^2 = 0.991
==== e(  24) =    14.94534 eV ==== 
     psi = 0.349*[#  19]+0.349*[#  22]+0.079*[#  25]+0.079*[#  31]+0.079*[#  34]
          +0.013*[#  24]+0.013*[#  28]+0.013*[#  32]+0.002*[#   6]+0.002*[#   7]
          +0.002*[#   9]+0.001*[#  26]+0.001*[#  27]+0.001*[#  29]+0.001*[#  30]
          +0.001*[#  33]+0.001*[#  35]
    |psi|^2 = 0.990
==== e(  25) =    14.94534 eV ==== 
     psi = 0.349*[#  19]+0.349*[#  22]+0.079*[#  25]+0.079*[#  31]+0.079*[#  34]
          +0.013*[#  24]+0.013*[#  28]+0.013*[#  32]+0.002*[#   6]+0.002*[#   7]
          +0.002*[#   9]+0.001*[#  26]+0.001*[#  27]+0.001*[#  29]+0.001*[#  30]
          +0.001*[#  33]+0.001*[#  35]
    |psi|^2 = 0.990
==== e(  26) =    16.56244 eV ==== 
     psi = 0.334*[#   5]+0.334*[#   8]+0.049*[#   6]+0.049*[#   7]+0.049*[#   9]
          +0.013*[#  24]+0.013*[#  28]+0.013*[#  32]+0.010*[#  26]+0.010*[#  27]
          +0.010*[#  29]+0.010*[#  30]+0.010*[#  33]+0.010*[#  35]+0.006*[#  20]
          +0.006*[#  21]+0.006*[#  23]+0.004*[#   2]+0.004*[#   3]+0.004*[#   4]
          +0.002*[#  25]+0.002*[#  31]+0.002*[#  34]+0.001*[#  19]+0.001*[#  22]
          
    |psi|^2 = 0.951
==== e(  27) =    16.56244 eV ==== 
     psi = 0.334*[#   5]+0.334*[#   8]+0.049*[#   6]+0.049*[#   7]+0.049*[#   9]
          +0.013*[#  24]+0.013*[#  28]+0.013*[#  32]+0.010*[#  26]+0.010*[#  27]
          +0.010*[#  29]+0.010*[#  30]+0.010*[#  33]+0.010*[#  35]+0.006*[#  20]
          +0.006*[#  21]+0.006*[#  23]+0.004*[#   2]+0.004*[#   3]+0.004*[#   4]
          +0.002*[#  25]+0.002*[#  31]+0.002*[#  34]+0.001*[#  19]+0.001*[#  22]
          
    |psi|^2 = 0.951
==== e(  28) =    17.21012 eV ==== 
     psi = 0.196*[#   6]+0.196*[#   7]+0.196*[#   9]+0.137*[#  10]+0.045*[#  24]
          +0.045*[#  28]+0.045*[#  32]+0.016*[#  25]+0.016*[#  31]+0.016*[#  34]
          +0.015*[#  14]+0.015*[#  11]+0.015*[#  12]+0.015*[#  13]+0.005*[#   2]
          +0.005*[#   3]+0.005*[#   4]+0.002*[#   1]
    |psi|^2 = 0.986
==== e(  29) =    18.18501 eV ==== 
     psi = 0.225*[#   6]+0.225*[#   7]+0.225*[#   9]+0.064*[#   5]+0.064*[#   8]
          +0.020*[#  26]+0.020*[#  27]+0.020*[#  29]+0.020*[#  30]+0.020*[#  33]
          +0.020*[#  35]+0.004*[#  25]+0.004*[#  31]+0.004*[#  34]+0.004*[#  20]
          +0.004*[#  21]+0.004*[#  23]+0.003*[#  24]+0.003*[#  28]+0.003*[#  32]
          +0.002*[#  19]+0.002*[#  22]
    |psi|^2 = 0.958
==== e(  30) =    18.18501 eV ==== 
     psi = 0.225*[#   6]+0.225*[#   7]+0.225*[#   9]+0.064*[#   5]+0.064*[#   8]
          +0.020*[#  26]+0.020*[#  27]+0.020*[#  29]+0.020*[#  30]+0.020*[#  33]
          +0.020*[#  35]+0.004*[#  25]+0.004*[#  31]+0.004*[#  34]+0.004*[#  20]
          +0.004*[#  21]+0.004*[#  23]+0.003*[#  24]+0.003*[#  28]+0.003*[#  32]
          +0.002*[#  19]+0.002*[#  22]
    |psi|^2 = 0.958
==== e(  31) =    19.88629 eV ==== 
     psi = 0.216*[#  10]+0.063*[#   6]+0.063*[#   7]+0.063*[#   9]+0.046*[#  11]
          +0.046*[#  12]+0.046*[#  13]+0.021*[#  26]+0.021*[#  27]+0.021*[#  29]
          +0.021*[#  30]+0.021*[#  33]+0.021*[#  35]+0.008*[#  18]+0.007*[#  24]
          +0.007*[#  28]+0.007*[#  32]+0.004*[#  14]+0.003*[#   1]+0.001*[#  25]
          +0.001*[#  31]+0.001*[#  34]
    |psi|^2 = 0.711
==== e(  32) =    20.09826 eV ==== 
     psi = 0.003*[#  20]+0.003*[#  21]+0.003*[#  23]+0.001*[#  11]+0.001*[#  12]
          +0.001*[#  13]
    |psi|^2 = 0.017
==== e(  33) =    20.61914 eV ==== 
     psi = 0.018*[#  11]+0.018*[#  12]+0.018*[#  13]+0.004*[#   5]+0.004*[#   8]
          +0.002*[#   6]+0.002*[#   7]+0.002*[#   9]
    |psi|^2 = 0.074
==== e(  34) =    20.61914 eV ==== 
     psi = 0.018*[#  11]+0.018*[#  12]+0.018*[#  13]+0.004*[#   5]+0.004*[#   8]
          +0.002*[#   6]+0.002*[#   7]+0.002*[#   9]
    |psi|^2 = 0.074
==== e(  35) =    20.63798 eV ==== 
     psi = 0.076*[#  18]+0.053*[#  11]+0.053*[#  12]+0.053*[#  13]+0.022*[#   6]
          +0.022*[#   7]+0.022*[#   9]+0.020*[#   1]+0.016*[#  24]+0.016*[#  28]
          +0.016*[#  32]+0.010*[#  10]+0.006*[#  26]+0.006*[#  27]+0.006*[#  29]
          +0.006*[#  30]+0.006*[#  33]+0.006*[#  35]+0.005*[#  25]+0.005*[#  31]
          +0.005*[#  34]
    |psi|^2 = 0.434

 k =   0.2250000000  0.2250000000  0.2250000000
==== e(   1) =   -46.74905 eV ==== 
     psi = 0.930*[#  14]+0.012*[#  11]+0.012*[#  12]+0.012*[#  13]+0.007*[#  18]
          +0.006*[#  10]+0.004*[#   6]+0.004*[#   7]+0.004*[#   9]+0.003*[#  25]
          +0.003*[#  31]+0.003*[#  34]
    |psi|^2 = 1.000
==== e(   2) =   -23.28547 eV ==== 
     psi = 0.326*[#  15]+0.326*[#  16]+0.326*[#  17]+0.004*[#  25]+0.004*[#  31]
          +0.004*[#  34]+0.003*[#  10]+0.001*[#  11]+0.001*[#  12]+0.001*[#  13]
          +0.001*[#  24]+0.001*[#  28]+0.001*[#  32]
    |psi|^2 = 1.000
==== e(   3) =   -23.28478 eV ==== 
     psi = 0.326*[#  15]+0.326*[#  16]+0.326*[#  17]+0.003*[#  25]+0.003*[#  31]
          +0.003*[#  34]+0.001*[#  24]+0.001*[#  28]+0.001*[#  32]
    |psi|^2 = 1.000
==== e(   4) =   -23.28478 eV ==== 
     psi = 0.326*[#  15]+0.326*[#  16]+0.326*[#  17]+0.003*[#  25]+0.003*[#  31]
          +0.003*[#  34]+0.001*[#  24]+0.001*[#  28]+0.001*[#  32]
    |psi|^2 = 1.000
==== e(   5) =   -15.23480 eV ==== 
     psi = 0.827*[#   1]+0.052*[#  11]+0.052*[#  12]+0.052*[#  13]+0.009*[#  10]
          +0.001*[#  14]
    |psi|^2 = 1.000
==== e(   6) =    -6.89323 eV ==== 
     psi = 0.223*[#  24]+0.223*[#  28]+0.223*[#  32]+0.081*[#  18]+0.066*[#  10]
          +0.033*[#  11]+0.033*[#  12]+0.033*[#  13]+0.019*[#   1]+0.010*[#   6]
          +0.010*[#   7]+0.010*[#   9]+0.009*[#  14]+0.007*[#   2]+0.007*[#   3]
          +0.007*[#   4]+0.002*[#  15]+0.002*[#  16]+0.002*[#  17]
    |psi|^2 = 0.999
==== e(   7) =    -6.29394 eV ==== 
     psi = 0.291*[#  24]+0.291*[#  28]+0.291*[#  32]+0.022*[#  19]+0.022*[#  22]
          +0.016*[#   5]+0.016*[#   8]+0.009*[#   6]+0.009*[#   7]+0.009*[#   9]
          +0.004*[#   2]+0.004*[#   3]+0.004*[#   4]+0.002*[#  15]+0.002*[#  16]
          +0.002*[#  17]+0.002*[#  11]+0.002*[#  12]+0.002*[#  13]
    |psi|^2 = 0.999
==== e(   8) =    -6.29394 eV ==== 
     psi = 0.291*[#  24]+0.291*[#  28]+0.291*[#  32]+0.022*[#  19]+0.022*[#  22]
          +0.016*[#   5]+0.016*[#   8]+0.009*[#   6]+0.009*[#   7]+0.009*[#   9]
          +0.004*[#   2]+0.004*[#   3]+0.004*[#   4]+0.002*[#  15]+0.002*[#  16]
          +0.002*[#  17]+0.002*[#  11]+0.002*[#  12]+0.002*[#  13]
    |psi|^2 = 0.999
==== e(   9) =    -0.58016 eV ==== 
     psi = 0.293*[#   2]+0.293*[#   3]+0.293*[#   4]+0.010*[#   5]+0.010*[#   8]
          +0.009*[#  26]+0.009*[#  27]+0.009*[#  29]+0.009*[#  30]+0.009*[#  33]
          +0.009*[#  35]+0.006*[#  11]+0.006*[#  12]+0.006*[#  13]+0.005*[#  24]
          +0.005*[#  28]+0.005*[#  32]+0.002*[#  20]+0.002*[#  21]+0.002*[#  23]
          
    |psi|^2 = 1.000
==== e(  10) =    -0.58016 eV ==== 
     psi = 0.293*[#   2]+0.293*[#   3]+0.293*[#   4]+0.010*[#   5]+0.010*[#   8]
          +0.009*[#  26]+0.009*[#  27]+0.009*[#  29]+0.009*[#  30]+0.009*[#  33]
          +0.009*[#  35]+0.006*[#  11]+0.006*[#  12]+0.006*[#  13]+0.005*[#  24]
          +0.005*[#  28]+0.005*[#  32]+0.002*[#  20]+0.002*[#  21]+0.002*[#  23]
          
    |psi|^2 = 1.000
==== e(  11) =    -0.09244 eV ==== 
     psi = 0.316*[#   2]+0.316*[#   3]+0.316*[#   4]+0.014*[#  24]+0.014*[#  28]
          +0.014*[#  32]+0.007*[#  10]
    |psi|^2 = 1.000
==== e(  12) =     5.83866 eV ==== 
     psi = 0.141*[#  25]+0.141*[#  31]+0.141*[#  34]+0.059*[#  26]+0.059*[#  27]
          +0.059*[#  29]+0.059*[#  30]+0.059*[#  33]+0.059*[#  35]+0.044*[#  18]
          +0.034*[#  10]+0.025*[#   6]+0.025*[#   7]+0.025*[#   9]+0.014*[#  20]
          +0.014*[#  21]+0.014*[#  23]+0.004*[#  14]+0.003*[#   1]+0.003*[#  15]
          +0.003*[#  16]+0.003*[#  17]
    |psi|^2 = 0.996
==== e(  13) =     6.51233 eV ==== 
     psi = 0.228*[#  25]+0.228*[#  31]+0.228*[#  34]+0.097*[#  19]+0.097*[#  22]
          +0.011*[#  26]+0.011*[#  27]+0.011*[#  29]+0.011*[#  30]+0.011*[#  33]
          +0.011*[#  35]+0.008*[#   6]+0.008*[#   7]+0.008*[#   9]+0.004*[#  15]
          +0.004*[#  16]+0.004*[#  17]+0.002*[#   2]+0.002*[#   3]+0.002*[#   4]
          +0.002*[#  11]+0.002*[#  12]+0.002*[#  13]
    |psi|^2 = 0.994
==== e(  14) =     6.51233 eV ==== 
     psi = 0.228*[#  25]+0.228*[#  31]+0.228*[#  34]+0.097*[#  19]+0.097*[#  22]
          +0.011*[#  26]+0.011*[#  27]+0.011*[#  29]+0.011*[#  30]+0.011*[#  33]
          +0.011*[#  35]+0.008*[#   6]+0.008*[#   7]+0.008*[#   9]+0.004*[#  15]
          +0.004*[#  16]+0.004*[#  17]+0.002*[#   2]+0.002*[#   3]+0.002*[#   4]
          +0.002*[#  11]+0.002*[#  12]+0.002*[#  13]
    |psi|^2 = 0.994
==== e(  15) =     7.12806 eV ==== 
     psi = 0.138*[#  25]+0.138*[#  31]+0.138*[#  34]+0.060*[#  26]+0.060*[#  27]
          +0.060*[#  29]+0.060*[#  30]+0.060*[#  33]+0.060*[#  35]+0.035*[#  18]
          +0.031*[#  20]+0.031*[#  21]+0.031*[#  23]+0.030*[#  10]+0.010*[#  24]
          +0.010*[#  28]+0.010*[#  32]+0.006*[#   1]+0.005*[#  14]+0.004*[#  11]
          +0.004*[#  12]+0.004*[#  13]+0.002*[#   6]+0.002*[#   7]+0.002*[#   9]
          
    |psi|^2 = 0.993
==== e(  16) =     7.16752 eV ==== 
     psi = 0.118*[#  26]+0.118*[#  27]+0.118*[#  29]+0.118*[#  30]+0.118*[#  33]
          +0.118*[#  35]+0.047*[#  20]+0.047*[#  21]+0.047*[#  23]+0.027*[#   5]
          +0.027*[#   8]+0.015*[#   6]+0.015*[#   7]+0.015*[#   9]+0.013*[#   2]
          +0.013*[#   3]+0.013*[#   4]+0.004*[#  11]+0.004*[#  12]+0.004*[#  13]
          
    |psi|^2 = 0.995
==== e(  17) =     7.16752 eV ==== 
     psi = 0.118*[#  26]+0.118*[#  27]+0.118*[#  29]+0.118*[#  30]+0.118*[#  33]
          +0.118*[#  35]+0.047*[#  20]+0.047*[#  21]+0.047*[#  23]+0.027*[#   5]
          +0.027*[#   8]+0.015*[#   6]+0.015*[#   7]+0.015*[#   9]+0.013*[#   2]
          +0.013*[#   3]+0.013*[#   4]+0.004*[#  11]+0.004*[#  12]+0.004*[#  13]
          
    |psi|^2 = 0.995
==== e(  18) =     8.67895 eV ==== 
     psi = 0.135*[#  26]+0.135*[#  27]+0.135*[#  29]+0.135*[#  30]+0.135*[#  33]
          +0.135*[#  35]+0.020*[#  25]+0.020*[#  31]+0.020*[#  34]+0.015*[#  19]
          +0.015*[#  22]+0.011*[#   6]+0.011*[#   7]+0.011*[#   9]+0.007*[#  11]
          +0.007*[#  12]+0.007*[#  13]+0.006*[#   2]+0.006*[#   3]+0.006*[#   4]
          +0.004*[#  20]+0.004*[#  21]+0.004*[#  23]+0.003*[#  24]+0.003*[#  28]
          +0.003*[#  32]+0.001*[#   5]+0.001*[#   8]
    |psi|^2 = 0.995
==== e(  19) =     8.67895 eV ==== 
     psi = 0.135*[#  26]+0.135*[#  27]+0.135*[#  29]+0.135*[#  30]+0.135*[#  33]
          +0.135*[#  35]+0.020*[#  25]+0.020*[#  31]+0.020*[#  34]+0.015*[#  19]
          +0.015*[#  22]+0.011*[#   6]+0.011*[#   7]+0.011*[#   9]+0.007*[#  11]
          +0.007*[#  12]+0.007*[#  13]+0.006*[#   2]+0.006*[#   3]+0.006*[#   4]
          +0.004*[#  20]+0.004*[#  21]+0.004*[#  23]+0.003*[#  24]+0.003*[#  28]
          +0.003*[#  32]+0.001*[#   5]+0.001*[#   8]
    |psi|^2 = 0.995
==== e(  20) =     8.73787 eV ==== 
     psi = 0.164*[#  26]+0.164*[#  27]+0.164*[#  29]+0.164*[#  30]+0.164*[#  33]
          +0.164*[#  35]
    |psi|^2 = 0.984
==== e(  21) =    12.14911 eV ==== 
     psi = 0.282*[#  20]+0.282*[#  21]+0.282*[#  23]+0.018*[#  26]+0.018*[#  27]
          +0.018*[#  29]+0.018*[#  30]+0.018*[#  33]+0.018*[#  35]+0.004*[#  10]
          +0.003*[#  11]+0.003*[#  12]+0.003*[#  13]+0.002*[#   6]+0.002*[#   7]
          +0.002*[#   9]+0.002*[#   1]+0.002*[#  25]+0.002*[#  31]+0.002*[#  34]
          +0.001*[#  24]+0.001*[#  28]+0.001*[#  32]
    |psi|^2 = 0.985
==== e(  22) =    12.18615 eV ==== 
     psi = 0.266*[#  20]+0.266*[#  21]+0.266*[#  23]+0.023*[#  26]+0.023*[#  27]
          +0.023*[#  29]+0.023*[#  30]+0.023*[#  33]+0.023*[#  35]+0.016*[#   5]
          +0.016*[#   8]+0.004*[#   6]+0.004*[#   7]+0.004*[#   9]+0.001*[#  24]
          +0.001*[#  28]+0.001*[#  32]
    |psi|^2 = 0.990
==== e(  23) =    12.18615 eV ==== 
     psi = 0.266*[#  20]+0.266*[#  21]+0.266*[#  23]+0.023*[#  26]+0.023*[#  27]
          +0.023*[#  29]+0.023*[#  30]+0.023*[#  33]+0.023*[#  35]+0.016*[#   5]
          +0.016*[#   8]+0.004*[#   6]+0.004*[#   7]+0.004*[#   9]+0.001*[#  24]
          +0.001*[#  28]+0.001*[#  32]
    |psi|^2 = 0.990
==== e(  24) =    14.68686 eV ==== 
     psi = 0.360*[#  19]+0.360*[#  22]+0.072*[#  25]+0.072*[#  31]+0.072*[#  34]
          +0.014*[#  24]+0.014*[#  28]+0.014*[#  32]+0.001*[#  26]+0.001*[#  27]
          +0.001*[#  29]+0.001*[#  30]+0.001*[#  33]+0.001*[#  35]
    |psi|^2 = 0.990
==== e(  25) =    14.68686 eV ==== 
     psi = 0.360*[#  19]+0.360*[#  22]+0.072*[#  25]+0.072*[#  31]+0.072*[#  34]
          +0.014*[#  24]+0.014*[#  28]+0.014*[#  32]+0.001*[#  26]+0.001*[#  27]
          +0.001*[#  29]+0.001*[#  30]+0.001*[#  33]+0.001*[#  35]
    |psi|^2 = 0.990
==== e(  26) =    16.27892 eV ==== 
     psi = 0.365*[#   5]+0.365*[#   8]+0.030*[#   6]+0.030*[#   7]+0.030*[#   9]
          +0.012*[#  24]+0.012*[#  28]+0.012*[#  32]+0.011*[#  26]+0.011*[#  27]
          +0.011*[#  29]+0.011*[#  30]+0.011*[#  33]+0.011*[#  35]+0.006*[#  20]
          +0.006*[#  21]+0.006*[#  23]+0.004*[#   2]+0.004*[#   3]+0.004*[#   4]
          
    |psi|^2 = 0.953
==== e(  27) =    16.27892 eV ==== 
     psi = 0.365*[#   5]+0.365*[#   8]+0.030*[#   6]+0.030*[#   7]+0.030*[#   9]
          +0.012*[#  24]+0.012*[#  28]+0.012*[#  32]+0.011*[#  26]+0.011*[#  27]
          +0.011*[#  29]+0.011*[#  30]+0.011*[#  33]+0.011*[#  35]+0.006*[#  20]
          +0.006*[#  21]+0.006*[#  23]+0.004*[#   2]+0.004*[#   3]+0.004*[#   4]
          
    |psi|^2 = 0.953
==== e(  28) =    17.20657 eV ==== 
     psi = 0.182*[#   6]+0.182*[#   7]+0.182*[#   9]+0.166*[#  10]+0.047*[#  24]
          +0.047*[#  28]+0.047*[#  32]+0.016*[#  11]+0.016*[#  12]+0.016*[#  13]
          +0.016*[#  14]+0.016*[#  25]+0.016*[#  31]+0.016*[#  34]+0.005*[#   2]
          +0.005*[#   3]+0.005*[#   4]+0.004*[#   1]
    |psi|^2 = 0.986
==== e(  29) =    18.23327 eV ==== 
     psi = 0.250*[#   6]+0.250*[#   7]+0.250*[#   9]+0.038*[#   5]+0.038*[#   8]
          +0.018*[#  26]+0.018*[#  27]+0.018*[#  29]+0.018*[#  30]+0.018*[#  33]
          +0.018*[#  35]+0.006*[#  20]+0.006*[#  21]+0.006*[#  23]+0.004*[#  25]
          +0.004*[#  31]+0.004*[#  34]+0.002*[#  24]+0.002*[#  28]+0.002*[#  32]
          +0.001*[#  19]+0.001*[#  22]
    |psi|^2 = 0.973
==== e(  30) =    18.23327 eV ==== 
     psi = 0.250*[#   6]+0.250*[#   7]+0.250*[#   9]+0.038*[#   5]+0.038*[#   8]
          +0.018*[#  26]+0.018*[#  27]+0.018*[#  29]+0.018*[#  30]+0.018*[#  33]
          +0.018*[#  35]+0.006*[#  20]+0.006*[#  21]+0.006*[#  23]+0.004*[#  25]
          +0.004*[#  31]+0.004*[#  34]+0.002*[#  24]+0.002*[#  28]+0.002*[#  32]
          +0.001*[#  19]+0.001*[#  22]
    |psi|^2 = 0.973
==== e(  31) =    19.61125 eV ==== 
     psi = 0.197*[#  10]+0.096*[#   6]+0.096*[#   7]+0.096*[#   9]+0.067*[#  11]
          +0.067*[#  12]+0.067*[#  13]+0.026*[#  26]+0.026*[#  27]+0.026*[#  29]
          +0.026*[#  30]+0.026*[#  33]+0.026*[#  35]+0.017*[#  24]+0.017*[#  28]
          +0.017*[#  32]+0.013*[#   1]+0.005*[#  14]+0.001*[#   2]+0.001*[#   3]
          +0.001*[#   4]
    |psi|^2 = 0.916
==== e(  32) =    20.17901 eV ==== 
     psi = 0.005*[#  10]+0.003*[#  20]+0.003*[#  21]+0.003*[#  23]+0.002*[#  18]
          
    |psi|^2 = 0.019
==== e(  33) =    20.47283 eV ==== 
     psi = 0.085*[#  18]+0.022*[#  11]+0.022*[#  12]+0.022*[#  13]+0.015*[#   1]
          +0.010*[#  24]+0.010*[#  28]+0.010*[#  32]+0.006*[#  25]+0.006*[#  31]
          +0.006*[#  34]+0.005*[#  10]+0.004*[#   6]+0.004*[#   7]+0.004*[#   9]
          
    |psi|^2 = 0.235
==== e(  34) =    20.58470 eV ==== 
     psi = 0.021*[#  11]+0.021*[#  12]+0.021*[#  13]+0.003*[#   5]+0.003*[#   8]
          +0.001*[#   6]+0.001*[#   7]+0.001*[#   9]
    |psi|^2 = 0.078
==== e(  35) =    20.58470 eV ==== 
     psi = 0.021*[#  11]+0.021*[#  12]+0.021*[#  13]+0.003*[#   5]+0.003*[#   8]
          +0.001*[#   6]+0.001*[#   7]+0.001*[#   9]
    |psi|^2 = 0.078

 k =   0.2000000000  0.2000000000  0.2000000000
==== e(   1) =   -46.74919 eV ==== 
     psi = 0.930*[#  14]+0.012*[#  11]+0.012*[#  12]+0.012*[#  13]+0.009*[#  10]
          +0.007*[#  18]+0.003*[#   6]+0.003*[#   7]+0.003*[#   9]+0.003*[#  25]
          +0.003*[#  31]+0.003*[#  34]
    |psi|^2 = 1.000
==== e(   2) =   -23.28268 eV ==== 
     psi = 0.326*[#  15]+0.326*[#  16]+0.326*[#  17]+0.004*[#  25]+0.004*[#  31]
          +0.004*[#  34]+0.003*[#  10]
    |psi|^2 = 1.000
==== e(   3) =   -23.28201 eV ==== 
     psi = 0.326*[#  15]+0.326*[#  16]+0.326*[#  17]+0.004*[#  25]+0.004*[#  31]
          +0.004*[#  34]+0.001*[#  24]+0.001*[#  28]+0.001*[#  32]
    |psi|^2 = 1.000
==== e(   4) =   -23.28201 eV ==== 
     psi = 0.326*[#  15]+0.326*[#  16]+0.326*[#  17]+0.004*[#  25]+0.004*[#  31]
          +0.004*[#  34]+0.001*[#  24]+0.001*[#  28]+0.001*[#  32]
    |psi|^2 = 1.000
==== e(   5) =   -15.25196 eV ==== 
     psi = 0.828*[#   1]+0.053*[#  11]+0.053*[#  12]+0.053*[#  13]+0.003*[#  10]
          +0.002*[#  18]+0.002*[#  14]
    |psi|^2 = 1.000
==== e(   6) =    -6.94370 eV ==== 
     psi = 0.219*[#  24]+0.219*[#  28]+0.219*[#  32]+0.090*[#  18]+0.080*[#  10]
          +0.031*[#  11]+0.031*[#  12]+0.031*[#  13]+0.023*[#   1]+0.009*[#  14]
          +0.007*[#   6]+0.007*[#   7]+0.007*[#   9]+0.007*[#   2]+0.007*[#   3]
          +0.007*[#   4]+0.002*[#  15]+0.002*[#  16]+0.002*[#  17]
    |psi|^2 = 0.999
==== e(   7) =    -6.30562 eV ==== 
     psi = 0.291*[#  24]+0.291*[#  28]+0.291*[#  32]+0.025*[#  19]+0.025*[#  22]
          +0.019*[#   5]+0.019*[#   8]+0.006*[#   6]+0.006*[#   7]+0.006*[#   9]
          +0.003*[#   2]+0.003*[#   3]+0.003*[#   4]+0.002*[#  15]+0.002*[#  16]
          +0.002*[#  17]+0.001*[#  11]+0.001*[#  12]+0.001*[#  13]
    |psi|^2 = 0.999
==== e(   8) =    -6.30562 eV ==== 
     psi = 0.291*[#  24]+0.291*[#  28]+0.291*[#  32]+0.025*[#  19]+0.025*[#  22]
          +0.019*[#   5]+0.019*[#   8]+0.006*[#   6]+0.006*[#   7]+0.006*[#   9]
          +0.003*[#   2]+0.003*[#   3]+0.003*[#   4]+0.002*[#  15]+0.002*[#  16]
          +0.002*[#  17]+0.001*[#  11]+0.001*[#  12]+0.001*[#  13]
    |psi|^2 = 0.999
==== e(   9) =    -0.54152 eV ==== 
     psi = 0.295*[#   2]+0.295*[#   3]+0.295*[#   4]+0.009*[#   5]+0.009*[#   8]
          +0.009*[#  26]+0.009*[#  27]+0.009*[#  29]+0.009*[#  30]+0.009*[#  33]
          +0.009*[#  35]+0.007*[#  11]+0.007*[#  12]+0.007*[#  13]+0.005*[#  24]
          +0.005*[#  28]+0.005*[#  32]+0.001*[#  20]+0.001*[#  21]+0.001*[#  23]
          
    |psi|^2 = 1.000
==== e(  10) =    -0.54152 eV ==== 
     psi = 0.295*[#   2]+0.295*[#   3]+0.295*[#   4]+0.009*[#   5]+0.009*[#   8]
          +0.009*[#  26]+0.009*[#  27]+0.009*[#  29]+0.009*[#  30]+0.009*[#  33]
          +0.009*[#  35]+0.007*[#  11]+0.007*[#  12]+0.007*[#  13]+0.005*[#  24]
          +0.005*[#  28]+0.005*[#  32]+0.001*[#  20]+0.001*[#  21]+0.001*[#  23]
          
    |psi|^2 = 1.000
==== e(  11) =    -0.10070 eV ==== 
     psi = 0.315*[#   2]+0.315*[#   3]+0.315*[#   4]+0.012*[#  24]+0.012*[#  28]
          +0.012*[#  32]+0.007*[#  10]+0.001*[#  18]+0.001*[#  11]+0.001*[#  12]
          +0.001*[#  13]
    |psi|^2 = 1.000
==== e(  12) =     5.97929 eV ==== 
     psi = 0.140*[#  25]+0.140*[#  31]+0.140*[#  34]+0.062*[#  26]+0.062*[#  27]
          +0.062*[#  29]+0.062*[#  30]+0.062*[#  33]+0.062*[#  35]+0.036*[#  10]
          +0.036*[#  18]+0.024*[#   6]+0.024*[#   7]+0.024*[#   9]+0.012*[#  20]
          +0.012*[#  21]+0.012*[#  23]+0.004*[#  15]+0.004*[#  16]+0.004*[#  17]
          +0.003*[#   1]+0.003*[#  14]+0.002*[#   2]+0.002*[#   3]+0.002*[#   4]
          
    |psi|^2 = 0.996
==== e(  13) =     6.62196 eV ==== 
     psi = 0.227*[#  25]+0.227*[#  31]+0.227*[#  34]+0.080*[#  19]+0.080*[#  22]
          +0.016*[#  26]+0.016*[#  27]+0.016*[#  29]+0.016*[#  30]+0.016*[#  33]
          +0.016*[#  35]+0.007*[#   6]+0.007*[#   7]+0.007*[#   9]+0.004*[#  15]
          +0.004*[#  16]+0.004*[#  17]+0.004*[#   2]+0.004*[#   3]+0.004*[#   4]
          +0.003*[#  11]+0.003*[#  12]+0.003*[#  13]
    |psi|^2 = 0.993
==== e(  14) =     6.62196 eV ==== 
     psi = 0.227*[#  25]+0.227*[#  31]+0.227*[#  34]+0.080*[#  19]+0.080*[#  22]
          +0.016*[#  26]+0.016*[#  27]+0.016*[#  29]+0.016*[#  30]+0.016*[#  33]
          +0.016*[#  35]+0.007*[#   6]+0.007*[#   7]+0.007*[#   9]+0.004*[#  15]
          +0.004*[#  16]+0.004*[#  17]+0.004*[#   2]+0.004*[#   3]+0.004*[#   4]
          +0.003*[#  11]+0.003*[#  12]+0.003*[#  13]
    |psi|^2 = 0.993
==== e(  15) =     7.26910 eV ==== 
     psi = 0.121*[#  26]+0.121*[#  27]+0.121*[#  29]+0.121*[#  30]+0.121*[#  33]
          +0.121*[#  35]+0.043*[#  20]+0.043*[#  21]+0.043*[#  23]+0.026*[#   5]
          +0.026*[#   8]+0.015*[#   6]+0.015*[#   7]+0.015*[#   9]+0.010*[#   2]
          +0.010*[#   3]+0.010*[#   4]+0.002*[#  11]+0.002*[#  12]+0.002*[#  13]
          
    |psi|^2 = 0.994
==== e(  16) =     7.26910 eV ==== 
     psi = 0.121*[#  26]+0.121*[#  27]+0.121*[#  29]+0.121*[#  30]+0.121*[#  33]
          +0.121*[#  35]+0.043*[#  20]+0.043*[#  21]+0.043*[#  23]+0.026*[#   5]
          +0.026*[#   8]+0.015*[#   6]+0.015*[#   7]+0.015*[#   9]+0.010*[#   2]
          +0.010*[#   3]+0.010*[#   4]+0.002*[#  11]+0.002*[#  12]+0.002*[#  13]
          
    |psi|^2 = 0.994
==== e(  17) =     7.40021 eV ==== 
     psi = 0.144*[#  25]+0.144*[#  31]+0.144*[#  34]+0.060*[#  26]+0.060*[#  27]
          +0.060*[#  29]+0.060*[#  30]+0.060*[#  33]+0.060*[#  35]+0.031*[#  10]
          +0.029*[#  18]+0.029*[#  20]+0.029*[#  21]+0.029*[#  23]+0.010*[#  24]
          +0.010*[#  28]+0.010*[#  32]+0.006*[#   1]+0.005*[#  14]+0.003*[#  11]
          +0.003*[#  12]+0.003*[#  13]+0.001*[#   6]+0.001*[#   7]+0.001*[#   9]
          
    |psi|^2 = 0.993
==== e(  18) =     8.66028 eV ==== 
     psi = 0.164*[#  26]+0.164*[#  27]+0.164*[#  29]+0.164*[#  30]+0.164*[#  33]
          +0.164*[#  35]
    |psi|^2 = 0.983
==== e(  19) =     8.70246 eV ==== 
     psi = 0.131*[#  26]+0.131*[#  27]+0.131*[#  29]+0.131*[#  30]+0.131*[#  33]
          +0.131*[#  35]+0.029*[#  25]+0.029*[#  31]+0.029*[#  34]+0.019*[#  19]
          +0.019*[#  22]+0.009*[#   6]+0.009*[#   7]+0.009*[#   9]+0.007*[#  11]
          +0.007*[#  12]+0.007*[#  13]+0.006*[#   2]+0.006*[#   3]+0.006*[#   4]
          +0.004*[#  20]+0.004*[#  21]+0.004*[#  23]+0.002*[#  24]+0.002*[#  28]
          +0.002*[#  32]
    |psi|^2 = 0.995
==== e(  20) =     8.70246 eV ==== 
     psi = 0.131*[#  26]+0.131*[#  27]+0.131*[#  29]+0.131*[#  30]+0.131*[#  33]
          +0.131*[#  35]+0.029*[#  25]+0.029*[#  31]+0.029*[#  34]+0.019*[#  19]
          +0.019*[#  22]+0.009*[#   6]+0.009*[#   7]+0.009*[#   9]+0.007*[#  11]
          +0.007*[#  12]+0.007*[#  13]+0.006*[#   2]+0.006*[#   3]+0.006*[#   4]
          +0.004*[#  20]+0.004*[#  21]+0.004*[#  23]+0.002*[#  24]+0.002*[#  28]
          +0.002*[#  32]
    |psi|^2 = 0.995
==== e(  21) =    11.97320 eV ==== 
     psi = 0.284*[#  20]+0.284*[#  21]+0.284*[#  23]+0.016*[#  26]+0.016*[#  27]
          +0.016*[#  29]+0.016*[#  30]+0.016*[#  33]+0.016*[#  35]+0.004*[#   6]
          +0.004*[#   7]+0.004*[#   9]+0.003*[#  10]+0.003*[#  11]+0.003*[#  12]
          +0.003*[#  13]+0.002*[#  25]+0.002*[#  31]+0.002*[#  34]+0.002*[#   1]
          +0.001*[#  24]+0.001*[#  28]+0.001*[#  32]
    |psi|^2 = 0.984
==== e(  22) =    12.02363 eV ==== 
     psi = 0.268*[#  20]+0.268*[#  21]+0.268*[#  23]+0.022*[#  26]+0.022*[#  27]
          +0.022*[#  29]+0.022*[#  30]+0.022*[#  33]+0.022*[#  35]+0.015*[#   5]
          +0.015*[#   8]+0.005*[#   6]+0.005*[#   7]+0.005*[#   9]+0.001*[#  24]
          +0.001*[#  28]+0.001*[#  32]+0.001*[#  19]+0.001*[#  22]
    |psi|^2 = 0.990
==== e(  23) =    12.02363 eV ==== 
     psi = 0.268*[#  20]+0.268*[#  21]+0.268*[#  23]+0.022*[#  26]+0.022*[#  27]
          +0.022*[#  29]+0.022*[#  30]+0.022*[#  33]+0.022*[#  35]+0.015*[#   5]
          +0.015*[#   8]+0.005*[#   6]+0.005*[#   7]+0.005*[#   9]+0.001*[#  24]
          +0.001*[#  28]+0.001*[#  32]+0.001*[#  19]+0.001*[#  22]
    |psi|^2 = 0.990
==== e(  24) =    14.42678 eV ==== 
     psi = 0.371*[#  19]+0.371*[#  22]+0.065*[#  25]+0.065*[#  31]+0.065*[#  34]
          +0.015*[#  24]+0.015*[#  28]+0.015*[#  32]+0.001*[#  26]+0.001*[#  27]
          +0.001*[#  29]+0.001*[#  30]+0.001*[#  33]+0.001*[#  35]
    |psi|^2 = 0.991
==== e(  25) =    14.42678 eV ==== 
     psi = 0.371*[#  19]+0.371*[#  22]+0.065*[#  25]+0.065*[#  31]+0.065*[#  34]
          +0.015*[#  24]+0.015*[#  28]+0.015*[#  32]+0.001*[#  26]+0.001*[#  27]
          +0.001*[#  29]+0.001*[#  30]+0.001*[#  33]+0.001*[#  35]
    |psi|^2 = 0.991
==== e(  26) =    15.97766 eV ==== 
     psi = 0.385*[#   5]+0.385*[#   8]+0.018*[#   6]+0.018*[#   7]+0.018*[#   9]
          +0.013*[#  24]+0.013*[#  28]+0.013*[#  32]+0.011*[#  26]+0.011*[#  27]
          +0.011*[#  29]+0.011*[#  30]+0.011*[#  33]+0.011*[#  35]+0.005*[#  20]
          +0.005*[#  21]+0.005*[#  23]+0.004*[#   2]+0.004*[#   3]+0.004*[#   4]
          
    |psi|^2 = 0.958
==== e(  27) =    15.97766 eV ==== 
     psi = 0.385*[#   5]+0.385*[#   8]+0.018*[#   6]+0.018*[#   7]+0.018*[#   9]
          +0.013*[#  24]+0.013*[#  28]+0.013*[#  32]+0.011*[#  26]+0.011*[#  27]
          +0.011*[#  29]+0.011*[#  30]+0.011*[#  33]+0.011*[#  35]+0.005*[#  20]
          +0.005*[#  21]+0.005*[#  23]+0.004*[#   2]+0.004*[#   3]+0.004*[#   4]
          
    |psi|^2 = 0.958
==== e(  28) =    17.17571 eV ==== 
     psi = 0.201*[#  10]+0.164*[#   6]+0.164*[#   7]+0.164*[#   9]+0.051*[#  24]
          +0.051*[#  28]+0.051*[#  32]+0.019*[#  11]+0.019*[#  12]+0.019*[#  13]
          +0.017*[#  14]+0.015*[#  25]+0.015*[#  31]+0.015*[#  34]+0.007*[#   1]
          +0.005*[#   2]+0.005*[#   3]+0.005*[#   4]+0.002*[#  18]
    |psi|^2 = 0.987
==== e(  29) =    18.23681 eV ==== 
     psi = 0.267*[#   6]+0.267*[#   7]+0.267*[#   9]+0.023*[#   5]+0.023*[#   8]
          +0.015*[#  26]+0.015*[#  27]+0.015*[#  29]+0.015*[#  30]+0.015*[#  33]
          +0.015*[#  35]+0.008*[#  20]+0.008*[#  21]+0.008*[#  23]+0.003*[#  25]
          +0.003*[#  31]+0.003*[#  34]+0.001*[#  24]+0.001*[#  28]+0.001*[#  32]
          
    |psi|^2 = 0.982
==== e(  30) =    18.23681 eV ==== 
     psi = 0.267*[#   6]+0.267*[#   7]+0.267*[#   9]+0.023*[#   5]+0.023*[#   8]
          +0.015*[#  26]+0.015*[#  27]+0.015*[#  29]+0.015*[#  30]+0.015*[#  33]
          +0.015*[#  35]+0.008*[#  20]+0.008*[#  21]+0.008*[#  23]+0.003*[#  25]
          +0.003*[#  31]+0.003*[#  34]+0.001*[#  24]+0.001*[#  28]+0.001*[#  32]
          
    |psi|^2 = 0.982
==== e(  31) =    19.21394 eV ==== 
     psi = 0.160*[#  10]+0.120*[#   6]+0.120*[#   7]+0.120*[#   9]+0.066*[#  11]
          +0.066*[#  12]+0.066*[#  13]+0.025*[#  26]+0.025*[#  27]+0.025*[#  29]
          +0.025*[#  30]+0.025*[#  33]+0.025*[#  35]+0.022*[#  24]+0.022*[#  28]
          +0.022*[#  32]+0.018*[#   1]+0.007*[#  18]+0.005*[#  14]+0.001*[#   2]
          +0.001*[#   3]+0.001*[#   4]+0.001*[#  20]+0.001*[#  21]+0.001*[#  23]
          
    |psi|^2 = 0.973
==== e(  32) =    20.26249 eV ==== 
     psi = 0.003*[#  20]+0.003*[#  21]+0.003*[#  23]+0.002*[#  10]+0.001*[#   6]
          +0.001*[#   7]+0.001*[#   9]+0.001*[#  18]
    |psi|^2 = 0.018
==== e(  33) =    20.44897 eV ==== 
     psi = 0.082*[#  18]+0.027*[#  10]+0.011*[#  11]+0.011*[#  12]+0.011*[#  13]
          +0.011*[#   1]+0.006*[#  24]+0.006*[#  28]+0.006*[#  32]+0.005*[#  25]
          +0.005*[#  31]+0.005*[#  34]
    |psi|^2 = 0.184
==== e(  34) =    20.58218 eV ==== 
     psi = 0.023*[#  11]+0.023*[#  12]+0.023*[#  13]+0.002*[#   5]+0.002*[#   8]
          
    |psi|^2 = 0.080
==== e(  35) =    20.58218 eV ==== 
     psi = 0.023*[#  11]+0.023*[#  12]+0.023*[#  13]+0.002*[#   5]+0.002*[#   8]
          
    |psi|^2 = 0.080

 k =   0.1750000000  0.1750000000  0.1750000000
==== e(   1) =   -46.74931 eV ==== 
     psi = 0.931*[#  14]+0.013*[#  10]+0.012*[#  11]+0.012*[#  12]+0.012*[#  13]
          +0.007*[#  18]+0.002*[#  25]+0.002*[#  31]+0.002*[#  34]+0.002*[#   6]
          +0.002*[#   7]+0.002*[#   9]
    |psi|^2 = 1.000
==== e(   2) =   -23.27999 eV ==== 
     psi = 0.326*[#  15]+0.326*[#  16]+0.326*[#  17]+0.004*[#  25]+0.004*[#  31]
          +0.004*[#  34]+0.003*[#  10]
    |psi|^2 = 1.000
==== e(   3) =   -23.27937 eV ==== 
     psi = 0.326*[#  15]+0.326*[#  16]+0.326*[#  17]+0.004*[#  25]+0.004*[#  31]
          +0.004*[#  34]
    |psi|^2 = 1.000
==== e(   4) =   -23.27937 eV ==== 
     psi = 0.326*[#  15]+0.326*[#  16]+0.326*[#  17]+0.004*[#  25]+0.004*[#  31]
          +0.004*[#  34]
    |psi|^2 = 1.000
==== e(   5) =   -15.26896 eV ==== 
     psi = 0.834*[#   1]+0.051*[#  11]+0.051*[#  12]+0.051*[#  13]+0.004*[#  18]
          +0.002*[#  14]
    |psi|^2 = 1.000
==== e(   6) =    -6.98312 eV ==== 
     psi = 0.217*[#  24]+0.217*[#  28]+0.217*[#  32]+0.097*[#  18]+0.095*[#  10]
          +0.028*[#   1]+0.028*[#  11]+0.028*[#  12]+0.028*[#  13]+0.010*[#  14]
          +0.006*[#   2]+0.006*[#   3]+0.006*[#   4]+0.005*[#   6]+0.005*[#   7]
          +0.005*[#   9]+0.001*[#  15]+0.001*[#  16]+0.001*[#  17]
    |psi|^2 = 1.000
==== e(   7) =    -6.31523 eV ==== 
     psi = 0.292*[#  24]+0.292*[#  28]+0.292*[#  32]+0.027*[#  19]+0.027*[#  22]
          +0.021*[#   5]+0.021*[#   8]+0.004*[#   6]+0.004*[#   7]+0.004*[#   9]
          +0.003*[#   2]+0.003*[#   3]+0.003*[#   4]+0.002*[#  15]+0.002*[#  16]
          +0.002*[#  17]
    |psi|^2 = 0.999
==== e(   8) =    -6.31523 eV ==== 
     psi = 0.292*[#  24]+0.292*[#  28]+0.292*[#  32]+0.027*[#  19]+0.027*[#  22]
          +0.021*[#   5]+0.021*[#   8]+0.004*[#   6]+0.004*[#   7]+0.004*[#   9]
          +0.003*[#   2]+0.003*[#   3]+0.003*[#   4]+0.002*[#  15]+0.002*[#  16]
          +0.002*[#  17]
    |psi|^2 = 0.999
==== e(   9) =    -0.51353 eV ==== 
     psi = 0.295*[#   2]+0.295*[#   3]+0.295*[#   4]+0.009*[#  26]+0.009*[#  27]
          +0.009*[#  29]+0.009*[#  30]+0.009*[#  33]+0.009*[#  35]+0.008*[#  11]
          +0.008*[#  12]+0.008*[#  13]+0.007*[#   5]+0.007*[#   8]+0.004*[#  24]
          +0.004*[#  28]+0.004*[#  32]+0.001*[#  25]+0.001*[#  31]+0.001*[#  34]
          
    |psi|^2 = 1.000
==== e(  10) =    -0.51353 eV ==== 
     psi = 0.295*[#   2]+0.295*[#   3]+0.295*[#   4]+0.009*[#  26]+0.009*[#  27]
          +0.009*[#  29]+0.009*[#  30]+0.009*[#  33]+0.009*[#  35]+0.008*[#  11]
          +0.008*[#  12]+0.008*[#  13]+0.007*[#   5]+0.007*[#   8]+0.004*[#  24]
          +0.004*[#  28]+0.004*[#  32]+0.001*[#  25]+0.001*[#  31]+0.001*[#  34]
          
    |psi|^2 = 1.000
==== e(  11) =    -0.13768 eV ==== 
     psi = 0.313*[#   2]+0.313*[#   3]+0.313*[#   4]+0.010*[#  24]+0.010*[#  28]
          +0.010*[#  32]+0.006*[#  10]+0.002*[#  11]+0.002*[#  12]+0.002*[#  13]
          +0.002*[#  18]+0.002*[#  26]+0.002*[#  27]+0.002*[#  29]+0.002*[#  30]
          +0.002*[#  33]+0.002*[#  35]
    |psi|^2 = 1.000
==== e(  12) =     6.14800 eV ==== 
     psi = 0.145*[#  25]+0.145*[#  31]+0.145*[#  34]+0.062*[#  26]+0.062*[#  27]
          +0.062*[#  29]+0.062*[#  30]+0.062*[#  33]+0.062*[#  35]+0.035*[#  10]
          +0.030*[#  18]+0.021*[#   6]+0.021*[#   7]+0.021*[#   9]+0.009*[#  20]
          +0.009*[#  21]+0.009*[#  23]+0.004*[#  15]+0.004*[#  16]+0.004*[#  17]
          +0.004*[#   2]+0.004*[#   3]+0.004*[#   4]+0.002*[#   1]+0.002*[#  14]
          
    |psi|^2 = 0.995
==== e(  13) =     6.72393 eV ==== 
     psi = 0.225*[#  25]+0.225*[#  31]+0.225*[#  34]+0.064*[#  19]+0.064*[#  22]
          +0.021*[#  26]+0.021*[#  27]+0.021*[#  29]+0.021*[#  30]+0.021*[#  33]
          +0.021*[#  35]+0.007*[#   6]+0.007*[#   7]+0.007*[#   9]+0.005*[#   2]
          +0.005*[#   3]+0.005*[#   4]+0.005*[#  15]+0.005*[#  16]+0.005*[#  17]
          +0.003*[#  11]+0.003*[#  12]+0.003*[#  13]
    |psi|^2 = 0.991
==== e(  14) =     6.72393 eV ==== 
     psi = 0.225*[#  25]+0.225*[#  31]+0.225*[#  34]+0.064*[#  19]+0.064*[#  22]
          +0.021*[#  26]+0.021*[#  27]+0.021*[#  29]+0.021*[#  30]+0.021*[#  33]
          +0.021*[#  35]+0.007*[#   6]+0.007*[#   7]+0.007*[#   9]+0.005*[#   2]
          +0.005*[#   3]+0.005*[#   4]+0.005*[#  15]+0.005*[#  16]+0.005*[#  17]
          +0.003*[#  11]+0.003*[#  12]+0.003*[#  13]
    |psi|^2 = 0.991
==== e(  15) =     7.39561 eV ==== 
     psi = 0.126*[#  26]+0.126*[#  27]+0.126*[#  29]+0.126*[#  30]+0.126*[#  33]
          +0.126*[#  35]+0.039*[#  20]+0.039*[#  21]+0.039*[#  23]+0.025*[#   5]
          +0.025*[#   8]+0.015*[#   6]+0.015*[#   7]+0.015*[#   9]+0.007*[#   2]
          +0.007*[#   3]+0.007*[#   4]+0.001*[#  11]+0.001*[#  12]+0.001*[#  13]
          
    |psi|^2 = 0.993
==== e(  16) =     7.39561 eV ==== 
     psi = 0.126*[#  26]+0.126*[#  27]+0.126*[#  29]+0.126*[#  30]+0.126*[#  33]
          +0.126*[#  35]+0.039*[#  20]+0.039*[#  21]+0.039*[#  23]+0.025*[#   5]
          +0.025*[#   8]+0.015*[#   6]+0.015*[#   7]+0.015*[#   9]+0.007*[#   2]
          +0.007*[#   3]+0.007*[#   4]+0.001*[#  11]+0.001*[#  12]+0.001*[#  13]
          
    |psi|^2 = 0.993
==== e(  17) =     7.68907 eV ==== 
     psi = 0.144*[#  25]+0.144*[#  31]+0.144*[#  34]+0.063*[#  26]+0.063*[#  27]
          +0.063*[#  29]+0.063*[#  30]+0.063*[#  33]+0.063*[#  35]+0.033*[#  10]
          +0.027*[#  20]+0.027*[#  21]+0.027*[#  23]+0.023*[#  18]+0.010*[#  24]
          +0.010*[#  28]+0.010*[#  32]+0.005*[#   1]+0.004*[#  14]+0.001*[#  11]
          +0.001*[#  12]+0.001*[#  13]+0.001*[#   6]+0.001*[#   7]+0.001*[#   9]
          
    |psi|^2 = 0.993
==== e(  18) =     8.58771 eV ==== 
     psi = 0.164*[#  26]+0.164*[#  27]+0.164*[#  29]+0.164*[#  30]+0.164*[#  33]
          +0.164*[#  35]
    |psi|^2 = 0.983
==== e(  19) =     8.74907 eV ==== 
     psi = 0.126*[#  26]+0.126*[#  27]+0.126*[#  29]+0.126*[#  30]+0.126*[#  33]
          +0.126*[#  35]+0.040*[#  25]+0.040*[#  31]+0.040*[#  34]+0.021*[#  19]
          +0.021*[#  22]+0.007*[#  11]+0.007*[#  12]+0.007*[#  13]+0.006*[#   2]
          +0.006*[#   3]+0.006*[#   4]+0.006*[#   6]+0.006*[#   7]+0.006*[#   9]
          +0.004*[#  20]+0.004*[#  21]+0.004*[#  23]+0.002*[#  24]+0.002*[#  28]
          +0.002*[#  32]
    |psi|^2 = 0.996
==== e(  20) =     8.74907 eV ==== 
     psi = 0.126*[#  26]+0.126*[#  27]+0.126*[#  29]+0.126*[#  30]+0.126*[#  33]
          +0.126*[#  35]+0.040*[#  25]+0.040*[#  31]+0.040*[#  34]+0.021*[#  19]
          +0.021*[#  22]+0.007*[#  11]+0.007*[#  12]+0.007*[#  13]+0.006*[#   2]
          +0.006*[#   3]+0.006*[#   4]+0.006*[#   6]+0.006*[#   7]+0.006*[#   9]
          +0.004*[#  20]+0.004*[#  21]+0.004*[#  23]+0.002*[#  24]+0.002*[#  28]
          +0.002*[#  32]
    |psi|^2 = 0.996
==== e(  21) =    11.79726 eV ==== 
     psi = 0.287*[#  20]+0.287*[#  21]+0.287*[#  23]+0.013*[#  26]+0.013*[#  27]
          +0.013*[#  29]+0.013*[#  30]+0.013*[#  33]+0.013*[#  35]+0.007*[#   6]
          +0.007*[#   7]+0.007*[#   9]+0.003*[#  25]+0.003*[#  31]+0.003*[#  34]
          +0.002*[#  11]+0.002*[#  12]+0.002*[#  13]+0.002*[#  10]+0.002*[#   1]
          
    |psi|^2 = 0.985
==== e(  22) =    11.85947 eV ==== 
     psi = 0.271*[#  20]+0.271*[#  21]+0.271*[#  23]+0.020*[#  26]+0.020*[#  27]
          +0.020*[#  29]+0.020*[#  30]+0.020*[#  33]+0.020*[#  35]+0.013*[#   5]
          +0.013*[#   8]+0.006*[#   6]+0.006*[#   7]+0.006*[#   9]+0.001*[#  24]
          +0.001*[#  28]+0.001*[#  32]+0.001*[#  19]+0.001*[#  22]
    |psi|^2 = 0.989
==== e(  23) =    11.85947 eV ==== 
     psi = 0.271*[#  20]+0.271*[#  21]+0.271*[#  23]+0.020*[#  26]+0.020*[#  27]
          +0.020*[#  29]+0.020*[#  30]+0.020*[#  33]+0.020*[#  35]+0.013*[#   5]
          +0.013*[#   8]+0.006*[#   6]+0.006*[#   7]+0.006*[#   9]+0.001*[#  24]
          +0.001*[#  28]+0.001*[#  32]+0.001*[#  19]+0.001*[#  22]
    |psi|^2 = 0.989
==== e(  24) =    14.17054 eV ==== 
     psi = 0.383*[#  19]+0.383*[#  22]+0.056*[#  25]+0.056*[#  31]+0.056*[#  34]
          +0.016*[#  24]+0.016*[#  28]+0.016*[#  32]+0.001*[#  26]+0.001*[#  27]
          +0.001*[#  29]+0.001*[#  30]+0.001*[#  33]+0.001*[#  35]
    |psi|^2 = 0.991
==== e(  25) =    14.17054 eV ==== 
     psi = 0.383*[#  19]+0.383*[#  22]+0.056*[#  25]+0.056*[#  31]+0.056*[#  34]
          +0.016*[#  24]+0.016*[#  28]+0.016*[#  32]+0.001*[#  26]+0.001*[#  27]
          +0.001*[#  29]+0.001*[#  30]+0.001*[#  33]+0.001*[#  35]
    |psi|^2 = 0.991
==== e(  26) =    15.67163 eV ==== 
     psi = 0.401*[#   5]+0.401*[#   8]+0.013*[#  24]+0.013*[#  28]+0.013*[#  32]
          +0.011*[#   6]+0.011*[#   7]+0.011*[#   9]+0.011*[#  26]+0.011*[#  27]
          +0.011*[#  29]+0.011*[#  30]+0.011*[#  33]+0.011*[#  35]+0.004*[#  20]
          +0.004*[#  21]+0.004*[#  23]+0.004*[#   2]+0.004*[#   3]+0.004*[#   4]
          
    |psi|^2 = 0.963
==== e(  27) =    15.67163 eV ==== 
     psi = 0.401*[#   5]+0.401*[#   8]+0.013*[#  24]+0.013*[#  28]+0.013*[#  32]
          +0.011*[#   6]+0.011*[#   7]+0.011*[#   9]+0.011*[#  26]+0.011*[#  27]
          +0.011*[#  29]+0.011*[#  30]+0.011*[#  33]+0.011*[#  35]+0.004*[#  20]
          +0.004*[#  21]+0.004*[#  23]+0.004*[#   2]+0.004*[#   3]+0.004*[#   4]
          
    |psi|^2 = 0.963
==== e(  28) =    17.11810 eV ==== 
     psi = 0.244*[#  10]+0.138*[#   6]+0.138*[#   7]+0.138*[#   9]+0.058*[#  24]
          +0.058*[#  28]+0.058*[#  32]+0.022*[#  11]+0.022*[#  12]+0.022*[#  13]
          +0.018*[#  14]+0.013*[#  25]+0.013*[#  31]+0.013*[#  34]+0.011*[#   1]
          +0.005*[#  18]+0.004*[#   2]+0.004*[#   3]+0.004*[#   4]
    |psi|^2 = 0.988
==== e(  29) =    18.19596 eV ==== 
     psi = 0.280*[#   6]+0.280*[#   7]+0.280*[#   9]+0.013*[#   5]+0.013*[#   8]
          +0.012*[#  26]+0.012*[#  27]+0.012*[#  29]+0.012*[#  30]+0.012*[#  33]
          +0.012*[#  35]+0.011*[#  20]+0.011*[#  21]+0.011*[#  23]+0.002*[#  25]
          +0.002*[#  31]+0.002*[#  34]+0.001*[#  11]+0.001*[#  12]+0.001*[#  13]
          
    |psi|^2 = 0.985
==== e(  30) =    18.19596 eV ==== 
     psi = 0.280*[#   6]+0.280*[#   7]+0.280*[#   9]+0.013*[#   5]+0.013*[#   8]
          +0.012*[#  26]+0.012*[#  27]+0.012*[#  29]+0.012*[#  30]+0.012*[#  33]
          +0.012*[#  35]+0.011*[#  20]+0.011*[#  21]+0.011*[#  23]+0.002*[#  25]
          +0.002*[#  31]+0.002*[#  34]+0.001*[#  11]+0.001*[#  12]+0.001*[#  13]
          
    |psi|^2 = 0.985
==== e(  31) =    18.80503 eV ==== 
     psi = 0.149*[#   6]+0.149*[#   7]+0.149*[#   9]+0.126*[#  10]+0.055*[#  11]
          +0.055*[#  12]+0.055*[#  13]+0.023*[#  24]+0.022*[#  26]+0.022*[#  27]
          +0.023*[#  28]+0.022*[#  29]+0.022*[#  30]+0.023*[#  32]+0.022*[#  33]
          +0.022*[#  35]+0.019*[#   1]+0.012*[#  18]+0.004*[#  14]+0.002*[#  20]
          +0.002*[#  21]+0.002*[#  23]
    |psi|^2 = 0.985
==== e(  32) =    20.32504 eV ==== 
     psi = 0.002*[#  20]+0.002*[#  21]+0.002*[#  23]+0.001*[#  11]+0.001*[#  12]
          +0.001*[#  13]
    |psi|^2 = 0.014
==== e(  33) =    20.48822 eV ==== 
     psi = 0.078*[#  18]+0.039*[#  10]+0.008*[#   1]+0.007*[#  11]+0.007*[#  12]
          +0.007*[#  13]+0.004*[#  24]+0.004*[#  25]+0.004*[#  28]+0.004*[#  31]
          +0.004*[#  32]+0.004*[#  34]
    |psi|^2 = 0.174
==== e(  34) =    20.60800 eV ==== 
     psi = 0.022*[#  11]+0.022*[#  12]+0.022*[#  13]+0.002*[#   5]+0.002*[#   8]
          
    |psi|^2 = 0.078
==== e(  35) =    20.60800 eV ==== 
     psi = 0.022*[#  11]+0.022*[#  12]+0.022*[#  13]+0.002*[#   5]+0.002*[#   8]
          
    |psi|^2 = 0.078

 k =   0.1500000000  0.1500000000  0.1500000000
==== e(   1) =   -46.74943 eV ==== 
     psi = 0.933*[#  14]+0.018*[#  10]+0.011*[#  11]+0.011*[#  12]+0.011*[#  13]
          +0.006*[#  18]+0.002*[#  25]+0.002*[#  31]+0.002*[#  34]+0.001*[#   6]
          +0.001*[#   7]+0.001*[#   9]
    |psi|^2 = 1.000
==== e(   2) =   -23.27747 eV ==== 
     psi = 0.326*[#  15]+0.326*[#  16]+0.326*[#  17]+0.005*[#  25]+0.005*[#  31]
          +0.005*[#  34]+0.002*[#  10]
    |psi|^2 = 1.000
==== e(   3) =   -23.27693 eV ==== 
     psi = 0.326*[#  15]+0.326*[#  16]+0.326*[#  17]+0.005*[#  25]+0.005*[#  31]
          +0.005*[#  34]
    |psi|^2 = 1.000
==== e(   4) =   -23.27693 eV ==== 
     psi = 0.326*[#  15]+0.326*[#  16]+0.326*[#  17]+0.005*[#  25]+0.005*[#  31]
          +0.005*[#  34]
    |psi|^2 = 1.000
==== e(   5) =   -15.28529 eV ==== 
     psi = 0.842*[#   1]+0.048*[#  11]+0.048*[#  12]+0.048*[#  13]+0.006*[#  18]
          +0.002*[#  14]
    |psi|^2 = 1.000
==== e(   6) =    -7.01222 eV ==== 
     psi = 0.215*[#  24]+0.215*[#  28]+0.215*[#  32]+0.111*[#  10]+0.104*[#  18]
          +0.032*[#   1]+0.023*[#  11]+0.023*[#  12]+0.023*[#  13]+0.010*[#  14]
          +0.005*[#   2]+0.005*[#   3]+0.005*[#   4]+0.003*[#   6]+0.003*[#   7]
          +0.003*[#   9]+0.001*[#  15]+0.001*[#  16]+0.001*[#  17]
    |psi|^2 = 1.000
==== e(   7) =    -6.32282 eV ==== 
     psi = 0.292*[#  24]+0.292*[#  28]+0.292*[#  32]+0.030*[#  19]+0.030*[#  22]
          +0.023*[#   5]+0.023*[#   8]+0.002*[#   2]+0.002*[#   3]+0.002*[#   4]
          +0.002*[#   6]+0.002*[#   7]+0.002*[#   9]+0.001*[#  15]+0.001*[#  16]
          +0.001*[#  17]
    |psi|^2 = 0.999
==== e(   8) =    -6.32282 eV ==== 
     psi = 0.292*[#  24]+0.292*[#  28]+0.292*[#  32]+0.030*[#  19]+0.030*[#  22]
          +0.023*[#   5]+0.023*[#   8]+0.002*[#   2]+0.002*[#   3]+0.002*[#   4]
          +0.002*[#   6]+0.002*[#   7]+0.002*[#   9]+0.001*[#  15]+0.001*[#  16]
          +0.001*[#  17]
    |psi|^2 = 0.999
==== e(   9) =    -0.49539 eV ==== 
     psi = 0.296*[#   2]+0.296*[#   3]+0.296*[#   4]+0.009*[#  11]+0.009*[#  12]
          +0.009*[#  13]+0.009*[#  26]+0.009*[#  27]+0.009*[#  29]+0.009*[#  30]
          +0.009*[#  33]+0.009*[#  35]+0.006*[#   5]+0.006*[#   8]+0.004*[#  24]
          +0.004*[#  28]+0.004*[#  32]+0.001*[#  25]+0.001*[#  31]+0.001*[#  34]
          
    |psi|^2 = 1.000
==== e(  10) =    -0.49539 eV ==== 
     psi = 0.296*[#   2]+0.296*[#   3]+0.296*[#   4]+0.009*[#  11]+0.009*[#  12]
          +0.009*[#  13]+0.009*[#  26]+0.009*[#  27]+0.009*[#  29]+0.009*[#  30]
          +0.009*[#  33]+0.009*[#  35]+0.006*[#   5]+0.006*[#   8]+0.004*[#  24]
          +0.004*[#  28]+0.004*[#  32]+0.001*[#  25]+0.001*[#  31]+0.001*[#  34]
          
    |psi|^2 = 1.000
==== e(  11) =    -0.19479 eV ==== 
     psi = 0.310*[#   2]+0.310*[#   3]+0.310*[#   4]+0.008*[#  24]+0.008*[#  28]
          +0.008*[#  32]+0.005*[#  10]+0.004*[#  11]+0.004*[#  12]+0.004*[#  13]
          +0.003*[#  26]+0.003*[#  27]+0.003*[#  29]+0.003*[#  30]+0.003*[#  33]
          +0.003*[#  35]+0.002*[#  18]
    |psi|^2 = 1.000
==== e(  12) =     6.33351 eV ==== 
     psi = 0.153*[#  25]+0.153*[#  31]+0.153*[#  34]+0.061*[#  26]+0.061*[#  27]
          +0.061*[#  29]+0.061*[#  30]+0.061*[#  33]+0.061*[#  35]+0.031*[#  10]
          +0.024*[#  18]+0.018*[#   6]+0.018*[#   7]+0.018*[#   9]+0.007*[#   2]
          +0.007*[#   3]+0.007*[#   4]+0.007*[#  20]+0.007*[#  21]+0.007*[#  23]
          +0.005*[#  15]+0.005*[#  16]+0.005*[#  17]+0.002*[#   1]+0.001*[#  14]
          
    |psi|^2 = 0.994
==== e(  13) =     6.81495 eV ==== 
     psi = 0.222*[#  25]+0.222*[#  31]+0.222*[#  34]+0.048*[#  19]+0.048*[#  22]
          +0.027*[#  26]+0.027*[#  27]+0.027*[#  29]+0.027*[#  30]+0.027*[#  33]
          +0.027*[#  35]+0.007*[#   2]+0.007*[#   3]+0.007*[#   4]+0.006*[#   6]
          +0.006*[#   7]+0.006*[#   9]+0.005*[#  15]+0.005*[#  16]+0.005*[#  17]
          +0.003*[#  11]+0.003*[#  12]+0.003*[#  13]
    |psi|^2 = 0.990
==== e(  14) =     6.81495 eV ==== 
     psi = 0.222*[#  25]+0.222*[#  31]+0.222*[#  34]+0.048*[#  19]+0.048*[#  22]
          +0.027*[#  26]+0.027*[#  27]+0.027*[#  29]+0.027*[#  30]+0.027*[#  33]
          +0.027*[#  35]+0.007*[#   2]+0.007*[#   3]+0.007*[#   4]+0.006*[#   6]
          +0.006*[#   7]+0.006*[#   9]+0.005*[#  15]+0.005*[#  16]+0.005*[#  17]
          +0.003*[#  11]+0.003*[#  12]+0.003*[#  13]
    |psi|^2 = 0.990
==== e(  15) =     7.54484 eV ==== 
     psi = 0.131*[#  26]+0.131*[#  27]+0.131*[#  29]+0.131*[#  30]+0.131*[#  33]
          +0.131*[#  35]+0.034*[#  20]+0.034*[#  21]+0.034*[#  23]+0.022*[#   5]
          +0.022*[#   8]+0.014*[#   6]+0.014*[#   7]+0.014*[#   9]+0.004*[#   2]
          +0.004*[#   3]+0.004*[#   4]
    |psi|^2 = 0.991
==== e(  16) =     7.54484 eV ==== 
     psi = 0.131*[#  26]+0.131*[#  27]+0.131*[#  29]+0.131*[#  30]+0.131*[#  33]
          +0.131*[#  35]+0.034*[#  20]+0.034*[#  21]+0.034*[#  23]+0.022*[#   5]
          +0.022*[#   8]+0.014*[#   6]+0.014*[#   7]+0.014*[#   9]+0.004*[#   2]
          +0.004*[#   3]+0.004*[#   4]
    |psi|^2 = 0.991
==== e(  17) =     7.98609 eV ==== 
     psi = 0.141*[#  25]+0.141*[#  31]+0.141*[#  34]+0.067*[#  26]+0.067*[#  27]
          +0.067*[#  29]+0.067*[#  30]+0.067*[#  33]+0.067*[#  35]+0.034*[#  10]
          +0.026*[#  20]+0.026*[#  21]+0.026*[#  23]+0.017*[#  18]+0.009*[#  24]
          +0.009*[#  28]+0.009*[#  32]+0.004*[#   1]+0.003*[#  14]
    |psi|^2 = 0.994
==== e(  18) =     8.52170 eV ==== 
     psi = 0.164*[#  26]+0.164*[#  27]+0.164*[#  29]+0.164*[#  30]+0.164*[#  33]
          +0.164*[#  35]
    |psi|^2 = 0.982
==== e(  19) =     8.81520 eV ==== 
     psi = 0.120*[#  26]+0.120*[#  27]+0.120*[#  29]+0.120*[#  30]+0.120*[#  33]
          +0.120*[#  35]+0.053*[#  25]+0.053*[#  31]+0.053*[#  34]+0.022*[#  19]
          +0.022*[#  22]+0.007*[#  11]+0.007*[#  12]+0.007*[#  13]+0.006*[#   2]
          +0.006*[#   3]+0.006*[#   4]+0.004*[#   6]+0.004*[#   7]+0.004*[#   9]
          +0.004*[#  20]+0.004*[#  21]+0.004*[#  23]+0.002*[#  24]+0.002*[#  28]
          +0.002*[#  32]
    |psi|^2 = 0.996
==== e(  20) =     8.81520 eV ==== 
     psi = 0.120*[#  26]+0.120*[#  27]+0.120*[#  29]+0.120*[#  30]+0.120*[#  33]
          +0.120*[#  35]+0.053*[#  25]+0.053*[#  31]+0.053*[#  34]+0.022*[#  19]
          +0.022*[#  22]+0.007*[#  11]+0.007*[#  12]+0.007*[#  13]+0.006*[#   2]
          +0.006*[#   3]+0.006*[#   4]+0.004*[#   6]+0.004*[#   7]+0.004*[#   9]
          +0.004*[#  20]+0.004*[#  21]+0.004*[#  23]+0.002*[#  24]+0.002*[#  28]
          +0.002*[#  32]
    |psi|^2 = 0.996
==== e(  21) =    11.62581 eV ==== 
     psi = 0.289*[#  20]+0.289*[#  21]+0.289*[#  23]+0.011*[#  26]+0.011*[#  27]
          +0.011*[#  29]+0.011*[#  30]+0.011*[#  33]+0.011*[#  35]+0.010*[#   6]
          +0.010*[#   7]+0.010*[#   9]+0.004*[#  25]+0.004*[#  31]+0.004*[#  34]
          +0.002*[#  11]+0.002*[#  12]+0.002*[#  13]+0.002*[#  10]+0.001*[#   1]
          
    |psi|^2 = 0.985
==== e(  22) =    11.69528 eV ==== 
     psi = 0.275*[#  20]+0.275*[#  21]+0.275*[#  23]+0.019*[#  26]+0.019*[#  27]
          +0.019*[#  29]+0.019*[#  30]+0.019*[#  33]+0.019*[#  35]+0.010*[#   5]
          +0.010*[#   8]+0.008*[#   6]+0.008*[#   7]+0.008*[#   9]
    |psi|^2 = 0.988
==== e(  23) =    11.69528 eV ==== 
     psi = 0.275*[#  20]+0.275*[#  21]+0.275*[#  23]+0.019*[#  26]+0.019*[#  27]
          +0.019*[#  29]+0.019*[#  30]+0.019*[#  33]+0.019*[#  35]+0.010*[#   5]
          +0.010*[#   8]+0.008*[#   6]+0.008*[#   7]+0.008*[#   9]
    |psi|^2 = 0.988
==== e(  24) =    13.92410 eV ==== 
     psi = 0.396*[#  19]+0.396*[#  22]+0.046*[#  25]+0.046*[#  31]+0.046*[#  34]
          +0.017*[#  24]+0.017*[#  28]+0.017*[#  32]
    |psi|^2 = 0.992
==== e(  25) =    13.92410 eV ==== 
     psi = 0.396*[#  19]+0.396*[#  22]+0.046*[#  25]+0.046*[#  31]+0.046*[#  34]
          +0.017*[#  24]+0.017*[#  28]+0.017*[#  32]
    |psi|^2 = 0.992
==== e(  26) =    15.37147 eV ==== 
     psi = 0.416*[#   5]+0.416*[#   8]+0.014*[#  24]+0.014*[#  28]+0.014*[#  32]
          +0.010*[#  26]+0.010*[#  27]+0.010*[#  29]+0.010*[#  30]+0.010*[#  33]
          +0.010*[#  35]+0.006*[#   6]+0.006*[#   7]+0.006*[#   9]+0.003*[#   2]
          +0.003*[#   3]+0.003*[#   4]+0.003*[#  20]+0.003*[#  21]+0.003*[#  23]
          
    |psi|^2 = 0.969
==== e(  27) =    15.37147 eV ==== 
     psi = 0.416*[#   5]+0.416*[#   8]+0.014*[#  24]+0.014*[#  28]+0.014*[#  32]
          +0.010*[#  26]+0.010*[#  27]+0.010*[#  29]+0.010*[#  30]+0.010*[#  33]
          +0.010*[#  35]+0.006*[#   6]+0.006*[#   7]+0.006*[#   9]+0.003*[#   2]
          +0.003*[#   3]+0.003*[#   4]+0.003*[#  20]+0.003*[#  21]+0.003*[#  23]
          
    |psi|^2 = 0.969
==== e(  28) =    17.02582 eV ==== 
     psi = 0.302*[#  10]+0.102*[#   6]+0.102*[#   7]+0.102*[#   9]+0.068*[#  24]
          +0.068*[#  28]+0.068*[#  32]+0.026*[#  11]+0.026*[#  12]+0.026*[#  13]
          +0.019*[#  14]+0.018*[#   1]+0.011*[#  25]+0.011*[#  31]+0.011*[#  34]
          +0.010*[#  18]+0.004*[#   2]+0.004*[#   3]+0.004*[#   4]+0.001*[#  20]
          +0.001*[#  21]+0.001*[#  23]
    |psi|^2 = 0.991
==== e(  29) =    18.12330 eV ==== 
     psi = 0.288*[#   6]+0.288*[#   7]+0.288*[#   9]+0.013*[#  20]+0.013*[#  21]
          +0.013*[#  23]+0.009*[#  26]+0.009*[#  27]+0.009*[#  29]+0.009*[#  30]
          +0.009*[#  33]+0.009*[#  35]+0.007*[#   5]+0.007*[#   8]+0.002*[#  25]
          +0.002*[#  31]+0.002*[#  34]+0.001*[#  11]+0.001*[#  12]+0.001*[#  13]
          
    |psi|^2 = 0.986
==== e(  30) =    18.12330 eV ==== 
     psi = 0.288*[#   6]+0.288*[#   7]+0.288*[#   9]+0.013*[#  20]+0.013*[#  21]
          +0.013*[#  23]+0.009*[#  26]+0.009*[#  27]+0.009*[#  29]+0.009*[#  30]
          +0.009*[#  33]+0.009*[#  35]+0.007*[#   5]+0.007*[#   8]+0.002*[#  25]
          +0.002*[#  31]+0.002*[#  34]+0.001*[#  11]+0.001*[#  12]+0.001*[#  13]
          
    |psi|^2 = 0.986
==== e(  31) =    18.43880 eV ==== 
     psi = 0.188*[#   6]+0.188*[#   7]+0.188*[#   9]+0.090*[#  10]+0.040*[#  11]
          +0.040*[#  12]+0.040*[#  13]+0.019*[#  26]+0.019*[#  27]+0.019*[#  29]
          +0.019*[#  30]+0.019*[#  33]+0.019*[#  35]+0.018*[#  24]+0.018*[#  28]
          +0.018*[#  32]+0.016*[#   1]+0.013*[#  18]+0.004*[#  20]+0.004*[#  21]
          +0.004*[#  23]+0.003*[#  14]
    |psi|^2 = 0.987
==== e(  32) =    20.36795 eV ==== 
     psi = 0.002*[#  20]+0.002*[#  21]+0.002*[#  23]+0.001*[#  11]+0.001*[#  12]
          +0.001*[#  13]+0.001*[#  10]
    |psi|^2 = 0.013
==== e(  33) =    20.55178 eV ==== 
     psi = 0.070*[#  18]+0.040*[#  10]+0.006*[#  11]+0.006*[#  12]+0.006*[#  13]
          +0.006*[#   1]+0.003*[#  24]+0.003*[#  25]+0.003*[#  28]+0.003*[#  31]
          +0.003*[#  32]+0.003*[#  34]+0.001*[#   6]+0.001*[#   7]+0.001*[#   9]
          
    |psi|^2 = 0.162
==== e(  34) =    20.65149 eV ==== 
     psi = 0.020*[#  11]+0.020*[#  12]+0.020*[#  13]+0.001*[#   5]+0.001*[#   8]
          
    |psi|^2 = 0.073
==== e(  35) =    20.65149 eV ==== 
     psi = 0.020*[#  11]+0.020*[#  12]+0.020*[#  13]+0.001*[#   5]+0.001*[#   8]
          
    |psi|^2 = 0.073

 k =   0.1250000000  0.1250000000  0.1250000000
==== e(   1) =   -46.74953 eV ==== 
     psi = 0.936*[#  14]+0.024*[#  10]+0.009*[#  11]+0.009*[#  12]+0.009*[#  13]
          +0.006*[#  18]+0.001*[#  25]+0.001*[#  31]+0.001*[#  34]
    |psi|^2 = 1.000
==== e(   2) =   -23.27518 eV ==== 
     psi = 0.326*[#  15]+0.326*[#  16]+0.326*[#  17]+0.005*[#  25]+0.005*[#  31]
          +0.005*[#  34]+0.002*[#  10]
    |psi|^2 = 1.000
==== e(   3) =   -23.27475 eV ==== 
     psi = 0.327*[#  15]+0.327*[#  16]+0.327*[#  17]+0.005*[#  25]+0.005*[#  31]
          +0.005*[#  34]
    |psi|^2 = 1.000
==== e(   4) =   -23.27475 eV ==== 
     psi = 0.327*[#  15]+0.327*[#  16]+0.327*[#  17]+0.005*[#  25]+0.005*[#  31]
          +0.005*[#  34]
    |psi|^2 = 1.000
==== e(   5) =   -15.30040 eV ==== 
     psi = 0.854*[#   1]+0.041*[#  11]+0.041*[#  12]+0.041*[#  13]+0.010*[#  18]
          +0.006*[#  10]+0.002*[#  14]
    |psi|^2 = 1.000
==== e(   6) =    -7.03231 eV ==== 
     psi = 0.215*[#  24]+0.215*[#  28]+0.215*[#  32]+0.126*[#  10]+0.109*[#  18]
          +0.037*[#   1]+0.018*[#  11]+0.018*[#  12]+0.018*[#  13]+0.010*[#  14]
          +0.004*[#   2]+0.004*[#   3]+0.004*[#   4]+0.001*[#   6]+0.001*[#   7]
          +0.001*[#   9]
    |psi|^2 = 1.000
==== e(   7) =    -6.32856 eV ==== 
     psi = 0.291*[#  24]+0.291*[#  28]+0.291*[#  32]+0.032*[#  19]+0.032*[#  22]
          +0.025*[#   5]+0.025*[#   8]+0.002*[#   2]+0.002*[#   3]+0.002*[#   4]
          
    |psi|^2 = 0.999
==== e(   8) =    -6.32856 eV ==== 
     psi = 0.291*[#  24]+0.291*[#  28]+0.291*[#  32]+0.032*[#  19]+0.032*[#  22]
          +0.025*[#   5]+0.025*[#   8]+0.002*[#   2]+0.002*[#   3]+0.002*[#   4]
          
    |psi|^2 = 0.999
==== e(   9) =    -0.48553 eV ==== 
     psi = 0.296*[#   2]+0.296*[#   3]+0.296*[#   4]+0.011*[#  11]+0.011*[#  12]
          +0.011*[#  13]+0.009*[#  26]+0.009*[#  27]+0.009*[#  29]+0.009*[#  30]
          +0.009*[#  33]+0.009*[#  35]+0.004*[#   5]+0.004*[#   8]+0.003*[#  24]
          +0.003*[#  28]+0.003*[#  32]+0.002*[#  25]+0.002*[#  31]+0.002*[#  34]
          
    |psi|^2 = 1.000
==== e(  10) =    -0.48553 eV ==== 
     psi = 0.296*[#   2]+0.296*[#   3]+0.296*[#   4]+0.011*[#  11]+0.011*[#  12]
          +0.011*[#  13]+0.009*[#  26]+0.009*[#  27]+0.009*[#  29]+0.009*[#  30]
          +0.009*[#  33]+0.009*[#  35]+0.004*[#   5]+0.004*[#   8]+0.003*[#  24]
          +0.003*[#  28]+0.003*[#  32]+0.002*[#  25]+0.002*[#  31]+0.002*[#  34]
          
    |psi|^2 = 1.000
==== e(  11) =    -0.26255 eV ==== 
     psi = 0.307*[#   2]+0.307*[#   3]+0.307*[#   4]+0.006*[#  11]+0.006*[#  12]
          +0.006*[#  13]+0.006*[#  24]+0.006*[#  28]+0.006*[#  32]+0.005*[#  26]
          +0.005*[#  27]+0.005*[#  29]+0.005*[#  30]+0.005*[#  33]+0.005*[#  35]
          +0.005*[#  10]+0.002*[#  18]+0.001*[#  25]+0.001*[#  31]+0.001*[#  34]
          +0.001*[#   1]
    |psi|^2 = 1.000
==== e(  12) =     6.52185 eV ==== 
     psi = 0.164*[#  25]+0.164*[#  31]+0.164*[#  34]+0.059*[#  26]+0.059*[#  27]
          +0.059*[#  29]+0.059*[#  30]+0.059*[#  33]+0.059*[#  35]+0.025*[#  10]
          +0.019*[#  18]+0.014*[#   6]+0.014*[#   7]+0.014*[#   9]+0.009*[#   2]
          +0.009*[#   3]+0.009*[#   4]+0.005*[#  15]+0.005*[#  16]+0.005*[#  17]
          +0.004*[#  20]+0.004*[#  21]+0.004*[#  23]+0.001*[#   1]
    |psi|^2 = 0.992
==== e(  13) =     6.89273 eV ==== 
     psi = 0.217*[#  25]+0.217*[#  31]+0.217*[#  34]+0.034*[#  26]+0.034*[#  27]
          +0.034*[#  29]+0.034*[#  30]+0.034*[#  33]+0.034*[#  35]+0.033*[#  19]
          +0.033*[#  22]+0.009*[#   2]+0.009*[#   3]+0.009*[#   4]+0.005*[#  15]
          +0.005*[#  16]+0.005*[#  17]+0.004*[#   6]+0.004*[#   7]+0.004*[#   9]
          +0.003*[#  11]+0.003*[#  12]+0.003*[#  13]
    |psi|^2 = 0.988
==== e(  14) =     6.89273 eV ==== 
     psi = 0.217*[#  25]+0.217*[#  31]+0.217*[#  34]+0.034*[#  26]+0.034*[#  27]
          +0.034*[#  29]+0.034*[#  30]+0.034*[#  33]+0.034*[#  35]+0.033*[#  19]
          +0.033*[#  22]+0.009*[#   2]+0.009*[#   3]+0.009*[#   4]+0.005*[#  15]
          +0.005*[#  16]+0.005*[#  17]+0.004*[#   6]+0.004*[#   7]+0.004*[#   9]
          +0.003*[#  11]+0.003*[#  12]+0.003*[#  13]
    |psi|^2 = 0.988
==== e(  15) =     7.71113 eV ==== 
     psi = 0.136*[#  26]+0.136*[#  27]+0.136*[#  29]+0.136*[#  30]+0.136*[#  33]
          +0.136*[#  35]+0.029*[#  20]+0.029*[#  21]+0.029*[#  23]+0.019*[#   5]
          +0.019*[#   8]+0.013*[#   6]+0.013*[#   7]+0.013*[#   9]+0.002*[#   2]
          +0.002*[#   3]+0.002*[#   4]
    |psi|^2 = 0.989
==== e(  16) =     7.71113 eV ==== 
     psi = 0.136*[#  26]+0.136*[#  27]+0.136*[#  29]+0.136*[#  30]+0.136*[#  33]
          +0.136*[#  35]+0.029*[#  20]+0.029*[#  21]+0.029*[#  23]+0.019*[#   5]
          +0.019*[#   8]+0.013*[#   6]+0.013*[#   7]+0.013*[#   9]+0.002*[#   2]
          +0.002*[#   3]+0.002*[#   4]
    |psi|^2 = 0.989
==== e(  17) =     8.28188 eV ==== 
     psi = 0.136*[#  25]+0.136*[#  31]+0.136*[#  34]+0.073*[#  26]+0.073*[#  27]
          +0.073*[#  29]+0.073*[#  30]+0.073*[#  33]+0.073*[#  35]+0.032*[#  10]
          +0.023*[#  20]+0.023*[#  21]+0.023*[#  23]+0.012*[#  18]+0.007*[#  24]
          +0.007*[#  28]+0.007*[#  32]+0.004*[#   1]+0.002*[#  14]+0.001*[#   2]
          +0.001*[#   3]+0.001*[#   4]
    |psi|^2 = 0.994
==== e(  18) =     8.46357 eV ==== 
     psi = 0.164*[#  26]+0.164*[#  27]+0.164*[#  29]+0.164*[#  30]+0.164*[#  33]
          +0.164*[#  35]
    |psi|^2 = 0.982
==== e(  19) =     8.89549 eV ==== 
     psi = 0.115*[#  26]+0.115*[#  27]+0.115*[#  29]+0.115*[#  30]+0.115*[#  33]
          +0.115*[#  35]+0.067*[#  25]+0.067*[#  31]+0.067*[#  34]+0.021*[#  19]
          +0.021*[#  22]+0.007*[#  11]+0.007*[#  12]+0.007*[#  13]+0.006*[#   2]
          +0.006*[#   3]+0.006*[#   4]+0.004*[#  20]+0.004*[#  21]+0.004*[#  23]
          +0.002*[#   6]+0.002*[#   7]+0.002*[#   9]+0.002*[#  24]+0.002*[#  28]
          +0.002*[#  32]
    |psi|^2 = 0.996
==== e(  20) =     8.89549 eV ==== 
     psi = 0.115*[#  26]+0.115*[#  27]+0.115*[#  29]+0.115*[#  30]+0.115*[#  33]
          +0.115*[#  35]+0.067*[#  25]+0.067*[#  31]+0.067*[#  34]+0.021*[#  19]
          +0.021*[#  22]+0.007*[#  11]+0.007*[#  12]+0.007*[#  13]+0.006*[#   2]
          +0.006*[#   3]+0.006*[#   4]+0.004*[#  20]+0.004*[#  21]+0.004*[#  23]
          +0.002*[#   6]+0.002*[#   7]+0.002*[#   9]+0.002*[#  24]+0.002*[#  28]
          +0.002*[#  32]
    |psi|^2 = 0.996
==== e(  21) =    11.46360 eV ==== 
     psi = 0.291*[#  20]+0.291*[#  21]+0.291*[#  23]+0.012*[#   6]+0.012*[#   7]
          +0.012*[#   9]+0.009*[#  26]+0.009*[#  27]+0.009*[#  29]+0.009*[#  30]
          +0.009*[#  33]+0.009*[#  35]+0.004*[#  25]+0.004*[#  31]+0.004*[#  34]
          +0.002*[#  11]+0.002*[#  12]+0.002*[#  13]
    |psi|^2 = 0.986
==== e(  22) =    11.53309 eV ==== 
     psi = 0.280*[#  20]+0.280*[#  21]+0.280*[#  23]+0.016*[#  26]+0.016*[#  27]
          +0.016*[#  29]+0.016*[#  30]+0.016*[#  33]+0.016*[#  35]+0.010*[#   6]
          +0.010*[#   7]+0.010*[#   9]+0.007*[#   5]+0.007*[#   8]
    |psi|^2 = 0.988
==== e(  23) =    11.53309 eV ==== 
     psi = 0.280*[#  20]+0.280*[#  21]+0.280*[#  23]+0.016*[#  26]+0.016*[#  27]
          +0.016*[#  29]+0.016*[#  30]+0.016*[#  33]+0.016*[#  35]+0.010*[#   6]
          +0.010*[#   7]+0.010*[#   9]+0.007*[#   5]+0.007*[#   8]
    |psi|^2 = 0.988
==== e(  24) =    13.69411 eV ==== 
     psi = 0.410*[#  19]+0.410*[#  22]+0.036*[#  25]+0.036*[#  31]+0.036*[#  34]
          +0.019*[#  24]+0.019*[#  28]+0.019*[#  32]
    |psi|^2 = 0.993
==== e(  25) =    13.69411 eV ==== 
     psi = 0.410*[#  19]+0.410*[#  22]+0.036*[#  25]+0.036*[#  31]+0.036*[#  34]
          +0.019*[#  24]+0.019*[#  28]+0.019*[#  32]
    |psi|^2 = 0.993
==== e(  26) =    15.08802 eV ==== 
     psi = 0.429*[#   5]+0.429*[#   8]+0.015*[#  24]+0.015*[#  28]+0.015*[#  32]
          +0.008*[#  26]+0.008*[#  27]+0.008*[#  29]+0.008*[#  30]+0.008*[#  33]
          +0.008*[#  35]+0.003*[#   6]+0.003*[#   7]+0.003*[#   9]+0.002*[#   2]
          +0.002*[#   3]+0.002*[#   4]+0.002*[#  20]+0.002*[#  21]+0.002*[#  23]
          
    |psi|^2 = 0.974
==== e(  27) =    15.08802 eV ==== 
     psi = 0.429*[#   5]+0.429*[#   8]+0.015*[#  24]+0.015*[#  28]+0.015*[#  32]
          +0.008*[#  26]+0.008*[#  27]+0.008*[#  29]+0.008*[#  30]+0.008*[#  33]
          +0.008*[#  35]+0.003*[#   6]+0.003*[#   7]+0.003*[#   9]+0.002*[#   2]
          +0.002*[#   3]+0.002*[#   4]+0.002*[#  20]+0.002*[#  21]+0.002*[#  23]
          
    |psi|^2 = 0.974
==== e(  28) =    16.88614 eV ==== 
     psi = 0.372*[#  10]+0.080*[#  24]+0.080*[#  28]+0.080*[#  32]+0.060*[#   6]
          +0.060*[#   7]+0.060*[#   9]+0.029*[#  11]+0.029*[#  12]+0.029*[#  13]
          +0.026*[#   1]+0.020*[#  14]+0.019*[#  18]+0.008*[#  25]+0.008*[#  31]
          +0.008*[#  34]+0.003*[#   2]+0.003*[#   3]+0.003*[#   4]+0.002*[#  26]
          +0.002*[#  27]+0.002*[#  29]+0.002*[#  30]+0.002*[#  33]+0.002*[#  35]
          +0.001*[#  20]+0.001*[#  21]+0.001*[#  23]
    |psi|^2 = 0.993
==== e(  29) =    18.03510 eV ==== 
     psi = 0.295*[#   6]+0.295*[#   7]+0.295*[#   9]+0.015*[#  20]+0.015*[#  21]
          +0.015*[#  23]+0.007*[#  26]+0.007*[#  27]+0.007*[#  29]+0.007*[#  30]
          +0.007*[#  33]+0.007*[#  35]+0.004*[#   5]+0.004*[#   8]+0.001*[#  11]
          +0.001*[#  12]+0.001*[#  13]+0.001*[#  25]+0.001*[#  31]+0.001*[#  34]
          
    |psi|^2 = 0.986
==== e(  30) =    18.03510 eV ==== 
     psi = 0.295*[#   6]+0.295*[#   7]+0.295*[#   9]+0.015*[#  20]+0.015*[#  21]
          +0.015*[#  23]+0.007*[#  26]+0.007*[#  27]+0.007*[#  29]+0.007*[#  30]
          +0.007*[#  33]+0.007*[#  35]+0.004*[#   5]+0.004*[#   8]+0.001*[#  11]
          +0.001*[#  12]+0.001*[#  13]+0.001*[#  25]+0.001*[#  31]+0.001*[#  34]
          
    |psi|^2 = 0.986
==== e(  31) =    18.15087 eV ==== 
     psi = 0.234*[#   6]+0.234*[#   7]+0.234*[#   9]+0.051*[#  10]+0.024*[#  11]
          +0.024*[#  12]+0.024*[#  13]+0.014*[#  26]+0.014*[#  27]+0.014*[#  29]
          +0.014*[#  30]+0.014*[#  33]+0.014*[#  35]+0.011*[#  24]+0.011*[#  28]
          +0.011*[#  32]+0.010*[#   1]+0.010*[#  18]+0.008*[#  20]+0.008*[#  21]
          +0.008*[#  23]+0.001*[#  14]
    |psi|^2 = 0.987
==== e(  32) =    20.39930 eV ==== 
     psi = 0.001*[#  20]+0.001*[#  21]+0.001*[#  23]+0.001*[#  10]
    |psi|^2 = 0.010
==== e(  33) =    20.61806 eV ==== 
     psi = 0.061*[#  18]+0.036*[#  10]+0.007*[#  11]+0.007*[#  12]+0.007*[#  13]
          +0.005*[#   1]+0.002*[#  24]+0.002*[#  25]+0.002*[#  28]+0.002*[#  31]
          +0.002*[#  32]+0.002*[#  34]+0.001*[#   6]+0.001*[#   7]+0.001*[#   9]
          +0.001*[#  26]+0.001*[#  27]+0.001*[#  29]+0.001*[#  30]+0.001*[#  33]
          +0.001*[#  35]
    |psi|^2 = 0.146
==== e(  34) =    20.69988 eV ==== 
     psi = 0.016*[#  11]+0.016*[#  12]+0.016*[#  13]+0.001*[#   5]+0.001*[#   8]
          +0.001*[#  26]+0.001*[#  27]+0.001*[#  29]+0.001*[#  30]+0.001*[#  33]
          +0.001*[#  35]
    |psi|^2 = 0.063
==== e(  35) =    20.69988 eV ==== 
     psi = 0.016*[#  11]+0.016*[#  12]+0.016*[#  13]+0.001*[#   5]+0.001*[#   8]
          +0.001*[#  26]+0.001*[#  27]+0.001*[#  29]+0.001*[#  30]+0.001*[#  33]
          +0.001*[#  35]
    |psi|^2 = 0.063

 k =   0.1000000000  0.1000000000  0.1000000000
==== e(   1) =   -46.74962 eV ==== 
     psi = 0.938*[#  14]+0.031*[#  10]+0.007*[#  11]+0.007*[#  12]+0.007*[#  13]
          +0.005*[#  18]
    |psi|^2 = 1.000
==== e(   2) =   -23.27319 eV ==== 
     psi = 0.326*[#  15]+0.326*[#  16]+0.326*[#  17]+0.005*[#  25]+0.005*[#  31]
          +0.005*[#  34]+0.001*[#  10]
    |psi|^2 = 1.000
==== e(   3) =   -23.27289 eV ==== 
     psi = 0.327*[#  15]+0.327*[#  16]+0.327*[#  17]+0.005*[#  25]+0.005*[#  31]
          +0.005*[#  34]
    |psi|^2 = 1.000
==== e(   4) =   -23.27289 eV ==== 
     psi = 0.327*[#  15]+0.327*[#  16]+0.327*[#  17]+0.005*[#  25]+0.005*[#  31]
          +0.005*[#  34]
    |psi|^2 = 1.000
==== e(   5) =   -15.31374 eV ==== 
     psi = 0.868*[#   1]+0.032*[#  11]+0.032*[#  12]+0.032*[#  13]+0.015*[#  18]
          +0.014*[#  10]+0.001*[#  14]
    |psi|^2 = 1.000
==== e(   6) =    -7.04509 eV ==== 
     psi = 0.214*[#  24]+0.214*[#  28]+0.214*[#  32]+0.141*[#  10]+0.114*[#  18]
          +0.040*[#   1]+0.013*[#  11]+0.013*[#  12]+0.013*[#  13]+0.010*[#  14]
          +0.003*[#   2]+0.003*[#   3]+0.003*[#   4]
    |psi|^2 = 1.000
==== e(   7) =    -6.33270 eV ==== 
     psi = 0.291*[#  24]+0.291*[#  28]+0.291*[#  32]+0.033*[#  19]+0.033*[#  22]
          +0.026*[#   5]+0.026*[#   8]+0.001*[#   2]+0.001*[#   3]+0.001*[#   4]
          
    |psi|^2 = 0.999
==== e(   8) =    -6.33270 eV ==== 
     psi = 0.291*[#  24]+0.291*[#  28]+0.291*[#  32]+0.033*[#  19]+0.033*[#  22]
          +0.026*[#   5]+0.026*[#   8]+0.001*[#   2]+0.001*[#   3]+0.001*[#   4]
          
    |psi|^2 = 0.999
==== e(   9) =    -0.48184 eV ==== 
     psi = 0.295*[#   2]+0.295*[#   3]+0.295*[#   4]+0.013*[#  11]+0.013*[#  12]
          +0.013*[#  13]+0.009*[#  26]+0.009*[#  27]+0.009*[#  29]+0.009*[#  30]
          +0.009*[#  33]+0.009*[#  35]+0.003*[#   5]+0.003*[#   8]+0.002*[#  24]
          +0.002*[#  25]+0.002*[#  28]+0.002*[#  31]+0.002*[#  32]+0.002*[#  34]
          
    |psi|^2 = 0.999
==== e(  10) =    -0.48184 eV ==== 
     psi = 0.295*[#   2]+0.295*[#   3]+0.295*[#   4]+0.013*[#  11]+0.013*[#  12]
          +0.013*[#  13]+0.009*[#  26]+0.009*[#  27]+0.009*[#  29]+0.009*[#  30]
          +0.009*[#  33]+0.009*[#  35]+0.003*[#   5]+0.003*[#   8]+0.002*[#  24]
          +0.002*[#  25]+0.002*[#  28]+0.002*[#  31]+0.002*[#  32]+0.002*[#  34]
          
    |psi|^2 = 0.999
==== e(  11) =    -0.33180 eV ==== 
     psi = 0.303*[#   2]+0.303*[#   3]+0.303*[#   4]+0.008*[#  11]+0.008*[#  12]
          +0.008*[#  13]+0.006*[#  26]+0.006*[#  27]+0.006*[#  29]+0.006*[#  30]
          +0.006*[#  33]+0.006*[#  35]+0.004*[#  10]+0.004*[#  24]+0.004*[#  28]
          +0.004*[#  32]+0.002*[#  18]+0.002*[#  25]+0.002*[#  31]+0.002*[#  34]
          +0.001*[#   1]
    |psi|^2 = 0.999
==== e(  12) =     6.69872 eV ==== 
     psi = 0.175*[#  25]+0.175*[#  31]+0.175*[#  34]+0.057*[#  26]+0.057*[#  27]
          +0.057*[#  29]+0.057*[#  30]+0.057*[#  33]+0.057*[#  35]+0.017*[#  10]
          +0.014*[#  18]+0.011*[#   2]+0.011*[#   3]+0.011*[#   4]+0.010*[#   6]
          +0.010*[#   7]+0.010*[#   9]+0.005*[#  15]+0.005*[#  16]+0.005*[#  17]
          +0.003*[#  20]+0.003*[#  21]+0.003*[#  23]
    |psi|^2 = 0.989
==== e(  13) =     6.95616 eV ==== 
     psi = 0.213*[#  25]+0.213*[#  31]+0.213*[#  34]+0.040*[#  26]+0.040*[#  27]
          +0.040*[#  29]+0.040*[#  30]+0.040*[#  33]+0.040*[#  35]+0.021*[#  19]
          +0.021*[#  22]+0.011*[#   2]+0.011*[#   3]+0.011*[#   4]+0.005*[#  15]
          +0.005*[#  16]+0.005*[#  17]+0.003*[#   6]+0.003*[#   7]+0.003*[#   9]
          +0.002*[#  11]+0.002*[#  12]+0.002*[#  13]
    |psi|^2 = 0.985
==== e(  14) =     6.95616 eV ==== 
     psi = 0.213*[#  25]+0.213*[#  31]+0.213*[#  34]+0.040*[#  26]+0.040*[#  27]
          +0.040*[#  29]+0.040*[#  30]+0.040*[#  33]+0.040*[#  35]+0.021*[#  19]
          +0.021*[#  22]+0.011*[#   2]+0.011*[#   3]+0.011*[#   4]+0.005*[#  15]
          +0.005*[#  16]+0.005*[#  17]+0.003*[#   6]+0.003*[#   7]+0.003*[#   9]
          +0.002*[#  11]+0.002*[#  12]+0.002*[#  13]
    |psi|^2 = 0.985
==== e(  15) =     7.88472 eV ==== 
     psi = 0.143*[#  26]+0.143*[#  27]+0.143*[#  29]+0.143*[#  30]+0.143*[#  33]
          +0.143*[#  35]+0.022*[#  20]+0.022*[#  21]+0.022*[#  23]+0.014*[#   5]
          +0.014*[#   8]+0.010*[#   6]+0.010*[#   7]+0.010*[#   9]+0.001*[#   2]
          +0.001*[#   3]+0.001*[#   4]
    |psi|^2 = 0.987
==== e(  16) =     7.88472 eV ==== 
     psi = 0.143*[#  26]+0.143*[#  27]+0.143*[#  29]+0.143*[#  30]+0.143*[#  33]
          +0.143*[#  35]+0.022*[#  20]+0.022*[#  21]+0.022*[#  23]+0.014*[#   5]
          +0.014*[#   8]+0.010*[#   6]+0.010*[#   7]+0.010*[#   9]+0.001*[#   2]
          +0.001*[#   3]+0.001*[#   4]
    |psi|^2 = 0.987
==== e(  17) =     8.41449 eV ==== 
     psi = 0.164*[#  26]+0.164*[#  27]+0.164*[#  29]+0.164*[#  30]+0.164*[#  33]
          +0.164*[#  35]
    |psi|^2 = 0.982
==== e(  18) =     8.56466 eV ==== 
     psi = 0.130*[#  25]+0.130*[#  31]+0.130*[#  34]+0.080*[#  26]+0.080*[#  27]
          +0.080*[#  29]+0.080*[#  30]+0.080*[#  33]+0.080*[#  35]+0.028*[#  10]
          +0.019*[#  20]+0.019*[#  21]+0.019*[#  23]+0.007*[#  18]+0.006*[#  24]
          +0.006*[#  28]+0.006*[#  32]+0.003*[#   1]+0.002*[#   2]+0.002*[#   3]
          +0.002*[#   4]+0.002*[#  14]
    |psi|^2 = 0.995
==== e(  19) =     8.98284 eV ==== 
     psi = 0.110*[#  26]+0.110*[#  27]+0.110*[#  29]+0.110*[#  30]+0.110*[#  33]
          +0.110*[#  35]+0.082*[#  25]+0.082*[#  31]+0.082*[#  34]+0.017*[#  19]
          +0.017*[#  22]+0.006*[#   2]+0.006*[#   3]+0.006*[#   4]+0.006*[#  11]
          +0.006*[#  12]+0.006*[#  13]+0.004*[#  20]+0.004*[#  21]+0.004*[#  23]
          +0.001*[#  24]+0.001*[#  28]+0.001*[#  32]+0.001*[#   6]+0.001*[#   7]
          +0.001*[#   9]
    |psi|^2 = 0.995
==== e(  20) =     8.98284 eV ==== 
     psi = 0.110*[#  26]+0.110*[#  27]+0.110*[#  29]+0.110*[#  30]+0.110*[#  33]
          +0.110*[#  35]+0.082*[#  25]+0.082*[#  31]+0.082*[#  34]+0.017*[#  19]
          +0.017*[#  22]+0.006*[#   2]+0.006*[#   3]+0.006*[#   4]+0.006*[#  11]
          +0.006*[#  12]+0.006*[#  13]+0.004*[#  20]+0.004*[#  21]+0.004*[#  23]
          +0.001*[#  24]+0.001*[#  28]+0.001*[#  32]+0.001*[#   6]+0.001*[#   7]
          +0.001*[#   9]
    |psi|^2 = 0.995
==== e(  21) =    11.31560 eV ==== 
     psi = 0.294*[#  20]+0.294*[#  21]+0.294*[#  23]+0.015*[#   6]+0.015*[#   7]
          +0.015*[#   9]+0.007*[#  26]+0.007*[#  27]+0.007*[#  29]+0.007*[#  30]
          +0.007*[#  33]+0.007*[#  35]+0.004*[#  25]+0.004*[#  31]+0.004*[#  34]
          
    |psi|^2 = 0.986
==== e(  22) =    11.37631 eV ==== 
     psi = 0.286*[#  20]+0.286*[#  21]+0.286*[#  23]+0.014*[#  26]+0.014*[#  27]
          +0.014*[#  29]+0.014*[#  30]+0.014*[#  33]+0.014*[#  35]+0.012*[#   6]
          +0.012*[#   7]+0.012*[#   9]+0.004*[#   5]+0.004*[#   8]
    |psi|^2 = 0.987
==== e(  23) =    11.37631 eV ==== 
     psi = 0.286*[#  20]+0.286*[#  21]+0.286*[#  23]+0.014*[#  26]+0.014*[#  27]
          +0.014*[#  29]+0.014*[#  30]+0.014*[#  33]+0.014*[#  35]+0.012*[#   6]
          +0.012*[#   7]+0.012*[#   9]+0.004*[#   5]+0.004*[#   8]
    |psi|^2 = 0.987
==== e(  24) =    13.48809 eV ==== 
     psi = 0.425*[#  19]+0.425*[#  22]+0.026*[#  25]+0.026*[#  31]+0.026*[#  34]
          +0.020*[#  24]+0.020*[#  28]+0.020*[#  32]
    |psi|^2 = 0.994
==== e(  25) =    13.48809 eV ==== 
     psi = 0.425*[#  19]+0.425*[#  22]+0.026*[#  25]+0.026*[#  31]+0.026*[#  34]
          +0.020*[#  24]+0.020*[#  28]+0.020*[#  32]
    |psi|^2 = 0.994
==== e(  26) =    14.83304 eV ==== 
     psi = 0.441*[#   5]+0.441*[#   8]+0.016*[#  24]+0.016*[#  28]+0.016*[#  32]
          +0.006*[#  26]+0.006*[#  27]+0.006*[#  29]+0.006*[#  30]+0.006*[#  33]
          +0.006*[#  35]+0.002*[#   2]+0.002*[#   3]+0.002*[#   4]+0.001*[#   6]
          +0.001*[#   7]+0.001*[#   9]
    |psi|^2 = 0.980
==== e(  27) =    14.83304 eV ==== 
     psi = 0.441*[#   5]+0.441*[#   8]+0.016*[#  24]+0.016*[#  28]+0.016*[#  32]
          +0.006*[#  26]+0.006*[#  27]+0.006*[#  29]+0.006*[#  30]+0.006*[#  33]
          +0.006*[#  35]+0.002*[#   2]+0.002*[#   3]+0.002*[#   4]+0.001*[#   6]
          +0.001*[#   7]+0.001*[#   9]
    |psi|^2 = 0.980
==== e(  28) =    16.69880 eV ==== 
     psi = 0.441*[#  10]+0.090*[#  24]+0.090*[#  28]+0.090*[#  32]+0.032*[#   1]
          +0.028*[#  18]+0.027*[#  11]+0.027*[#  12]+0.027*[#  13]+0.026*[#   6]
          +0.026*[#   7]+0.026*[#   9]+0.021*[#  14]+0.005*[#  25]+0.005*[#  31]
          +0.005*[#  34]+0.003*[#  26]+0.003*[#  27]+0.003*[#  29]+0.003*[#  30]
          +0.003*[#  33]+0.003*[#  35]+0.002*[#   2]+0.002*[#   3]+0.002*[#   4]
          
    |psi|^2 = 0.995
==== e(  29) =    17.94598 eV ==== 
     psi = 0.300*[#   6]+0.300*[#   7]+0.300*[#   9]+0.017*[#  20]+0.017*[#  21]
          +0.017*[#  23]+0.004*[#  26]+0.004*[#  27]+0.004*[#  29]+0.004*[#  30]
          +0.004*[#  33]+0.004*[#  35]+0.002*[#   5]+0.002*[#   8]+0.001*[#  11]
          +0.001*[#  12]+0.001*[#  13]
    |psi|^2 = 0.987
==== e(  30) =    17.94598 eV ==== 
     psi = 0.300*[#   6]+0.300*[#   7]+0.300*[#   9]+0.017*[#  20]+0.017*[#  21]
          +0.017*[#  23]+0.004*[#  26]+0.004*[#  27]+0.004*[#  29]+0.004*[#  30]
          +0.004*[#  33]+0.004*[#  35]+0.002*[#   5]+0.002*[#   8]+0.001*[#  11]
          +0.001*[#  12]+0.001*[#  13]
    |psi|^2 = 0.987
==== e(  31) =    17.95770 eV ==== 
     psi = 0.272*[#   6]+0.272*[#   7]+0.272*[#   9]+0.021*[#  10]+0.012*[#  11]
          +0.012*[#  12]+0.012*[#  13]+0.011*[#  20]+0.011*[#  21]+0.011*[#  23]
          +0.009*[#  26]+0.009*[#  27]+0.009*[#  29]+0.009*[#  30]+0.009*[#  33]
          +0.009*[#  35]+0.005*[#  18]+0.005*[#   1]+0.005*[#  24]+0.005*[#  28]
          +0.005*[#  32]+0.001*[#  25]+0.001*[#  31]+0.001*[#  34]
    |psi|^2 = 0.987
==== e(  32) =    20.42201 eV ==== 
 
    |psi|^2 = 0.006
==== e(  33) =    20.67865 eV ==== 
     psi = 0.049*[#  18]+0.028*[#  10]+0.007*[#  11]+0.007*[#  12]+0.007*[#  13]
          +0.003*[#   1]+0.001*[#  24]+0.001*[#  25]+0.001*[#  28]+0.001*[#  31]
          +0.001*[#  32]+0.001*[#  34]+0.001*[#  26]+0.001*[#  27]+0.001*[#  29]
          +0.001*[#  30]+0.001*[#  33]+0.001*[#  35]
    |psi|^2 = 0.122
==== e(  34) =    20.74241 eV ==== 
     psi = 0.013*[#  11]+0.013*[#  12]+0.013*[#  13]+0.001*[#   5]+0.001*[#   8]
          +0.001*[#  26]+0.001*[#  27]+0.001*[#  29]+0.001*[#  30]+0.001*[#  33]
          +0.001*[#  35]
    |psi|^2 = 0.052
==== e(  35) =    20.74241 eV ==== 
     psi = 0.013*[#  11]+0.013*[#  12]+0.013*[#  13]+0.001*[#   5]+0.001*[#   8]
          +0.001*[#  26]+0.001*[#  27]+0.001*[#  29]+0.001*[#  30]+0.001*[#  33]
          +0.001*[#  35]
    |psi|^2 = 0.052

 k =   0.0750000000  0.0750000000  0.0750000000
==== e(   1) =   -46.74969 eV ==== 
     psi = 0.940*[#  14]+0.039*[#  10]+0.005*[#  18]+0.004*[#  11]+0.004*[#  12]
          +0.004*[#  13]
    |psi|^2 = 1.000
==== e(   2) =   -23.27157 eV ==== 
     psi = 0.326*[#  15]+0.326*[#  16]+0.326*[#  17]+0.006*[#  25]+0.006*[#  31]
          +0.006*[#  34]
    |psi|^2 = 1.000
==== e(   3) =   -23.27139 eV ==== 
     psi = 0.327*[#  15]+0.327*[#  16]+0.327*[#  17]+0.006*[#  25]+0.006*[#  31]
          +0.006*[#  34]
    |psi|^2 = 1.000
==== e(   4) =   -23.27139 eV ==== 
     psi = 0.327*[#  15]+0.327*[#  16]+0.327*[#  17]+0.006*[#  25]+0.006*[#  31]
          +0.006*[#  34]
    |psi|^2 = 1.000
==== e(   5) =   -15.32476 eV ==== 
     psi = 0.884*[#   1]+0.027*[#  10]+0.021*[#  11]+0.021*[#  12]+0.021*[#  13]
          +0.020*[#  18]+0.001*[#  14]
    |psi|^2 = 1.000
==== e(   6) =    -7.05242 eV ==== 
     psi = 0.215*[#  24]+0.215*[#  28]+0.215*[#  32]+0.154*[#  10]+0.118*[#  18]
          +0.043*[#   1]+0.010*[#  14]+0.008*[#  11]+0.008*[#  12]+0.008*[#  13]
          +0.002*[#   2]+0.002*[#   3]+0.002*[#   4]
    |psi|^2 = 1.000
==== e(   7) =    -6.33553 eV ==== 
     psi = 0.291*[#  24]+0.291*[#  28]+0.291*[#  32]+0.035*[#  19]+0.035*[#  22]
          +0.027*[#   5]+0.027*[#   8]
    |psi|^2 = 0.999
==== e(   8) =    -6.33553 eV ==== 
     psi = 0.291*[#  24]+0.291*[#  28]+0.291*[#  32]+0.035*[#  19]+0.035*[#  22]
          +0.027*[#   5]+0.027*[#   8]
    |psi|^2 = 0.999
==== e(   9) =    -0.48204 eV ==== 
     psi = 0.295*[#   2]+0.295*[#   3]+0.295*[#   4]+0.015*[#  11]+0.015*[#  12]
          +0.015*[#  13]+0.010*[#  26]+0.010*[#  27]+0.010*[#  29]+0.010*[#  30]
          +0.010*[#  33]+0.010*[#  35]+0.002*[#  25]+0.002*[#  31]+0.002*[#  34]
          +0.002*[#   5]+0.002*[#   8]+0.001*[#  24]+0.001*[#  28]+0.001*[#  32]
          
    |psi|^2 = 0.999
==== e(  10) =    -0.48204 eV ==== 
     psi = 0.295*[#   2]+0.295*[#   3]+0.295*[#   4]+0.015*[#  11]+0.015*[#  12]
          +0.015*[#  13]+0.010*[#  26]+0.010*[#  27]+0.010*[#  29]+0.010*[#  30]
          +0.010*[#  33]+0.010*[#  35]+0.002*[#  25]+0.002*[#  31]+0.002*[#  34]
          +0.002*[#   5]+0.002*[#   8]+0.001*[#  24]+0.001*[#  28]+0.001*[#  32]
          
    |psi|^2 = 0.999
==== e(  11) =    -0.39449 eV ==== 
     psi = 0.299*[#   2]+0.299*[#   3]+0.299*[#   4]+0.011*[#  11]+0.011*[#  12]
          +0.011*[#  13]+0.008*[#  26]+0.008*[#  27]+0.008*[#  29]+0.008*[#  30]
          +0.008*[#  33]+0.008*[#  35]+0.003*[#  10]+0.002*[#  24]+0.002*[#  28]
          +0.002*[#  32]+0.002*[#  25]+0.002*[#  31]+0.002*[#  34]+0.001*[#  18]
          
    |psi|^2 = 0.999
==== e(  12) =     6.85109 eV ==== 
     psi = 0.186*[#  25]+0.186*[#  31]+0.186*[#  34]+0.055*[#  26]+0.055*[#  27]
          +0.055*[#  29]+0.055*[#  30]+0.055*[#  33]+0.055*[#  35]+0.012*[#   2]
          +0.012*[#   3]+0.012*[#   4]+0.010*[#  10]+0.009*[#  18]+0.006*[#   6]
          +0.006*[#   7]+0.006*[#   9]+0.005*[#  15]+0.005*[#  16]+0.005*[#  17]
          +0.001*[#  20]+0.001*[#  21]+0.001*[#  23]
    |psi|^2 = 0.986
==== e(  13) =     7.00501 eV ==== 
     psi = 0.208*[#  25]+0.208*[#  31]+0.208*[#  34]+0.045*[#  26]+0.045*[#  27]
          +0.045*[#  29]+0.045*[#  30]+0.045*[#  33]+0.045*[#  35]+0.012*[#   2]
          +0.012*[#   3]+0.012*[#   4]+0.012*[#  19]+0.012*[#  22]+0.005*[#  15]
          +0.005*[#  16]+0.005*[#  17]+0.002*[#  11]+0.002*[#  12]+0.002*[#  13]
          +0.002*[#   6]+0.002*[#   7]+0.002*[#   9]
    |psi|^2 = 0.984
==== e(  14) =     7.00501 eV ==== 
     psi = 0.208*[#  25]+0.208*[#  31]+0.208*[#  34]+0.045*[#  26]+0.045*[#  27]
          +0.045*[#  29]+0.045*[#  30]+0.045*[#  33]+0.045*[#  35]+0.012*[#   2]
          +0.012*[#   3]+0.012*[#   4]+0.012*[#  19]+0.012*[#  22]+0.005*[#  15]
          +0.005*[#  16]+0.005*[#  17]+0.002*[#  11]+0.002*[#  12]+0.002*[#  13]
          +0.002*[#   6]+0.002*[#   7]+0.002*[#   9]
    |psi|^2 = 0.984
==== e(  15) =     8.05142 eV ==== 
     psi = 0.150*[#  26]+0.150*[#  27]+0.150*[#  29]+0.150*[#  30]+0.150*[#  33]
          +0.150*[#  35]+0.015*[#  20]+0.015*[#  21]+0.015*[#  23]+0.009*[#   5]
          +0.009*[#   8]+0.007*[#   6]+0.007*[#   7]+0.007*[#   9]
    |psi|^2 = 0.985
==== e(  16) =     8.05142 eV ==== 
     psi = 0.150*[#  26]+0.150*[#  27]+0.150*[#  29]+0.150*[#  30]+0.150*[#  33]
          +0.150*[#  35]+0.015*[#  20]+0.015*[#  21]+0.015*[#  23]+0.009*[#   5]
          +0.009*[#   8]+0.007*[#   6]+0.007*[#   7]+0.007*[#   9]
    |psi|^2 = 0.985
==== e(  17) =     8.37534 eV ==== 
     psi = 0.164*[#  26]+0.164*[#  27]+0.164*[#  29]+0.164*[#  30]+0.164*[#  33]
          +0.164*[#  35]
    |psi|^2 = 0.982
==== e(  18) =     8.81908 eV ==== 
     psi = 0.125*[#  25]+0.125*[#  31]+0.125*[#  34]+0.087*[#  26]+0.087*[#  27]
          +0.087*[#  29]+0.087*[#  30]+0.087*[#  33]+0.087*[#  35]+0.020*[#  10]
          +0.014*[#  20]+0.014*[#  21]+0.014*[#  23]+0.004*[#  18]+0.004*[#  24]
          +0.004*[#  28]+0.004*[#  32]+0.003*[#   2]+0.003*[#   3]+0.003*[#   4]
          +0.002*[#   1]+0.002*[#  11]+0.002*[#  12]+0.002*[#  13]+0.001*[#  14]
          
    |psi|^2 = 0.995
==== e(  19) =     9.06846 eV ==== 
     psi = 0.106*[#  26]+0.106*[#  27]+0.106*[#  29]+0.106*[#  30]+0.106*[#  33]
          +0.106*[#  35]+0.096*[#  25]+0.096*[#  31]+0.096*[#  34]+0.012*[#  19]
          +0.012*[#  22]+0.006*[#   2]+0.006*[#   3]+0.006*[#   4]+0.005*[#  11]
          +0.005*[#  12]+0.005*[#  13]+0.003*[#  20]+0.003*[#  21]+0.003*[#  23]
          
    |psi|^2 = 0.995
==== e(  20) =     9.06846 eV ==== 
     psi = 0.106*[#  26]+0.106*[#  27]+0.106*[#  29]+0.106*[#  30]+0.106*[#  33]
          +0.106*[#  35]+0.096*[#  25]+0.096*[#  31]+0.096*[#  34]+0.012*[#  19]
          +0.012*[#  22]+0.006*[#   2]+0.006*[#   3]+0.006*[#   4]+0.005*[#  11]
          +0.005*[#  12]+0.005*[#  13]+0.003*[#  20]+0.003*[#  21]+0.003*[#  23]
          
    |psi|^2 = 0.995
==== e(  21) =    11.18727 eV ==== 
     psi = 0.298*[#  20]+0.298*[#  21]+0.298*[#  23]+0.017*[#   6]+0.017*[#   7]
          +0.017*[#   9]+0.005*[#  26]+0.005*[#  27]+0.005*[#  29]+0.005*[#  30]
          +0.005*[#  33]+0.005*[#  35]+0.003*[#  25]+0.003*[#  31]+0.003*[#  34]
          
    |psi|^2 = 0.987
==== e(  22) =    11.23129 eV ==== 
     psi = 0.293*[#  20]+0.293*[#  21]+0.293*[#  23]+0.014*[#   6]+0.014*[#   7]
          +0.014*[#   9]+0.010*[#  26]+0.010*[#  27]+0.010*[#  29]+0.010*[#  30]
          +0.010*[#  33]+0.010*[#  35]+0.002*[#   5]+0.002*[#   8]
    |psi|^2 = 0.987
==== e(  23) =    11.23129 eV ==== 
     psi = 0.293*[#  20]+0.293*[#  21]+0.293*[#  23]+0.014*[#   6]+0.014*[#   7]
          +0.014*[#   9]+0.010*[#  26]+0.010*[#  27]+0.010*[#  29]+0.010*[#  30]
          +0.010*[#  33]+0.010*[#  35]+0.002*[#   5]+0.002*[#   8]
    |psi|^2 = 0.987
==== e(  24) =    13.31438 eV ==== 
     psi = 0.438*[#  19]+0.438*[#  22]+0.021*[#  24]+0.021*[#  28]+0.021*[#  32]
          +0.016*[#  25]+0.016*[#  31]+0.016*[#  34]+0.001*[#   5]+0.001*[#   8]
          
    |psi|^2 = 0.994
==== e(  25) =    13.31438 eV ==== 
     psi = 0.438*[#  19]+0.438*[#  22]+0.021*[#  24]+0.021*[#  28]+0.021*[#  32]
          +0.016*[#  25]+0.016*[#  31]+0.016*[#  34]+0.001*[#   5]+0.001*[#   8]
          
    |psi|^2 = 0.994
==== e(  26) =    14.61861 eV ==== 
     psi = 0.452*[#   5]+0.452*[#   8]+0.017*[#  24]+0.017*[#  28]+0.017*[#  32]
          +0.004*[#  26]+0.004*[#  27]+0.004*[#  29]+0.004*[#  30]+0.004*[#  33]
          +0.004*[#  35]+0.001*[#   2]+0.001*[#   3]+0.001*[#   4]
    |psi|^2 = 0.985
==== e(  27) =    14.61861 eV ==== 
     psi = 0.452*[#   5]+0.452*[#   8]+0.017*[#  24]+0.017*[#  28]+0.017*[#  32]
          +0.004*[#  26]+0.004*[#  27]+0.004*[#  29]+0.004*[#  30]+0.004*[#  33]
          +0.004*[#  35]+0.001*[#   2]+0.001*[#   3]+0.001*[#   4]
    |psi|^2 = 0.985
==== e(  28) =    16.49157 eV ==== 
     psi = 0.498*[#  10]+0.097*[#  24]+0.097*[#  28]+0.097*[#  32]+0.036*[#   1]
          +0.035*[#  18]+0.021*[#  14]+0.020*[#  11]+0.020*[#  12]+0.020*[#  13]
          +0.008*[#   6]+0.008*[#   7]+0.008*[#   9]+0.003*[#  25]+0.003*[#  26]
          +0.003*[#  27]+0.003*[#  29]+0.003*[#  30]+0.003*[#  31]+0.003*[#  33]
          +0.003*[#  34]+0.003*[#  35]+0.001*[#   2]+0.001*[#   3]+0.001*[#   4]
          
    |psi|^2 = 0.995
==== e(  29) =    17.84614 eV ==== 
     psi = 0.295*[#   6]+0.295*[#   7]+0.295*[#   9]+0.015*[#  20]+0.015*[#  21]
          +0.015*[#  23]+0.006*[#  10]+0.005*[#  26]+0.005*[#  27]+0.005*[#  29]
          +0.005*[#  30]+0.005*[#  33]+0.005*[#  35]+0.005*[#  11]+0.005*[#  12]
          +0.005*[#  13]+0.002*[#  18]+0.001*[#   1]+0.001*[#  24]+0.001*[#  28]
          +0.001*[#  32]+0.001*[#  25]+0.001*[#  31]+0.001*[#  34]
    |psi|^2 = 0.987
==== e(  30) =    17.86703 eV ==== 
     psi = 0.305*[#   6]+0.305*[#   7]+0.305*[#   9]+0.018*[#  20]+0.018*[#  21]
          +0.018*[#  23]+0.002*[#  26]+0.002*[#  27]+0.002*[#  29]+0.002*[#  30]
          +0.002*[#  33]+0.002*[#  35]
    |psi|^2 = 0.988
==== e(  31) =    17.86703 eV ==== 
     psi = 0.305*[#   6]+0.305*[#   7]+0.305*[#   9]+0.018*[#  20]+0.018*[#  21]
          +0.018*[#  23]+0.002*[#  26]+0.002*[#  27]+0.002*[#  29]+0.002*[#  30]
          +0.002*[#  33]+0.002*[#  35]
    |psi|^2 = 0.988
==== e(  32) =    20.43694 eV ==== 
 
    |psi|^2 = 0.003
==== e(  33) =    20.73030 eV ==== 
     psi = 0.033*[#  18]+0.018*[#  10]+0.007*[#  11]+0.007*[#  12]+0.007*[#  13]
          +0.002*[#   1]+0.001*[#  26]+0.001*[#  27]+0.001*[#  29]+0.001*[#  30]
          +0.001*[#  33]+0.001*[#  35]
    |psi|^2 = 0.092
==== e(  34) =    20.77319 eV ==== 
     psi = 0.010*[#  11]+0.010*[#  12]+0.010*[#  13]+0.001*[#   5]+0.001*[#   8]
          +0.001*[#  26]+0.001*[#  27]+0.001*[#  29]+0.001*[#  30]+0.001*[#  33]
          +0.001*[#  35]
    |psi|^2 = 0.041
==== e(  35) =    20.77319 eV ==== 
     psi = 0.010*[#  11]+0.010*[#  12]+0.010*[#  13]+0.001*[#   5]+0.001*[#   8]
          +0.001*[#  26]+0.001*[#  27]+0.001*[#  29]+0.001*[#  30]+0.001*[#  33]
          +0.001*[#  35]
    |psi|^2 = 0.041

 k =   0.0500000000  0.0500000000  0.0500000000
==== e(   1) =   -46.74974 eV ==== 
     psi = 0.942*[#  14]+0.045*[#  10]+0.005*[#  18]+0.002*[#  11]+0.002*[#  12]
          +0.002*[#  13]
    |psi|^2 = 1.000
==== e(   2) =   -23.27038 eV ==== 
     psi = 0.326*[#  15]+0.326*[#  16]+0.326*[#  17]+0.006*[#  25]+0.006*[#  31]
          +0.006*[#  34]
    |psi|^2 = 1.000
==== e(   3) =   -23.27029 eV ==== 
     psi = 0.327*[#  15]+0.327*[#  16]+0.327*[#  17]+0.006*[#  25]+0.006*[#  31]
          +0.006*[#  34]
    |psi|^2 = 1.000
==== e(   4) =   -23.27029 eV ==== 
     psi = 0.327*[#  15]+0.327*[#  16]+0.327*[#  17]+0.006*[#  25]+0.006*[#  31]
          +0.006*[#  34]
    |psi|^2 = 1.000
==== e(   5) =   -15.33300 eV ==== 
     psi = 0.899*[#   1]+0.040*[#  10]+0.025*[#  18]+0.011*[#  11]+0.011*[#  12]
          +0.011*[#  13]+0.001*[#  14]
    |psi|^2 = 1.000
==== e(   6) =    -7.05609 eV ==== 
     psi = 0.215*[#  24]+0.215*[#  28]+0.215*[#  32]+0.164*[#  10]+0.120*[#  18]
          +0.045*[#   1]+0.010*[#  14]+0.004*[#  11]+0.004*[#  12]+0.004*[#  13]
          
    |psi|^2 = 1.000
==== e(   7) =    -6.33731 eV ==== 
     psi = 0.291*[#  24]+0.291*[#  28]+0.291*[#  32]+0.036*[#  19]+0.036*[#  22]
          +0.027*[#   5]+0.027*[#   8]
    |psi|^2 = 0.999
==== e(   8) =    -6.33731 eV ==== 
     psi = 0.291*[#  24]+0.291*[#  28]+0.291*[#  32]+0.036*[#  19]+0.036*[#  22]
          +0.027*[#   5]+0.027*[#   8]
    |psi|^2 = 0.999
==== e(   9) =    -0.48397 eV ==== 
     psi = 0.294*[#   2]+0.294*[#   3]+0.294*[#   4]+0.016*[#  11]+0.016*[#  12]
          +0.016*[#  13]+0.010*[#  26]+0.010*[#  27]+0.010*[#  29]+0.010*[#  30]
          +0.010*[#  33]+0.010*[#  35]+0.002*[#  25]+0.002*[#  31]+0.002*[#  34]
          
    |psi|^2 = 0.999
==== e(  10) =    -0.48397 eV ==== 
     psi = 0.294*[#   2]+0.294*[#   3]+0.294*[#   4]+0.016*[#  11]+0.016*[#  12]
          +0.016*[#  13]+0.010*[#  26]+0.010*[#  27]+0.010*[#  29]+0.010*[#  30]
          +0.010*[#  33]+0.010*[#  35]+0.002*[#  25]+0.002*[#  31]+0.002*[#  34]
          
    |psi|^2 = 0.999
==== e(  11) =    -0.44407 eV ==== 
     psi = 0.296*[#   2]+0.296*[#   3]+0.296*[#   4]+0.014*[#  11]+0.014*[#  12]
          +0.014*[#  13]+0.009*[#  26]+0.009*[#  27]+0.009*[#  29]+0.009*[#  30]
          +0.009*[#  33]+0.009*[#  35]+0.002*[#  25]+0.002*[#  31]+0.002*[#  34]
          +0.001*[#  10]
    |psi|^2 = 0.999
==== e(  12) =     6.96814 eV ==== 
     psi = 0.194*[#  25]+0.194*[#  31]+0.194*[#  34]+0.054*[#  26]+0.054*[#  27]
          +0.054*[#  29]+0.054*[#  30]+0.054*[#  33]+0.054*[#  35]+0.013*[#   2]
          +0.013*[#   3]+0.013*[#   4]+0.005*[#  15]+0.005*[#  16]+0.005*[#  17]
          +0.004*[#  10]+0.004*[#  18]+0.003*[#   6]+0.003*[#   7]+0.003*[#   9]
          +0.001*[#  11]+0.001*[#  12]+0.001*[#  13]
    |psi|^2 = 0.984
==== e(  13) =     7.03952 eV ==== 
     psi = 0.205*[#  25]+0.205*[#  31]+0.205*[#  34]+0.049*[#  26]+0.049*[#  27]
          +0.049*[#  29]+0.049*[#  30]+0.049*[#  33]+0.049*[#  35]+0.013*[#   2]
          +0.013*[#   3]+0.013*[#   4]+0.005*[#  15]+0.005*[#  16]+0.005*[#  17]
          +0.005*[#  19]+0.005*[#  22]+0.001*[#  11]+0.001*[#  12]+0.001*[#  13]
          
    |psi|^2 = 0.983
==== e(  14) =     7.03952 eV ==== 
     psi = 0.205*[#  25]+0.205*[#  31]+0.205*[#  34]+0.049*[#  26]+0.049*[#  27]
          +0.049*[#  29]+0.049*[#  30]+0.049*[#  33]+0.049*[#  35]+0.013*[#   2]
          +0.013*[#   3]+0.013*[#   4]+0.005*[#  15]+0.005*[#  16]+0.005*[#  17]
          +0.005*[#  19]+0.005*[#  22]+0.001*[#  11]+0.001*[#  12]+0.001*[#  13]
          
    |psi|^2 = 0.983
==== e(  15) =     8.19303 eV ==== 
     psi = 0.156*[#  26]+0.156*[#  27]+0.156*[#  29]+0.156*[#  30]+0.156*[#  33]
          +0.156*[#  35]+0.008*[#  20]+0.008*[#  21]+0.008*[#  23]+0.005*[#   5]
          +0.005*[#   8]+0.004*[#   6]+0.004*[#   7]+0.004*[#   9]
    |psi|^2 = 0.983
==== e(  16) =     8.19303 eV ==== 
     psi = 0.156*[#  26]+0.156*[#  27]+0.156*[#  29]+0.156*[#  30]+0.156*[#  33]
          +0.156*[#  35]+0.008*[#  20]+0.008*[#  21]+0.008*[#  23]+0.005*[#   5]
          +0.005*[#   8]+0.004*[#   6]+0.004*[#   7]+0.004*[#   9]
    |psi|^2 = 0.983
==== e(  17) =     8.34687 eV ==== 
     psi = 0.164*[#  26]+0.164*[#  27]+0.164*[#  29]+0.164*[#  30]+0.164*[#  33]
          +0.164*[#  35]
    |psi|^2 = 0.981
==== e(  18) =     9.02584 eV ==== 
     psi = 0.122*[#  25]+0.122*[#  31]+0.122*[#  34]+0.094*[#  26]+0.094*[#  27]
          +0.094*[#  29]+0.094*[#  30]+0.094*[#  33]+0.094*[#  35]+0.011*[#  10]
          +0.008*[#  20]+0.008*[#  21]+0.008*[#  23]+0.004*[#   2]+0.004*[#   3]
          +0.004*[#   4]+0.003*[#  11]+0.003*[#  12]+0.003*[#  13]+0.002*[#  18]
          +0.002*[#  24]+0.002*[#  28]+0.002*[#  32]
    |psi|^2 = 0.995
==== e(  19) =     9.14225 eV ==== 
     psi = 0.108*[#  25]+0.108*[#  31]+0.108*[#  34]+0.103*[#  26]+0.103*[#  27]
          +0.103*[#  29]+0.103*[#  30]+0.103*[#  33]+0.103*[#  35]+0.006*[#  19]
          +0.006*[#  22]+0.005*[#   2]+0.005*[#   3]+0.005*[#   4]+0.005*[#  11]
          +0.005*[#  12]+0.005*[#  13]+0.002*[#  20]+0.002*[#  21]+0.002*[#  23]
          
    |psi|^2 = 0.995
==== e(  20) =     9.14225 eV ==== 
     psi = 0.108*[#  25]+0.108*[#  31]+0.108*[#  34]+0.103*[#  26]+0.103*[#  27]
          +0.103*[#  29]+0.103*[#  30]+0.103*[#  33]+0.103*[#  35]+0.006*[#  19]
          +0.006*[#  22]+0.005*[#   2]+0.005*[#   3]+0.005*[#   4]+0.005*[#  11]
          +0.005*[#  12]+0.005*[#  13]+0.002*[#  20]+0.002*[#  21]+0.002*[#  23]
          
    |psi|^2 = 0.995
==== e(  21) =    11.08528 eV ==== 
     psi = 0.303*[#  20]+0.303*[#  21]+0.303*[#  23]+0.018*[#   6]+0.018*[#   7]
          +0.018*[#   9]+0.003*[#  26]+0.003*[#  27]+0.003*[#  29]+0.003*[#  30]
          +0.003*[#  33]+0.003*[#  35]+0.002*[#  25]+0.002*[#  31]+0.002*[#  34]
          
    |psi|^2 = 0.987
==== e(  22) =    11.10892 eV ==== 
     psi = 0.301*[#  20]+0.301*[#  21]+0.301*[#  23]+0.017*[#   6]+0.017*[#   7]
          +0.017*[#   9]+0.005*[#  26]+0.005*[#  27]+0.005*[#  29]+0.005*[#  30]
          +0.005*[#  33]+0.005*[#  35]
    |psi|^2 = 0.987
==== e(  23) =    11.10892 eV ==== 
     psi = 0.301*[#  20]+0.301*[#  21]+0.301*[#  23]+0.017*[#   6]+0.017*[#   7]
          +0.017*[#   9]+0.005*[#  26]+0.005*[#  27]+0.005*[#  29]+0.005*[#  30]
          +0.005*[#  33]+0.005*[#  35]
    |psi|^2 = 0.987
==== e(  24) =    13.18172 eV ==== 
     psi = 0.450*[#  19]+0.450*[#  22]+0.022*[#  24]+0.022*[#  28]+0.022*[#  32]
          +0.008*[#  25]+0.008*[#  31]+0.008*[#  34]+0.001*[#   5]+0.001*[#   8]
          
    |psi|^2 = 0.995
==== e(  25) =    13.18172 eV ==== 
     psi = 0.450*[#  19]+0.450*[#  22]+0.022*[#  24]+0.022*[#  28]+0.022*[#  32]
          +0.008*[#  25]+0.008*[#  31]+0.008*[#  34]+0.001*[#   5]+0.001*[#   8]
          
    |psi|^2 = 0.995
==== e(  26) =    14.45606 eV ==== 
     psi = 0.461*[#   5]+0.461*[#   8]+0.018*[#  24]+0.018*[#  28]+0.018*[#  32]
          +0.002*[#  26]+0.002*[#  27]+0.002*[#  29]+0.002*[#  30]+0.002*[#  33]
          +0.002*[#  35]
    |psi|^2 = 0.989
==== e(  27) =    14.45606 eV ==== 
     psi = 0.461*[#   5]+0.461*[#   8]+0.018*[#  24]+0.018*[#  28]+0.018*[#  32]
          +0.002*[#  26]+0.002*[#  27]+0.002*[#  29]+0.002*[#  30]+0.002*[#  33]
          +0.002*[#  35]
    |psi|^2 = 0.989
==== e(  28) =    16.30677 eV ==== 
     psi = 0.543*[#  10]+0.101*[#  24]+0.101*[#  28]+0.101*[#  32]+0.040*[#  18]
          +0.037*[#   1]+0.022*[#  14]+0.010*[#  11]+0.010*[#  12]+0.010*[#  13]
          +0.002*[#  26]+0.002*[#  27]+0.002*[#  29]+0.002*[#  30]+0.002*[#  33]
          +0.002*[#  35]+0.001*[#   6]+0.001*[#   7]+0.001*[#   9]+0.001*[#  25]
          +0.001*[#  31]+0.001*[#  34]
    |psi|^2 = 0.995
==== e(  29) =    17.78839 eV ==== 
     psi = 0.305*[#   6]+0.305*[#   7]+0.305*[#   9]+0.018*[#  20]+0.018*[#  21]
          +0.018*[#  23]+0.002*[#  26]+0.002*[#  27]+0.002*[#  29]+0.002*[#  30]
          +0.002*[#  33]+0.002*[#  35]+0.001*[#  11]+0.001*[#  12]+0.001*[#  13]
          +0.001*[#  10]
    |psi|^2 = 0.989
==== e(  30) =    17.80594 eV ==== 
     psi = 0.308*[#   6]+0.308*[#   7]+0.308*[#   9]+0.019*[#  20]+0.019*[#  21]
          +0.019*[#  23]+0.001*[#  26]+0.001*[#  27]+0.001*[#  29]+0.001*[#  30]
          +0.001*[#  33]+0.001*[#  35]
    |psi|^2 = 0.989
==== e(  31) =    17.80594 eV ==== 
     psi = 0.308*[#   6]+0.308*[#   7]+0.308*[#   9]+0.019*[#  20]+0.019*[#  21]
          +0.019*[#  23]+0.001*[#  26]+0.001*[#  27]+0.001*[#  29]+0.001*[#  30]
          +0.001*[#  33]+0.001*[#  35]
    |psi|^2 = 0.989
==== e(  32) =    20.44541 eV ==== 
 
    |psi|^2 = 0.001
==== e(  33) =    20.77043 eV ==== 
     psi = 0.017*[#  18]+0.009*[#  10]+0.007*[#  11]+0.007*[#  12]+0.007*[#  13]
          +0.001*[#  26]+0.001*[#  27]+0.001*[#  29]+0.001*[#  30]+0.001*[#  33]
          +0.001*[#  35]
    |psi|^2 = 0.060
==== e(  34) =    20.79215 eV ==== 
     psi = 0.008*[#  11]+0.008*[#  12]+0.008*[#  13]
    |psi|^2 = 0.034
==== e(  35) =    20.79215 eV ==== 
     psi = 0.008*[#  11]+0.008*[#  12]+0.008*[#  13]
    |psi|^2 = 0.034

 k =   0.0250000000  0.0250000000  0.0250000000
==== e(   1) =   -46.74977 eV ==== 
     psi = 0.943*[#  14]+0.049*[#  10]+0.004*[#  18]
    |psi|^2 = 1.000
==== e(   2) =   -23.26964 eV ==== 
     psi = 0.327*[#  15]+0.327*[#  16]+0.327*[#  17]+0.006*[#  25]+0.006*[#  31]
          +0.006*[#  34]
    |psi|^2 = 1.000
==== e(   3) =   -23.26962 eV ==== 
     psi = 0.327*[#  15]+0.327*[#  16]+0.327*[#  17]+0.006*[#  25]+0.006*[#  31]
          +0.006*[#  34]
    |psi|^2 = 1.000
==== e(   4) =   -23.26962 eV ==== 
     psi = 0.327*[#  15]+0.327*[#  16]+0.327*[#  17]+0.006*[#  25]+0.006*[#  31]
          +0.006*[#  34]
    |psi|^2 = 1.000
==== e(   5) =   -15.33810 eV ==== 
     psi = 0.909*[#   1]+0.050*[#  10]+0.028*[#  18]+0.003*[#  11]+0.003*[#  12]
          +0.003*[#  13]+0.001*[#  14]+0.001*[#  24]+0.001*[#  28]+0.001*[#  32]
          
    |psi|^2 = 1.000
==== e(   6) =    -7.05762 eV ==== 
     psi = 0.215*[#  24]+0.215*[#  28]+0.215*[#  32]+0.171*[#  10]+0.122*[#  18]
          +0.046*[#   1]+0.010*[#  14]+0.001*[#  11]+0.001*[#  12]+0.001*[#  13]
          
    |psi|^2 = 1.000
==== e(   7) =    -6.33827 eV ==== 
     psi = 0.291*[#  24]+0.291*[#  28]+0.291*[#  32]+0.036*[#  19]+0.036*[#  22]
          +0.027*[#   5]+0.027*[#   8]
    |psi|^2 = 0.999
==== e(   8) =    -6.33827 eV ==== 
     psi = 0.291*[#  24]+0.291*[#  28]+0.291*[#  32]+0.036*[#  19]+0.036*[#  22]
          +0.027*[#   5]+0.027*[#   8]
    |psi|^2 = 0.999
==== e(   9) =    -0.48588 eV ==== 
     psi = 0.293*[#   2]+0.293*[#   3]+0.293*[#   4]+0.017*[#  11]+0.017*[#  12]
          +0.017*[#  13]+0.010*[#  26]+0.010*[#  27]+0.010*[#  29]+0.010*[#  30]
          +0.010*[#  33]+0.010*[#  35]+0.002*[#  25]+0.002*[#  31]+0.002*[#  34]
          
    |psi|^2 = 0.999
==== e(  10) =    -0.48588 eV ==== 
     psi = 0.293*[#   2]+0.293*[#   3]+0.293*[#   4]+0.017*[#  11]+0.017*[#  12]
          +0.017*[#  13]+0.010*[#  26]+0.010*[#  27]+0.010*[#  29]+0.010*[#  30]
          +0.010*[#  33]+0.010*[#  35]+0.002*[#  25]+0.002*[#  31]+0.002*[#  34]
          
    |psi|^2 = 0.999
==== e(  11) =    -0.47576 eV ==== 
     psi = 0.294*[#   2]+0.294*[#   3]+0.294*[#   4]+0.017*[#  11]+0.017*[#  12]
          +0.017*[#  13]+0.010*[#  26]+0.010*[#  27]+0.010*[#  29]+0.010*[#  30]
          +0.010*[#  33]+0.010*[#  35]+0.002*[#  25]+0.002*[#  31]+0.002*[#  34]
          
    |psi|^2 = 0.999
==== e(  12) =     7.04174 eV ==== 
     psi = 0.200*[#  25]+0.200*[#  31]+0.200*[#  34]+0.053*[#  26]+0.053*[#  27]
          +0.053*[#  29]+0.053*[#  30]+0.053*[#  33]+0.053*[#  35]+0.014*[#   2]
          +0.014*[#   3]+0.014*[#   4]+0.006*[#  15]+0.006*[#  16]+0.006*[#  17]
          +0.001*[#  10]+0.001*[#  11]+0.001*[#  12]+0.001*[#  13]+0.001*[#  18]
          
    |psi|^2 = 0.982
==== e(  13) =     7.06004 eV ==== 
     psi = 0.202*[#  25]+0.202*[#  31]+0.202*[#  34]+0.052*[#  26]+0.052*[#  27]
          +0.052*[#  29]+0.052*[#  30]+0.052*[#  33]+0.052*[#  35]+0.014*[#   2]
          +0.014*[#   3]+0.014*[#   4]+0.006*[#  15]+0.006*[#  16]+0.006*[#  17]
          +0.001*[#  19]+0.001*[#  22]+0.001*[#  11]+0.001*[#  12]+0.001*[#  13]
          
    |psi|^2 = 0.982
==== e(  14) =     7.06004 eV ==== 
     psi = 0.202*[#  25]+0.202*[#  31]+0.202*[#  34]+0.052*[#  26]+0.052*[#  27]
          +0.052*[#  29]+0.052*[#  30]+0.052*[#  33]+0.052*[#  35]+0.014*[#   2]
          +0.014*[#   3]+0.014*[#   4]+0.006*[#  15]+0.006*[#  16]+0.006*[#  17]
          +0.001*[#  19]+0.001*[#  22]+0.001*[#  11]+0.001*[#  12]+0.001*[#  13]
          
    |psi|^2 = 0.982
==== e(  15) =     8.28942 eV ==== 
     psi = 0.162*[#  26]+0.162*[#  27]+0.162*[#  29]+0.162*[#  30]+0.162*[#  33]
          +0.162*[#  35]+0.002*[#  20]+0.002*[#  21]+0.002*[#  23]+0.001*[#   5]
          +0.001*[#   8]
    |psi|^2 = 0.982
==== e(  16) =     8.28942 eV ==== 
     psi = 0.162*[#  26]+0.162*[#  27]+0.162*[#  29]+0.162*[#  30]+0.162*[#  33]
          +0.162*[#  35]+0.002*[#  20]+0.002*[#  21]+0.002*[#  23]+0.001*[#   5]
          +0.001*[#   8]
    |psi|^2 = 0.982
==== e(  17) =     8.32959 eV ==== 
     psi = 0.164*[#  26]+0.164*[#  27]+0.164*[#  29]+0.164*[#  30]+0.164*[#  33]
          +0.164*[#  35]
    |psi|^2 = 0.981
==== e(  18) =     9.16308 eV ==== 
     psi = 0.120*[#  25]+0.120*[#  31]+0.120*[#  34]+0.099*[#  26]+0.099*[#  27]
          +0.099*[#  29]+0.099*[#  30]+0.099*[#  33]+0.099*[#  35]+0.005*[#   2]
          +0.005*[#   3]+0.005*[#   4]+0.004*[#  11]+0.004*[#  12]+0.004*[#  13]
          +0.003*[#  10]+0.002*[#  20]+0.002*[#  21]+0.002*[#  23]
    |psi|^2 = 0.995
==== e(  19) =     9.19317 eV ==== 
     psi = 0.117*[#  25]+0.117*[#  31]+0.117*[#  34]+0.101*[#  26]+0.101*[#  27]
          +0.101*[#  29]+0.101*[#  30]+0.101*[#  33]+0.101*[#  35]+0.005*[#   2]
          +0.005*[#   3]+0.005*[#   4]+0.005*[#  11]+0.005*[#  12]+0.005*[#  13]
          +0.002*[#  19]+0.002*[#  22]
    |psi|^2 = 0.995
==== e(  20) =     9.19317 eV ==== 
     psi = 0.117*[#  25]+0.117*[#  31]+0.117*[#  34]+0.101*[#  26]+0.101*[#  27]
          +0.101*[#  29]+0.101*[#  30]+0.101*[#  33]+0.101*[#  35]+0.005*[#   2]
          +0.005*[#   3]+0.005*[#   4]+0.005*[#  11]+0.005*[#  12]+0.005*[#  13]
          +0.002*[#  19]+0.002*[#  22]
    |psi|^2 = 0.995
==== e(  21) =    11.01808 eV ==== 
     psi = 0.308*[#  20]+0.308*[#  21]+0.308*[#  23]+0.019*[#   6]+0.019*[#   7]
          +0.019*[#   9]
    |psi|^2 = 0.987
==== e(  22) =    11.02472 eV ==== 
     psi = 0.307*[#  20]+0.307*[#  21]+0.307*[#  23]+0.019*[#   6]+0.019*[#   7]
          +0.019*[#   9]+0.002*[#  26]+0.002*[#  27]+0.002*[#  29]+0.002*[#  30]
          +0.002*[#  33]+0.002*[#  35]
    |psi|^2 = 0.987
==== e(  23) =    11.02472 eV ==== 
     psi = 0.307*[#  20]+0.307*[#  21]+0.307*[#  23]+0.019*[#   6]+0.019*[#   7]
          +0.019*[#   9]+0.002*[#  26]+0.002*[#  27]+0.002*[#  29]+0.002*[#  30]
          +0.002*[#  33]+0.002*[#  35]
    |psi|^2 = 0.987
==== e(  24) =    13.09816 eV ==== 
     psi = 0.458*[#  19]+0.458*[#  22]+0.023*[#  24]+0.023*[#  28]+0.023*[#  32]
          +0.002*[#  25]+0.002*[#  31]+0.002*[#  34]+0.001*[#   5]+0.001*[#   8]
          
    |psi|^2 = 0.995
==== e(  25) =    13.09816 eV ==== 
     psi = 0.458*[#  19]+0.458*[#  22]+0.023*[#  24]+0.023*[#  28]+0.023*[#  32]
          +0.002*[#  25]+0.002*[#  31]+0.002*[#  34]+0.001*[#   5]+0.001*[#   8]
          
    |psi|^2 = 0.995
==== e(  26) =    14.35457 eV ==== 
     psi = 0.466*[#   5]+0.466*[#   8]+0.018*[#  24]+0.018*[#  28]+0.018*[#  32]
          
    |psi|^2 = 0.991
==== e(  27) =    14.35457 eV ==== 
     psi = 0.466*[#   5]+0.466*[#   8]+0.018*[#  24]+0.018*[#  28]+0.018*[#  32]
          
    |psi|^2 = 0.991
==== e(  28) =    16.18066 eV ==== 
     psi = 0.572*[#  10]+0.103*[#  24]+0.103*[#  28]+0.103*[#  32]+0.043*[#  18]
          +0.037*[#   1]+0.022*[#  14]+0.003*[#  11]+0.003*[#  12]+0.003*[#  13]
          
    |psi|^2 = 0.996
==== e(  29) =    17.76197 eV ==== 
     psi = 0.309*[#   6]+0.309*[#   7]+0.309*[#   9]+0.020*[#  20]+0.020*[#  21]
          +0.020*[#  23]
    |psi|^2 = 0.991
==== e(  30) =    17.76753 eV ==== 
     psi = 0.309*[#   6]+0.309*[#   7]+0.309*[#   9]+0.020*[#  20]+0.020*[#  21]
          +0.020*[#  23]
    |psi|^2 = 0.991
==== e(  31) =    17.76753 eV ==== 
     psi = 0.309*[#   6]+0.309*[#   7]+0.309*[#   9]+0.020*[#  20]+0.020*[#  21]
          +0.020*[#  23]
    |psi|^2 = 0.991
==== e(  32) =    20.44933 eV ==== 
 
    |psi|^2 = 0.000
==== e(  33) =    20.79620 eV ==== 
     psi = 0.006*[#  11]+0.006*[#  12]+0.006*[#  13]+0.005*[#  18]+0.002*[#  10]
          
    |psi|^2 = 0.036
==== e(  34) =    20.80207 eV ==== 
     psi = 0.007*[#  11]+0.007*[#  12]+0.007*[#  13]
    |psi|^2 = 0.029
==== e(  35) =    20.80207 eV ==== 
     psi = 0.007*[#  11]+0.007*[#  12]+0.007*[#  13]
    |psi|^2 = 0.029

 k =   0.0000000000  0.0000000000  0.0000000000
==== e(   1) =   -46.74978 eV ==== 
     psi = 0.944*[#  14]+0.051*[#  10]+0.004*[#  18]
    |psi|^2 = 1.000
==== e(   2) =   -23.26939 eV ==== 
     psi = 0.327*[#  15]+0.327*[#  16]+0.327*[#  17]+0.006*[#  25]+0.006*[#  31]
          +0.006*[#  34]
    |psi|^2 = 1.000
==== e(   3) =   -23.26939 eV ==== 
     psi = 0.327*[#  15]+0.327*[#  16]+0.327*[#  17]+0.006*[#  25]+0.006*[#  31]
          +0.006*[#  34]
    |psi|^2 = 1.000
==== e(   4) =   -23.26939 eV ==== 
     psi = 0.327*[#  15]+0.327*[#  16]+0.327*[#  17]+0.006*[#  25]+0.006*[#  31]
          +0.006*[#  34]
    |psi|^2 = 1.000
==== e(   5) =   -15.33982 eV ==== 
     psi = 0.913*[#   1]+0.054*[#  10]+0.029*[#  18]+0.001*[#  24]+0.001*[#  28]
          +0.001*[#  32]
    |psi|^2 = 1.000
==== e(   6) =    -7.05802 eV ==== 
     psi = 0.215*[#  24]+0.215*[#  28]+0.215*[#  32]+0.174*[#  10]+0.123*[#  18]
          +0.047*[#   1]+0.010*[#  14]
    |psi|^2 = 1.000
==== e(   7) =    -6.33858 eV ==== 
     psi = 0.291*[#  24]+0.291*[#  28]+0.291*[#  32]+0.037*[#  19]+0.037*[#  22]
          +0.027*[#   5]+0.027*[#   8]
    |psi|^2 = 0.999
==== e(   8) =    -6.33858 eV ==== 
     psi = 0.291*[#  24]+0.291*[#  28]+0.291*[#  32]+0.037*[#  19]+0.037*[#  22]
          +0.027*[#   5]+0.027*[#   8]
    |psi|^2 = 0.999
==== e(   9) =    -0.48665 eV ==== 
     psi = 0.293*[#   2]+0.293*[#   3]+0.293*[#   4]+0.017*[#  11]+0.017*[#  12]
          +0.017*[#  13]+0.010*[#  26]+0.010*[#  27]+0.010*[#  29]+0.010*[#  30]
          +0.010*[#  33]+0.010*[#  35]+0.002*[#  25]+0.002*[#  31]+0.002*[#  34]
          
    |psi|^2 = 0.999
==== e(  10) =    -0.48665 eV ==== 
     psi = 0.293*[#   2]+0.293*[#   3]+0.293*[#   4]+0.017*[#  11]+0.017*[#  12]
          +0.017*[#  13]+0.010*[#  26]+0.010*[#  27]+0.010*[#  29]+0.010*[#  30]
          +0.010*[#  33]+0.010*[#  35]+0.002*[#  25]+0.002*[#  31]+0.002*[#  34]
          
    |psi|^2 = 0.999
==== e(  11) =    -0.48665 eV ==== 
     psi = 0.293*[#   2]+0.293*[#   3]+0.293*[#   4]+0.017*[#  11]+0.017*[#  12]
          +0.017*[#  13]+0.010*[#  26]+0.010*[#  27]+0.010*[#  29]+0.010*[#  30]
          +0.010*[#  33]+0.010*[#  35]+0.002*[#  25]+0.002*[#  31]+0.002*[#  34]
          
    |psi|^2 = 0.999
==== e(  12) =     7.06685 eV ==== 
     psi = 0.201*[#  25]+0.201*[#  31]+0.201*[#  34]+0.052*[#  26]+0.052*[#  27]
          +0.052*[#  29]+0.052*[#  30]+0.052*[#  33]+0.052*[#  35]+0.014*[#   2]
          +0.014*[#   3]+0.014*[#   4]+0.006*[#  15]+0.006*[#  16]+0.006*[#  17]
          +0.001*[#  11]+0.001*[#  12]+0.001*[#  13]
    |psi|^2 = 0.982
==== e(  13) =     7.06685 eV ==== 
     psi = 0.201*[#  25]+0.201*[#  31]+0.201*[#  34]+0.052*[#  26]+0.052*[#  27]
          +0.052*[#  29]+0.052*[#  30]+0.052*[#  33]+0.052*[#  35]+0.014*[#   2]
          +0.014*[#   3]+0.014*[#   4]+0.006*[#  15]+0.006*[#  16]+0.006*[#  17]
          +0.001*[#  11]+0.001*[#  12]+0.001*[#  13]
    |psi|^2 = 0.982
==== e(  14) =     7.06685 eV ==== 
     psi = 0.201*[#  25]+0.201*[#  31]+0.201*[#  34]+0.052*[#  26]+0.052*[#  27]
          +0.052*[#  29]+0.052*[#  30]+0.052*[#  33]+0.052*[#  35]+0.014*[#   2]
          +0.014*[#   3]+0.014*[#   4]+0.006*[#  15]+0.006*[#  16]+0.006*[#  17]
          +0.001*[#  11]+0.001*[#  12]+0.001*[#  13]
    |psi|^2 = 0.982
==== e(  15) =     8.32379 eV ==== 
     psi = 0.164*[#  26]+0.164*[#  27]+0.164*[#  29]+0.164*[#  30]+0.164*[#  33]
          +0.164*[#  35]
    |psi|^2 = 0.981
==== e(  16) =     8.32379 eV ==== 
     psi = 0.164*[#  26]+0.164*[#  27]+0.164*[#  29]+0.164*[#  30]+0.164*[#  33]
          +0.164*[#  35]
    |psi|^2 = 0.981
==== e(  17) =     8.32379 eV ==== 
     psi = 0.164*[#  26]+0.164*[#  27]+0.164*[#  29]+0.164*[#  30]+0.164*[#  33]
          +0.164*[#  35]
    |psi|^2 = 0.981
==== e(  18) =     9.21152 eV ==== 
     psi = 0.119*[#  25]+0.119*[#  31]+0.119*[#  34]+0.101*[#  26]+0.101*[#  27]
          +0.101*[#  29]+0.101*[#  30]+0.101*[#  33]+0.101*[#  35]+0.005*[#   2]
          +0.005*[#   3]+0.005*[#   4]+0.004*[#  11]+0.004*[#  12]+0.004*[#  13]
          
    |psi|^2 = 0.995
==== e(  19) =     9.21152 eV ==== 
     psi = 0.119*[#  25]+0.119*[#  31]+0.119*[#  34]+0.101*[#  26]+0.101*[#  27]
          +0.101*[#  29]+0.101*[#  30]+0.101*[#  33]+0.101*[#  35]+0.005*[#   2]
          +0.005*[#   3]+0.005*[#   4]+0.004*[#  11]+0.004*[#  12]+0.004*[#  13]
          
    |psi|^2 = 0.995
==== e(  20) =     9.21152 eV ==== 
     psi = 0.119*[#  25]+0.119*[#  31]+0.119*[#  34]+0.101*[#  26]+0.101*[#  27]
          +0.101*[#  29]+0.101*[#  30]+0.101*[#  33]+0.101*[#  35]+0.005*[#   2]
          +0.005*[#   3]+0.005*[#   4]+0.004*[#  11]+0.004*[#  12]+0.004*[#  13]
          
    |psi|^2 = 0.995
==== e(  21) =    10.99435 eV ==== 
     psi = 0.310*[#  20]+0.310*[#  21]+0.310*[#  23]+0.019*[#   6]+0.019*[#   7]
          +0.019*[#   9]
    |psi|^2 = 0.987
==== e(  22) =    10.99435 eV ==== 
     psi = 0.310*[#  20]+0.310*[#  21]+0.310*[#  23]+0.019*[#   6]+0.019*[#   7]
          +0.019*[#   9]
    |psi|^2 = 0.987
==== e(  23) =    10.99435 eV ==== 
     psi = 0.310*[#  20]+0.310*[#  21]+0.310*[#  23]+0.019*[#   6]+0.019*[#   7]
          +0.019*[#   9]
    |psi|^2 = 0.987
==== e(  24) =    13.06959 eV ==== 
     psi = 0.461*[#  19]+0.461*[#  22]+0.023*[#  24]+0.023*[#  28]+0.023*[#  32]
          +0.001*[#   5]+0.001*[#   8]
    |psi|^2 = 0.996
==== e(  25) =    13.06959 eV ==== 
     psi = 0.461*[#  19]+0.461*[#  22]+0.023*[#  24]+0.023*[#  28]+0.023*[#  32]
          +0.001*[#   5]+0.001*[#   8]
    |psi|^2 = 0.996
==== e(  26) =    14.32005 eV ==== 
     psi = 0.468*[#   5]+0.468*[#   8]+0.018*[#  24]+0.018*[#  28]+0.018*[#  32]
          
    |psi|^2 = 0.992
==== e(  27) =    14.32005 eV ==== 
     psi = 0.468*[#   5]+0.468*[#   8]+0.018*[#  24]+0.018*[#  28]+0.018*[#  32]
          
    |psi|^2 = 0.992
==== e(  28) =    16.13603 eV ==== 
     psi = 0.582*[#  10]+0.104*[#  24]+0.104*[#  28]+0.104*[#  32]+0.044*[#  18]
          +0.037*[#   1]+0.022*[#  14]
    |psi|^2 = 0.996
==== e(  29) =    17.75444 eV ==== 
     psi = 0.310*[#   6]+0.310*[#   7]+0.310*[#   9]+0.020*[#  20]+0.020*[#  21]
          +0.020*[#  23]
    |psi|^2 = 0.991
==== e(  30) =    17.75444 eV ==== 
     psi = 0.310*[#   6]+0.310*[#   7]+0.310*[#   9]+0.020*[#  20]+0.020*[#  21]
          +0.020*[#  23]
    |psi|^2 = 0.991
==== e(  31) =    17.75444 eV ==== 
     psi = 0.310*[#   6]+0.310*[#   7]+0.310*[#   9]+0.020*[#  20]+0.020*[#  21]
          +0.020*[#  23]
    |psi|^2 = 0.991
==== e(  32) =    20.45041 eV ==== 
 
    |psi|^2 = 0.000
==== e(  33) =    20.80513 eV ==== 
     psi = 0.006*[#  11]+0.006*[#  12]+0.006*[#  13]
    |psi|^2 = 0.027
==== e(  34) =    20.80513 eV ==== 
     psi = 0.006*[#  11]+0.006*[#  12]+0.006*[#  13]
    |psi|^2 = 0.027
==== e(  35) =    20.80513 eV ==== 
     psi = 0.006*[#  11]+0.006*[#  12]+0.006*[#  13]
    |psi|^2 = 0.027

 k =   0.0500000000  0.0000000000  0.0000000000
==== e(   1) =   -46.74977 eV ==== 
     psi = 0.943*[#  14]+0.049*[#  10]+0.004*[#  18]
    |psi|^2 = 1.000
==== e(   2) =   -23.27041 eV ==== 
     psi = 0.327*[#  15]+0.327*[#  16]+0.327*[#  17]+0.006*[#  25]+0.006*[#  31]
          +0.006*[#  34]
    |psi|^2 = 1.000
==== e(   3) =   -23.26935 eV ==== 
     psi = 0.327*[#  15]+0.327*[#  16]+0.327*[#  17]+0.006*[#  25]+0.006*[#  31]
          +0.006*[#  34]
    |psi|^2 = 1.000
==== e(   4) =   -23.26935 eV ==== 
     psi = 0.327*[#  15]+0.327*[#  16]+0.327*[#  17]+0.006*[#  25]+0.006*[#  31]
          +0.006*[#  34]
    |psi|^2 = 1.000
==== e(   5) =   -15.33753 eV ==== 
     psi = 0.908*[#   1]+0.049*[#  10]+0.028*[#  18]+0.004*[#  11]+0.004*[#  12]
          +0.004*[#  13]+0.001*[#  14]+0.001*[#  24]+0.001*[#  28]+0.001*[#  32]
          
    |psi|^2 = 1.000
==== e(   6) =    -7.05768 eV ==== 
     psi = 0.215*[#  24]+0.215*[#  28]+0.215*[#  32]+0.171*[#  10]+0.122*[#  18]
          +0.046*[#   1]+0.010*[#  14]+0.001*[#  11]+0.001*[#  12]+0.001*[#  13]
          
    |psi|^2 = 1.000
==== e(   7) =    -6.33847 eV ==== 
     psi = 0.290*[#  24]+0.290*[#  28]+0.290*[#  32]+0.036*[#  19]+0.036*[#  22]
          +0.028*[#   5]+0.028*[#   8]
    |psi|^2 = 0.999
==== e(   8) =    -6.33771 eV ==== 
     psi = 0.291*[#  24]+0.291*[#  28]+0.291*[#  32]+0.037*[#  19]+0.037*[#  22]
          +0.027*[#   5]+0.027*[#   8]
    |psi|^2 = 0.999
==== e(   9) =    -0.48309 eV ==== 
     psi = 0.293*[#   2]+0.293*[#   3]+0.293*[#   4]+0.017*[#  11]+0.017*[#  12]
          +0.017*[#  13]+0.010*[#  26]+0.010*[#  27]+0.010*[#  29]+0.010*[#  30]
          +0.010*[#  33]+0.010*[#  35]+0.002*[#  25]+0.002*[#  31]+0.002*[#  34]
          
    |psi|^2 = 0.999
==== e(  10) =    -0.48309 eV ==== 
     psi = 0.293*[#   2]+0.293*[#   3]+0.293*[#   4]+0.017*[#  11]+0.017*[#  12]
          +0.017*[#  13]+0.010*[#  26]+0.010*[#  27]+0.010*[#  29]+0.010*[#  30]
          +0.010*[#  33]+0.010*[#  35]+0.002*[#  25]+0.002*[#  31]+0.002*[#  34]
          
    |psi|^2 = 0.999
==== e(  11) =    -0.47717 eV ==== 
     psi = 0.294*[#   2]+0.294*[#   3]+0.294*[#   4]+0.015*[#  11]+0.015*[#  12]
          +0.015*[#  13]+0.010*[#  26]+0.010*[#  27]+0.010*[#  29]+0.010*[#  30]
          +0.010*[#  33]+0.010*[#  35]+0.002*[#  25]+0.002*[#  31]+0.002*[#  34]
          
    |psi|^2 = 0.999
==== e(  12) =     7.02644 eV ==== 
     psi = 0.203*[#  25]+0.203*[#  31]+0.203*[#  34]+0.050*[#  26]+0.050*[#  27]
          +0.050*[#  29]+0.050*[#  30]+0.050*[#  33]+0.050*[#  35]+0.014*[#   2]
          +0.014*[#   3]+0.014*[#   4]+0.005*[#  15]+0.005*[#  16]+0.005*[#  17]
          +0.003*[#  19]+0.003*[#  22]+0.001*[#  10]+0.002*[#  18]+0.001*[#  11]
          +0.001*[#  12]+0.001*[#  13]
    |psi|^2 = 0.982
==== e(  13) =     7.06129 eV ==== 
     psi = 0.200*[#  25]+0.200*[#  31]+0.200*[#  34]+0.053*[#  26]+0.053*[#  27]
          +0.053*[#  29]+0.053*[#  30]+0.053*[#  33]+0.053*[#  35]+0.014*[#   2]
          +0.014*[#   3]+0.014*[#   4]+0.006*[#  15]+0.006*[#  16]+0.006*[#  17]
          +0.001*[#  11]+0.001*[#  12]+0.001*[#  13]
    |psi|^2 = 0.982
==== e(  14) =     7.06129 eV ==== 
     psi = 0.200*[#  25]+0.200*[#  31]+0.200*[#  34]+0.053*[#  26]+0.053*[#  27]
          +0.053*[#  29]+0.053*[#  30]+0.053*[#  33]+0.053*[#  35]+0.014*[#   2]
          +0.014*[#   3]+0.014*[#   4]+0.006*[#  15]+0.006*[#  16]+0.006*[#  17]
          +0.001*[#  11]+0.001*[#  12]+0.001*[#  13]
    |psi|^2 = 0.982
==== e(  15) =     8.29298 eV ==== 
     psi = 0.162*[#  26]+0.162*[#  27]+0.162*[#  29]+0.162*[#  30]+0.162*[#  33]
          +0.162*[#  35]+0.003*[#  20]+0.003*[#  21]+0.003*[#  23]+0.001*[#   6]
          +0.001*[#   7]+0.001*[#   9]
    |psi|^2 = 0.982
==== e(  16) =     8.29298 eV ==== 
     psi = 0.162*[#  26]+0.162*[#  27]+0.162*[#  29]+0.162*[#  30]+0.162*[#  33]
          +0.162*[#  35]+0.003*[#  20]+0.003*[#  21]+0.003*[#  23]+0.001*[#   6]
          +0.001*[#   7]+0.001*[#   9]
    |psi|^2 = 0.982
==== e(  17) =     8.30160 eV ==== 
     psi = 0.162*[#  26]+0.162*[#  27]+0.162*[#  29]+0.162*[#  30]+0.162*[#  33]
          +0.162*[#  35]+0.003*[#   5]+0.003*[#   8]
    |psi|^2 = 0.982
==== e(  18) =     9.14129 eV ==== 
     psi = 0.112*[#  25]+0.112*[#  31]+0.112*[#  34]+0.102*[#  26]+0.102*[#  27]
          +0.102*[#  29]+0.102*[#  30]+0.102*[#  33]+0.102*[#  35]+0.005*[#   2]
          +0.005*[#   3]+0.005*[#   4]+0.004*[#  10]+0.004*[#  11]+0.004*[#  12]
          +0.004*[#  13]+0.004*[#  19]+0.004*[#  22]+0.001*[#  24]+0.001*[#  28]
          +0.001*[#  32]
    |psi|^2 = 0.995
==== e(  19) =     9.19074 eV ==== 
     psi = 0.120*[#  25]+0.120*[#  31]+0.120*[#  34]+0.100*[#  26]+0.100*[#  27]
          +0.100*[#  29]+0.100*[#  30]+0.100*[#  33]+0.100*[#  35]+0.005*[#   2]
          +0.005*[#   3]+0.005*[#   4]+0.004*[#  11]+0.004*[#  12]+0.004*[#  13]
          +0.002*[#  20]+0.002*[#  21]+0.002*[#  23]
    |psi|^2 = 0.995
==== e(  20) =     9.19074 eV ==== 
     psi = 0.120*[#  25]+0.120*[#  31]+0.120*[#  34]+0.100*[#  26]+0.100*[#  27]
          +0.100*[#  29]+0.100*[#  30]+0.100*[#  33]+0.100*[#  35]+0.005*[#   2]
          +0.005*[#   3]+0.005*[#   4]+0.004*[#  11]+0.004*[#  12]+0.004*[#  13]
          +0.002*[#  20]+0.002*[#  21]+0.002*[#  23]
    |psi|^2 = 0.995
==== e(  21) =    10.99733 eV ==== 
     psi = 0.310*[#  20]+0.310*[#  21]+0.310*[#  23]+0.019*[#   6]+0.019*[#   7]
          +0.019*[#   9]
    |psi|^2 = 0.987
==== e(  22) =    11.04893 eV ==== 
     psi = 0.305*[#  20]+0.305*[#  21]+0.305*[#  23]+0.018*[#   6]+0.018*[#   7]
          +0.018*[#   9]+0.003*[#  26]+0.003*[#  27]+0.003*[#  29]+0.003*[#  30]
          +0.003*[#  33]+0.003*[#  35]
    |psi|^2 = 0.987
==== e(  23) =    11.04893 eV ==== 
     psi = 0.305*[#  20]+0.305*[#  21]+0.305*[#  23]+0.018*[#   6]+0.018*[#   7]
          +0.018*[#   9]+0.003*[#  26]+0.003*[#  27]+0.003*[#  29]+0.003*[#  30]
          +0.003*[#  33]+0.003*[#  35]
    |psi|^2 = 0.987
==== e(  24) =    13.06970 eV ==== 
     psi = 0.461*[#  19]+0.461*[#  22]+0.024*[#  24]+0.024*[#  28]+0.024*[#  32]
          +0.001*[#   5]+0.001*[#   8]
    |psi|^2 = 0.995
==== e(  25) =    13.14392 eV ==== 
     psi = 0.454*[#  19]+0.454*[#  22]+0.023*[#  24]+0.023*[#  28]+0.023*[#  32]
          +0.005*[#  25]+0.005*[#  31]+0.005*[#  34]+0.001*[#   5]+0.001*[#   8]
          
    |psi|^2 = 0.995
==== e(  26) =    14.36539 eV ==== 
     psi = 0.465*[#   5]+0.465*[#   8]+0.018*[#  24]+0.018*[#  28]+0.018*[#  32]
          +0.001*[#  26]+0.001*[#  27]+0.001*[#  29]+0.001*[#  30]+0.001*[#  33]
          +0.001*[#  35]
    |psi|^2 = 0.992
==== e(  27) =    14.36653 eV ==== 
     psi = 0.466*[#   5]+0.466*[#   8]+0.019*[#  24]+0.019*[#  28]+0.019*[#  32]
          
    |psi|^2 = 0.990
==== e(  28) =    16.19620 eV ==== 
     psi = 0.569*[#  10]+0.103*[#  24]+0.103*[#  28]+0.103*[#  32]+0.043*[#  18]
          +0.037*[#   1]+0.022*[#  14]+0.004*[#  11]+0.004*[#  12]+0.004*[#  13]
          
    |psi|^2 = 0.996
==== e(  29) =    17.74707 eV ==== 
     psi = 0.310*[#   6]+0.310*[#   7]+0.310*[#   9]+0.020*[#  20]+0.020*[#  21]
          +0.020*[#  23]
    |psi|^2 = 0.991
==== e(  30) =    17.78026 eV ==== 
     psi = 0.308*[#   6]+0.308*[#   7]+0.308*[#   9]+0.020*[#  20]+0.020*[#  21]
          +0.020*[#  23]
    |psi|^2 = 0.990
==== e(  31) =    17.78026 eV ==== 
     psi = 0.308*[#   6]+0.308*[#   7]+0.308*[#   9]+0.020*[#  20]+0.020*[#  21]
          +0.020*[#  23]
    |psi|^2 = 0.990
==== e(  32) =    20.44906 eV ==== 
 
    |psi|^2 = 0.000
==== e(  33) =    20.78374 eV ==== 
     psi = 0.007*[#  11]+0.007*[#  12]+0.007*[#  13]+0.006*[#  18]+0.003*[#  10]
          
    |psi|^2 = 0.042
==== e(  34) =    20.80587 eV ==== 
     psi = 0.006*[#  11]+0.006*[#  12]+0.006*[#  13]
    |psi|^2 = 0.028
==== e(  35) =    20.80587 eV ==== 
     psi = 0.006*[#  11]+0.006*[#  12]+0.006*[#  13]
    |psi|^2 = 0.028

 k =   0.1000000000  0.0000000000  0.0000000000
==== e(   1) =   -46.74973 eV ==== 
     psi = 0.941*[#  14]+0.043*[#  10]+0.005*[#  18]+0.003*[#  11]+0.003*[#  12]
          +0.003*[#  13]
    |psi|^2 = 1.000
==== e(   2) =   -23.27334 eV ==== 
     psi = 0.326*[#  15]+0.326*[#  16]+0.326*[#  17]+0.005*[#  25]+0.005*[#  31]
          +0.005*[#  34]
    |psi|^2 = 1.000
==== e(   3) =   -23.26923 eV ==== 
     psi = 0.327*[#  15]+0.327*[#  16]+0.327*[#  17]+0.006*[#  25]+0.006*[#  31]
          +0.006*[#  34]
    |psi|^2 = 1.000
==== e(   4) =   -23.26923 eV ==== 
     psi = 0.327*[#  15]+0.327*[#  16]+0.327*[#  17]+0.006*[#  25]+0.006*[#  31]
          +0.006*[#  34]
    |psi|^2 = 1.000
==== e(   5) =   -15.33086 eV ==== 
     psi = 0.896*[#   1]+0.036*[#  10]+0.023*[#  18]+0.013*[#  11]+0.013*[#  12]
          +0.013*[#  13]+0.001*[#  14]
    |psi|^2 = 1.000
==== e(   6) =    -7.05833 eV ==== 
     psi = 0.215*[#  24]+0.215*[#  28]+0.215*[#  32]+0.160*[#  10]+0.120*[#  18]
          +0.044*[#   1]+0.010*[#  14]+0.005*[#  11]+0.005*[#  12]+0.005*[#  13]
          +0.001*[#   2]+0.001*[#   3]+0.001*[#   4]
    |psi|^2 = 1.000
==== e(   7) =    -6.33622 eV ==== 
     psi = 0.290*[#  24]+0.290*[#  28]+0.290*[#  32]+0.034*[#  19]+0.034*[#  22]
          +0.029*[#   5]+0.029*[#   8]
    |psi|^2 = 0.999
==== e(   8) =    -6.33520 eV ==== 
     psi = 0.292*[#  24]+0.292*[#  28]+0.292*[#  32]+0.037*[#  19]+0.037*[#  22]
          +0.025*[#   5]+0.025*[#   8]
    |psi|^2 = 0.999
==== e(   9) =    -0.47268 eV ==== 
     psi = 0.294*[#   2]+0.294*[#   3]+0.294*[#   4]+0.017*[#  11]+0.017*[#  12]
          +0.017*[#  13]+0.010*[#  26]+0.010*[#  27]+0.010*[#  29]+0.010*[#  30]
          +0.010*[#  33]+0.010*[#  35]+0.002*[#  25]+0.002*[#  31]+0.002*[#  34]
          
    |psi|^2 = 0.999
==== e(  10) =    -0.47268 eV ==== 
     psi = 0.294*[#   2]+0.294*[#   3]+0.294*[#   4]+0.017*[#  11]+0.017*[#  12]
          +0.017*[#  13]+0.010*[#  26]+0.010*[#  27]+0.010*[#  29]+0.010*[#  30]
          +0.010*[#  33]+0.010*[#  35]+0.002*[#  25]+0.002*[#  31]+0.002*[#  34]
          
    |psi|^2 = 0.999
==== e(  11) =    -0.44972 eV ==== 
     psi = 0.297*[#   2]+0.297*[#   3]+0.297*[#   4]+0.011*[#  11]+0.011*[#  12]
          +0.011*[#  13]+0.009*[#  26]+0.009*[#  27]+0.009*[#  29]+0.009*[#  30]
          +0.009*[#  33]+0.009*[#  35]+0.003*[#  24]+0.003*[#  28]+0.003*[#  32]
          +0.002*[#  25]+0.002*[#  31]+0.002*[#  34]+0.002*[#   5]+0.002*[#   8]
          +0.001*[#  10]
    |psi|^2 = 0.999
==== e(  12) =     6.90970 eV ==== 
     psi = 0.207*[#  25]+0.207*[#  31]+0.207*[#  34]+0.044*[#  26]+0.044*[#  27]
          +0.044*[#  29]+0.044*[#  30]+0.044*[#  33]+0.044*[#  35]+0.014*[#  19]
          +0.014*[#  22]+0.012*[#   2]+0.012*[#   3]+0.012*[#   4]+0.006*[#  10]
          +0.006*[#  18]+0.005*[#  15]+0.005*[#  16]+0.005*[#  17]+0.002*[#  11]
          +0.002*[#  12]+0.002*[#  13]
    |psi|^2 = 0.985
==== e(  13) =     7.04426 eV ==== 
     psi = 0.197*[#  25]+0.197*[#  31]+0.197*[#  34]+0.053*[#  26]+0.053*[#  27]
          +0.053*[#  29]+0.053*[#  30]+0.053*[#  33]+0.053*[#  35]+0.014*[#   2]
          +0.014*[#   3]+0.014*[#   4]+0.006*[#  15]+0.006*[#  16]+0.006*[#  17]
          +0.003*[#   6]+0.003*[#   7]+0.003*[#   9]+0.001*[#  11]+0.001*[#  12]
          +0.001*[#  13]
    |psi|^2 = 0.983
==== e(  14) =     7.04426 eV ==== 
     psi = 0.197*[#  25]+0.197*[#  31]+0.197*[#  34]+0.053*[#  26]+0.053*[#  27]
          +0.053*[#  29]+0.053*[#  30]+0.053*[#  33]+0.053*[#  35]+0.014*[#   2]
          +0.014*[#   3]+0.014*[#   4]+0.006*[#  15]+0.006*[#  16]+0.006*[#  17]
          +0.003*[#   6]+0.003*[#   7]+0.003*[#   9]+0.001*[#  11]+0.001*[#  12]
          +0.001*[#  13]
    |psi|^2 = 0.983
==== e(  15) =     8.20842 eV ==== 
     psi = 0.156*[#  26]+0.156*[#  27]+0.156*[#  29]+0.156*[#  30]+0.156*[#  33]
          +0.156*[#  35]+0.011*[#  20]+0.011*[#  21]+0.011*[#  23]+0.004*[#   6]
          +0.004*[#   7]+0.004*[#   9]
    |psi|^2 = 0.983
==== e(  16) =     8.20842 eV ==== 
     psi = 0.156*[#  26]+0.156*[#  27]+0.156*[#  29]+0.156*[#  30]+0.156*[#  33]
          +0.156*[#  35]+0.011*[#  20]+0.011*[#  21]+0.011*[#  23]+0.004*[#   6]
          +0.004*[#   7]+0.004*[#   9]
    |psi|^2 = 0.983
==== e(  17) =     8.23859 eV ==== 
     psi = 0.159*[#  26]+0.159*[#  27]+0.159*[#  29]+0.159*[#  30]+0.159*[#  33]
          +0.159*[#  35]+0.013*[#   5]+0.013*[#   8]
    |psi|^2 = 0.983
==== e(  18) =     8.95329 eV ==== 
     psi = 0.106*[#  26]+0.106*[#  27]+0.106*[#  29]+0.106*[#  30]+0.106*[#  33]
          +0.106*[#  35]+0.093*[#  25]+0.093*[#  31]+0.093*[#  34]+0.016*[#  10]
          +0.013*[#  19]+0.013*[#  22]+0.005*[#   2]+0.005*[#   3]+0.005*[#   4]
          +0.003*[#  11]+0.003*[#  12]+0.003*[#  13]+0.003*[#  24]+0.003*[#  28]
          +0.003*[#  32]+0.002*[#  18]+0.001*[#   1]
    |psi|^2 = 0.996
==== e(  19) =     9.13600 eV ==== 
     psi = 0.121*[#  25]+0.121*[#  31]+0.121*[#  34]+0.097*[#  26]+0.097*[#  27]
          +0.097*[#  29]+0.097*[#  30]+0.097*[#  33]+0.097*[#  35]+0.007*[#  20]
          +0.007*[#  21]+0.007*[#  23]+0.005*[#   2]+0.005*[#   3]+0.005*[#   4]
          +0.004*[#  11]+0.004*[#  12]+0.004*[#  13]
    |psi|^2 = 0.995
==== e(  20) =     9.13600 eV ==== 
     psi = 0.121*[#  25]+0.121*[#  31]+0.121*[#  34]+0.097*[#  26]+0.097*[#  27]
          +0.097*[#  29]+0.097*[#  30]+0.097*[#  33]+0.097*[#  35]+0.007*[#  20]
          +0.007*[#  21]+0.007*[#  23]+0.005*[#   2]+0.005*[#   3]+0.005*[#   4]
          +0.004*[#  11]+0.004*[#  12]+0.004*[#  13]
    |psi|^2 = 0.995
==== e(  21) =    11.00602 eV ==== 
     psi = 0.311*[#  20]+0.311*[#  21]+0.311*[#  23]+0.018*[#   6]+0.018*[#   7]
          +0.018*[#   9]
    |psi|^2 = 0.986
==== e(  22) =    11.19849 eV ==== 
     psi = 0.294*[#  20]+0.294*[#  21]+0.294*[#  23]+0.016*[#   6]+0.016*[#   7]
          +0.016*[#   9]+0.009*[#  26]+0.009*[#  27]+0.009*[#  29]+0.009*[#  30]
          +0.009*[#  33]+0.009*[#  35]+0.002*[#  25]+0.002*[#  31]+0.002*[#  34]
          
    |psi|^2 = 0.987
==== e(  23) =    11.19849 eV ==== 
     psi = 0.294*[#  20]+0.294*[#  21]+0.294*[#  23]+0.016*[#   6]+0.016*[#   7]
          +0.016*[#   9]+0.009*[#  26]+0.009*[#  27]+0.009*[#  29]+0.009*[#  30]
          +0.009*[#  33]+0.009*[#  35]+0.002*[#  25]+0.002*[#  31]+0.002*[#  34]
          
    |psi|^2 = 0.987
==== e(  24) =    13.07002 eV ==== 
     psi = 0.461*[#  19]+0.461*[#  22]+0.024*[#  24]+0.024*[#  28]+0.024*[#  32]
          +0.001*[#   5]+0.001*[#   8]
    |psi|^2 = 0.995
==== e(  25) =    13.34351 eV ==== 
     psi = 0.436*[#  19]+0.436*[#  22]+0.021*[#  24]+0.021*[#  28]+0.021*[#  32]
          +0.017*[#  25]+0.017*[#  31]+0.017*[#  34]+0.001*[#   5]+0.001*[#   8]
          +0.001*[#  18]
    |psi|^2 = 0.994
==== e(  26) =    14.49674 eV ==== 
     psi = 0.457*[#   5]+0.457*[#   8]+0.017*[#  24]+0.017*[#  28]+0.017*[#  32]
          +0.004*[#  26]+0.004*[#  27]+0.004*[#  29]+0.004*[#  30]+0.004*[#  33]
          +0.004*[#  35]
    |psi|^2 = 0.990
==== e(  27) =    14.50279 eV ==== 
     psi = 0.460*[#   5]+0.460*[#   8]+0.019*[#  24]+0.019*[#  28]+0.019*[#  32]
          +0.001*[#   2]+0.001*[#   3]+0.001*[#   4]
    |psi|^2 = 0.985
==== e(  28) =    16.37419 eV ==== 
     psi = 0.533*[#  10]+0.100*[#  24]+0.100*[#  28]+0.100*[#  32]+0.039*[#  18]
          +0.037*[#   1]+0.022*[#  14]+0.014*[#  11]+0.014*[#  12]+0.014*[#  13]
          +0.002*[#  26]+0.002*[#  27]+0.002*[#  29]+0.002*[#  30]+0.002*[#  33]
          +0.002*[#  35]+0.002*[#  25]+0.002*[#  31]+0.002*[#  34]
    |psi|^2 = 0.995
==== e(  29) =    17.72563 eV ==== 
     psi = 0.312*[#   6]+0.312*[#   7]+0.312*[#   9]+0.019*[#  20]+0.019*[#  21]
          +0.019*[#  23]
    |psi|^2 = 0.991
==== e(  30) =    17.85489 eV ==== 
     psi = 0.304*[#   6]+0.304*[#   7]+0.304*[#   9]+0.019*[#  20]+0.019*[#  21]
          +0.019*[#  23]+0.003*[#  26]+0.003*[#  27]+0.003*[#  29]+0.003*[#  30]
          +0.003*[#  33]+0.003*[#  35]
    |psi|^2 = 0.988
==== e(  31) =    17.85489 eV ==== 
     psi = 0.304*[#   6]+0.304*[#   7]+0.304*[#   9]+0.019*[#  20]+0.019*[#  21]
          +0.019*[#  23]+0.003*[#  26]+0.003*[#  27]+0.003*[#  29]+0.003*[#  30]
          +0.003*[#  33]+0.003*[#  35]
    |psi|^2 = 0.988
==== e(  32) =    20.44520 eV ==== 
 
    |psi|^2 = 0.001
==== e(  33) =    20.72116 eV ==== 
     psi = 0.022*[#  18]+0.011*[#  10]+0.009*[#  11]+0.009*[#  12]+0.009*[#  13]
          +0.002*[#   5]+0.002*[#   8]+0.001*[#   1]+0.001*[#  26]+0.001*[#  27]
          +0.001*[#  29]+0.001*[#  30]+0.001*[#  33]+0.001*[#  35]
    |psi|^2 = 0.078
==== e(  34) =    20.80804 eV ==== 
     psi = 0.006*[#  11]+0.006*[#  12]+0.006*[#  13]
    |psi|^2 = 0.029
==== e(  35) =    20.80804 eV ==== 
     psi = 0.006*[#  11]+0.006*[#  12]+0.006*[#  13]
    |psi|^2 = 0.029

 k =   0.1500000000  0.0000000000  0.0000000000
==== e(   1) =   -46.74966 eV ==== 
     psi = 0.938*[#  14]+0.034*[#  10]+0.007*[#  11]+0.007*[#  12]+0.007*[#  13]
          +0.005*[#  18]
    |psi|^2 = 1.000
==== e(   2) =   -23.27791 eV ==== 
     psi = 0.326*[#  15]+0.326*[#  16]+0.326*[#  17]+0.005*[#  25]+0.005*[#  31]
          +0.005*[#  34]+0.001*[#  10]
    |psi|^2 = 1.000
==== e(   3) =   -23.26903 eV ==== 
     psi = 0.326*[#  15]+0.326*[#  16]+0.326*[#  17]+0.006*[#  25]+0.006*[#  31]
          +0.006*[#  34]
    |psi|^2 = 1.000
==== e(   4) =   -23.26903 eV ==== 
     psi = 0.326*[#  15]+0.326*[#  16]+0.326*[#  17]+0.006*[#  25]+0.006*[#  31]
          +0.006*[#  34]
    |psi|^2 = 1.000
==== e(   5) =   -15.32044 eV ==== 
     psi = 0.885*[#   1]+0.023*[#  10]+0.022*[#  11]+0.022*[#  12]+0.022*[#  13]
          +0.017*[#  18]+0.001*[#  14]+0.001*[#   5]+0.001*[#   8]
    |psi|^2 = 1.000
==== e(   6) =    -7.06412 eV ==== 
     psi = 0.214*[#  24]+0.214*[#  28]+0.214*[#  32]+0.142*[#  10]+0.116*[#  18]
          +0.041*[#   1]+0.012*[#  11]+0.012*[#  12]+0.012*[#  13]+0.010*[#  14]
          +0.002*[#   2]+0.002*[#   3]+0.002*[#   4]
    |psi|^2 = 1.000
==== e(   7) =    -6.33129 eV ==== 
     psi = 0.294*[#  24]+0.294*[#  28]+0.294*[#  32]+0.037*[#  19]+0.037*[#  22]
          +0.022*[#   5]+0.022*[#   8]
    |psi|^2 = 0.999
==== e(   8) =    -6.32699 eV ==== 
     psi = 0.288*[#  24]+0.288*[#  28]+0.288*[#  32]+0.031*[#  19]+0.031*[#  22]
          +0.030*[#   5]+0.030*[#   8]+0.004*[#  10]+0.001*[#   1]+0.001*[#   2]
          +0.001*[#   3]+0.001*[#   4]
    |psi|^2 = 0.999
==== e(   9) =    -0.45633 eV ==== 
     psi = 0.295*[#   2]+0.295*[#   3]+0.295*[#   4]+0.018*[#  11]+0.018*[#  12]
          +0.018*[#  13]+0.009*[#  26]+0.009*[#  27]+0.009*[#  29]+0.009*[#  30]
          +0.009*[#  33]+0.009*[#  35]+0.002*[#  25]+0.002*[#  31]+0.002*[#  34]
          
    |psi|^2 = 0.999
==== e(  10) =    -0.45633 eV ==== 
     psi = 0.295*[#   2]+0.295*[#   3]+0.295*[#   4]+0.018*[#  11]+0.018*[#  12]
          +0.018*[#  13]+0.009*[#  26]+0.009*[#  27]+0.009*[#  29]+0.009*[#  30]
          +0.009*[#  33]+0.009*[#  35]+0.002*[#  25]+0.002*[#  31]+0.002*[#  34]
          
    |psi|^2 = 0.999
==== e(  11) =    -0.40722 eV ==== 
     psi = 0.300*[#   2]+0.300*[#   3]+0.300*[#   4]+0.008*[#  26]+0.008*[#  27]
          +0.008*[#  29]+0.008*[#  30]+0.008*[#  33]+0.008*[#  35]+0.006*[#  24]
          +0.006*[#  28]+0.006*[#  32]+0.006*[#  11]+0.006*[#  12]+0.006*[#  13]
          +0.004*[#   5]+0.004*[#   8]+0.002*[#  25]+0.002*[#  31]+0.002*[#  34]
          +0.002*[#  10]+0.001*[#  18]
    |psi|^2 = 1.000
==== e(  12) =     6.72934 eV ==== 
     psi = 0.212*[#  25]+0.212*[#  31]+0.212*[#  34]+0.036*[#  26]+0.036*[#  27]
          +0.036*[#  29]+0.036*[#  30]+0.036*[#  33]+0.036*[#  35]+0.029*[#  19]
          +0.029*[#  22]+0.011*[#  10]+0.011*[#  18]+0.010*[#   2]+0.010*[#   3]
          +0.010*[#   4]+0.005*[#  15]+0.005*[#  16]+0.005*[#  17]+0.003*[#  11]
          +0.003*[#  12]+0.003*[#  13]
    |psi|^2 = 0.989
==== e(  13) =     7.01467 eV ==== 
     psi = 0.192*[#  25]+0.192*[#  31]+0.192*[#  34]+0.054*[#  26]+0.054*[#  27]
          +0.054*[#  29]+0.054*[#  30]+0.054*[#  33]+0.054*[#  35]+0.013*[#   2]
          +0.013*[#   3]+0.013*[#   4]+0.007*[#   6]+0.007*[#   7]+0.007*[#   9]
          +0.006*[#  15]+0.006*[#  16]+0.006*[#  17]
    |psi|^2 = 0.984
==== e(  14) =     7.01467 eV ==== 
     psi = 0.192*[#  25]+0.192*[#  31]+0.192*[#  34]+0.054*[#  26]+0.054*[#  27]
          +0.054*[#  29]+0.054*[#  30]+0.054*[#  33]+0.054*[#  35]+0.013*[#   2]
          +0.013*[#   3]+0.013*[#   4]+0.007*[#   6]+0.007*[#   7]+0.007*[#   9]
          +0.006*[#  15]+0.006*[#  16]+0.006*[#  17]
    |psi|^2 = 0.984
==== e(  15) =     8.08997 eV ==== 
     psi = 0.150*[#  26]+0.150*[#  27]+0.150*[#  29]+0.150*[#  30]+0.150*[#  33]
          +0.150*[#  35]+0.021*[#  20]+0.021*[#  21]+0.021*[#  23]+0.007*[#   6]
          +0.007*[#   7]+0.007*[#   9]
    |psi|^2 = 0.984
==== e(  16) =     8.08997 eV ==== 
     psi = 0.150*[#  26]+0.150*[#  27]+0.150*[#  29]+0.150*[#  30]+0.150*[#  33]
          +0.150*[#  35]+0.021*[#  20]+0.021*[#  21]+0.021*[#  23]+0.007*[#   6]
          +0.007*[#   7]+0.007*[#   9]
    |psi|^2 = 0.984
==== e(  17) =     8.14423 eV ==== 
     psi = 0.155*[#  26]+0.155*[#  27]+0.155*[#  29]+0.155*[#  30]+0.155*[#  33]
          +0.155*[#  35]+0.027*[#   5]+0.027*[#   8]
    |psi|^2 = 0.985
==== e(  18) =     8.69688 eV ==== 
     psi = 0.111*[#  26]+0.111*[#  27]+0.111*[#  29]+0.111*[#  30]+0.111*[#  33]
          +0.111*[#  35]+0.071*[#  25]+0.071*[#  31]+0.071*[#  34]+0.033*[#  10]
          +0.019*[#  19]+0.019*[#  22]+0.006*[#  24]+0.006*[#  28]+0.006*[#  32]
          +0.005*[#   2]+0.005*[#   3]+0.005*[#   4]+0.003*[#  18]+0.002*[#   1]
          +0.002*[#  11]+0.002*[#  12]+0.002*[#  13]+0.001*[#  14]
    |psi|^2 = 0.996
==== e(  19) =     9.06195 eV ==== 
     psi = 0.125*[#  25]+0.125*[#  31]+0.125*[#  34]+0.093*[#  26]+0.093*[#  27]
          +0.093*[#  29]+0.093*[#  30]+0.093*[#  33]+0.093*[#  35]+0.010*[#  20]
          +0.010*[#  21]+0.010*[#  23]+0.004*[#   2]+0.004*[#   3]+0.004*[#   4]
          +0.004*[#  11]+0.004*[#  12]+0.004*[#  13]+0.001*[#   6]+0.001*[#   7]
          +0.001*[#   9]
    |psi|^2 = 0.995
==== e(  20) =     9.06195 eV ==== 
     psi = 0.125*[#  25]+0.125*[#  31]+0.125*[#  34]+0.093*[#  26]+0.093*[#  27]
          +0.093*[#  29]+0.093*[#  30]+0.093*[#  33]+0.093*[#  35]+0.010*[#  20]
          +0.010*[#  21]+0.010*[#  23]+0.004*[#   2]+0.004*[#   3]+0.004*[#   4]
          +0.004*[#  11]+0.004*[#  12]+0.004*[#  13]+0.001*[#   6]+0.001*[#   7]
          +0.001*[#   9]
    |psi|^2 = 0.995
==== e(  21) =    11.01964 eV ==== 
     psi = 0.313*[#  20]+0.313*[#  21]+0.313*[#  23]+0.016*[#   6]+0.016*[#   7]
          +0.016*[#   9]
    |psi|^2 = 0.985
==== e(  22) =    11.41183 eV ==== 
     psi = 0.282*[#  20]+0.282*[#  21]+0.282*[#  23]+0.016*[#  26]+0.016*[#  27]
          +0.016*[#  29]+0.016*[#  30]+0.016*[#  33]+0.016*[#  35]+0.013*[#   6]
          +0.013*[#   7]+0.013*[#   9]+0.003*[#  25]+0.003*[#  31]+0.003*[#  34]
          
    |psi|^2 = 0.988
==== e(  23) =    11.41183 eV ==== 
     psi = 0.282*[#  20]+0.282*[#  21]+0.282*[#  23]+0.016*[#  26]+0.016*[#  27]
          +0.016*[#  29]+0.016*[#  30]+0.016*[#  33]+0.016*[#  35]+0.013*[#   6]
          +0.013*[#   7]+0.013*[#   9]+0.003*[#  25]+0.003*[#  31]+0.003*[#  34]
          
    |psi|^2 = 0.988
==== e(  24) =    13.07052 eV ==== 
     psi = 0.461*[#  19]+0.461*[#  22]+0.024*[#  24]+0.024*[#  28]+0.024*[#  32]
          
    |psi|^2 = 0.995
==== e(  25) =    13.61728 eV ==== 
     psi = 0.416*[#  19]+0.416*[#  22]+0.030*[#  25]+0.030*[#  31]+0.030*[#  34]
          +0.020*[#  24]+0.020*[#  28]+0.020*[#  32]+0.004*[#  18]+0.001*[#   5]
          +0.001*[#   8]
    |psi|^2 = 0.994
==== e(  26) =    14.70110 eV ==== 
     psi = 0.446*[#   5]+0.446*[#   8]+0.014*[#  24]+0.014*[#  28]+0.014*[#  32]
          +0.009*[#  26]+0.009*[#  27]+0.009*[#  29]+0.009*[#  30]+0.009*[#  33]
          +0.009*[#  35]
    |psi|^2 = 0.989
==== e(  27) =    14.72005 eV ==== 
     psi = 0.451*[#   5]+0.451*[#   8]+0.020*[#  24]+0.020*[#  28]+0.020*[#  32]
          +0.002*[#   2]+0.002*[#   3]+0.002*[#   4]+0.002*[#   1]
    |psi|^2 = 0.980
==== e(  28) =    16.66217 eV ==== 
     psi = 0.488*[#  10]+0.095*[#  24]+0.095*[#  28]+0.095*[#  32]+0.034*[#   1]
          +0.033*[#  18]+0.027*[#  11]+0.027*[#  12]+0.027*[#  13]+0.022*[#  14]
          +0.005*[#  26]+0.005*[#  27]+0.005*[#  29]+0.005*[#  30]+0.005*[#  33]
          +0.005*[#  35]+0.004*[#  25]+0.004*[#  31]+0.004*[#  34]+0.002*[#   2]
          +0.002*[#   3]+0.002*[#   4]+0.001*[#   5]+0.001*[#   8]+0.001*[#  19]
          +0.001*[#  22]
    |psi|^2 = 0.995
==== e(  29) =    17.69215 eV ==== 
     psi = 0.314*[#   6]+0.314*[#   7]+0.314*[#   9]+0.016*[#  20]+0.016*[#  21]
          +0.016*[#  23]
    |psi|^2 = 0.990
==== e(  30) =    17.97024 eV ==== 
     psi = 0.297*[#   6]+0.297*[#   7]+0.297*[#   9]+0.016*[#  20]+0.016*[#  21]
          +0.016*[#  23]+0.006*[#  26]+0.006*[#  27]+0.006*[#  29]+0.006*[#  30]
          +0.006*[#  33]+0.006*[#  35]+0.002*[#  11]+0.002*[#  12]+0.002*[#  13]
          +0.002*[#  25]+0.002*[#  31]+0.002*[#  34]
    |psi|^2 = 0.984
==== e(  31) =    17.97024 eV ==== 
     psi = 0.297*[#   6]+0.297*[#   7]+0.297*[#   9]+0.016*[#  20]+0.016*[#  21]
          +0.016*[#  23]+0.006*[#  26]+0.006*[#  27]+0.006*[#  29]+0.006*[#  30]
          +0.006*[#  33]+0.006*[#  35]+0.002*[#  11]+0.002*[#  12]+0.002*[#  13]
          +0.002*[#  25]+0.002*[#  31]+0.002*[#  34]
    |psi|^2 = 0.984
==== e(  32) =    20.43926 eV ==== 
 
    |psi|^2 = 0.003
==== e(  33) =    20.62169 eV ==== 
     psi = 0.040*[#  18]+0.020*[#  10]+0.009*[#  11]+0.009*[#  12]+0.009*[#  13]
          +0.003*[#   5]+0.003*[#   8]+0.002*[#   1]+0.002*[#  24]+0.002*[#  25]
          +0.002*[#  28]+0.002*[#  31]+0.002*[#  32]+0.002*[#  34]+0.001*[#  26]
          +0.001*[#  27]+0.001*[#  29]+0.001*[#  30]+0.001*[#  33]+0.001*[#  35]
          
    |psi|^2 = 0.116
==== e(  34) =    20.81147 eV ==== 
     psi = 0.006*[#  11]+0.006*[#  12]+0.006*[#  13]
    |psi|^2 = 0.029
==== e(  35) =    20.81147 eV ==== 
     psi = 0.006*[#  11]+0.006*[#  12]+0.006*[#  13]
    |psi|^2 = 0.029

 k =   0.2000000000  0.0000000000  0.0000000000
==== e(   1) =   -46.74958 eV ==== 
     psi = 0.932*[#  14]+0.025*[#  10]+0.011*[#  11]+0.011*[#  12]+0.011*[#  13]
          +0.006*[#  18]
    |psi|^2 = 1.000
==== e(   2) =   -23.28366 eV ==== 
     psi = 0.326*[#  15]+0.326*[#  16]+0.326*[#  17]+0.004*[#  25]+0.004*[#  31]
          +0.004*[#  34]+0.003*[#  10]+0.001*[#  24]+0.001*[#  28]+0.001*[#  32]
          
    |psi|^2 = 1.000
==== e(   3) =   -23.26879 eV ==== 
     psi = 0.326*[#  15]+0.326*[#  16]+0.326*[#  17]+0.006*[#  25]+0.006*[#  31]
          +0.006*[#  34]
    |psi|^2 = 1.000
==== e(   4) =   -23.26879 eV ==== 
     psi = 0.326*[#  15]+0.326*[#  16]+0.326*[#  17]+0.006*[#  25]+0.006*[#  31]
          +0.006*[#  34]
    |psi|^2 = 1.000
==== e(   5) =   -15.30723 eV ==== 
     psi = 0.879*[#   1]+0.028*[#  11]+0.028*[#  12]+0.028*[#  13]+0.012*[#  10]
          +0.012*[#  18]+0.004*[#   5]+0.004*[#   8]+0.002*[#  14]
    |psi|^2 = 1.000
==== e(   6) =    -7.07915 eV ==== 
     psi = 0.213*[#  24]+0.213*[#  28]+0.213*[#  32]+0.116*[#  10]+0.110*[#  18]
          +0.035*[#   1]+0.022*[#  11]+0.022*[#  12]+0.022*[#  13]+0.010*[#  14]
          +0.004*[#   2]+0.004*[#   3]+0.004*[#   4]+0.002*[#  19]+0.002*[#  22]
          +0.001*[#   5]+0.001*[#   8]
    |psi|^2 = 1.000
==== e(   7) =    -6.32634 eV ==== 
     psi = 0.296*[#  24]+0.296*[#  28]+0.296*[#  32]+0.037*[#  19]+0.037*[#  22]
          +0.018*[#   5]+0.018*[#   8]
    |psi|^2 = 0.999
==== e(   8) =    -6.30594 eV ==== 
     psi = 0.287*[#  24]+0.287*[#  28]+0.287*[#  32]+0.031*[#   5]+0.031*[#   8]
          +0.026*[#  19]+0.026*[#  22]+0.011*[#  10]+0.003*[#   1]+0.002*[#  15]
          +0.002*[#  16]+0.002*[#  17]+0.001*[#   2]+0.001*[#   3]+0.001*[#   4]
          
    |psi|^2 = 0.999
==== e(   9) =    -0.43548 eV ==== 
     psi = 0.296*[#   2]+0.296*[#   3]+0.296*[#   4]+0.018*[#  11]+0.018*[#  12]
          +0.018*[#  13]+0.008*[#  26]+0.008*[#  27]+0.008*[#  29]+0.008*[#  30]
          +0.008*[#  33]+0.008*[#  35]+0.001*[#  25]+0.001*[#  31]+0.001*[#  34]
          
    |psi|^2 = 0.999
==== e(  10) =    -0.43548 eV ==== 
     psi = 0.296*[#   2]+0.296*[#   3]+0.296*[#   4]+0.018*[#  11]+0.018*[#  12]
          +0.018*[#  13]+0.008*[#  26]+0.008*[#  27]+0.008*[#  29]+0.008*[#  30]
          +0.008*[#  33]+0.008*[#  35]+0.001*[#  25]+0.001*[#  31]+0.001*[#  34]
          
    |psi|^2 = 0.999
==== e(  11) =    -0.35404 eV ==== 
     psi = 0.301*[#   2]+0.301*[#   3]+0.301*[#   4]+0.010*[#  24]+0.010*[#  28]
          +0.010*[#  32]+0.006*[#  26]+0.006*[#  27]+0.006*[#  29]+0.006*[#  30]
          +0.006*[#  33]+0.006*[#  35]+0.005*[#   5]+0.005*[#   8]+0.002*[#  11]
          +0.002*[#  12]+0.002*[#  13]+0.002*[#  18]+0.002*[#  25]+0.002*[#  31]
          +0.002*[#  34]+0.002*[#  10]
    |psi|^2 = 1.000
==== e(  12) =     6.50466 eV ==== 
     psi = 0.217*[#  25]+0.217*[#  31]+0.217*[#  34]+0.049*[#  19]+0.049*[#  22]
          +0.027*[#  26]+0.027*[#  27]+0.027*[#  29]+0.027*[#  30]+0.027*[#  33]
          +0.027*[#  35]+0.017*[#  18]+0.015*[#  10]+0.008*[#   2]+0.008*[#   3]
          +0.008*[#   4]+0.004*[#  15]+0.004*[#  16]+0.004*[#  17]+0.003*[#  11]
          +0.003*[#  12]+0.003*[#  13]+0.001*[#  14]
    |psi|^2 = 0.993
==== e(  13) =     6.97155 eV ==== 
     psi = 0.185*[#  25]+0.185*[#  31]+0.185*[#  34]+0.056*[#  26]+0.056*[#  27]
          +0.056*[#  29]+0.056*[#  30]+0.056*[#  33]+0.056*[#  35]+0.013*[#   6]
          +0.013*[#   7]+0.013*[#   9]+0.012*[#   2]+0.012*[#   3]+0.012*[#   4]
          +0.006*[#  15]+0.006*[#  16]+0.006*[#  17]
    |psi|^2 = 0.986
==== e(  14) =     6.97155 eV ==== 
     psi = 0.185*[#  25]+0.185*[#  31]+0.185*[#  34]+0.056*[#  26]+0.056*[#  27]
          +0.056*[#  29]+0.056*[#  30]+0.056*[#  33]+0.056*[#  35]+0.013*[#   6]
          +0.013*[#   7]+0.013*[#   9]+0.012*[#   2]+0.012*[#   3]+0.012*[#   4]
          +0.006*[#  15]+0.006*[#  16]+0.006*[#  17]
    |psi|^2 = 0.986
==== e(  15) =     7.96108 eV ==== 
     psi = 0.143*[#  26]+0.143*[#  27]+0.143*[#  29]+0.143*[#  30]+0.143*[#  33]
          +0.143*[#  35]+0.032*[#  20]+0.032*[#  21]+0.032*[#  23]+0.009*[#   6]
          +0.009*[#   7]+0.009*[#   9]+0.002*[#   2]+0.002*[#   3]+0.002*[#   4]
          
    |psi|^2 = 0.985
==== e(  16) =     7.96108 eV ==== 
     psi = 0.143*[#  26]+0.143*[#  27]+0.143*[#  29]+0.143*[#  30]+0.143*[#  33]
          +0.143*[#  35]+0.032*[#  20]+0.032*[#  21]+0.032*[#  23]+0.009*[#   6]
          +0.009*[#   7]+0.009*[#   9]+0.002*[#   2]+0.002*[#   3]+0.002*[#   4]
          
    |psi|^2 = 0.985
==== e(  17) =     8.03117 eV ==== 
     psi = 0.150*[#  26]+0.150*[#  27]+0.150*[#  29]+0.150*[#  30]+0.150*[#  33]
          +0.150*[#  35]+0.044*[#   5]+0.044*[#   8]
    |psi|^2 = 0.987
==== e(  18) =     8.41860 eV ==== 
     psi = 0.117*[#  26]+0.117*[#  27]+0.117*[#  29]+0.117*[#  30]+0.117*[#  33]
          +0.117*[#  35]+0.053*[#  10]+0.050*[#  25]+0.050*[#  31]+0.050*[#  34]
          +0.020*[#  19]+0.020*[#  22]+0.008*[#  24]+0.008*[#  28]+0.008*[#  32]
          +0.005*[#   2]+0.005*[#   3]+0.005*[#   4]+0.004*[#   1]+0.003*[#  18]
          +0.001*[#  11]+0.001*[#  12]+0.001*[#  13]+0.001*[#  14]
    |psi|^2 = 0.996
==== e(  19) =     8.98039 eV ==== 
     psi = 0.132*[#  25]+0.132*[#  31]+0.132*[#  34]+0.089*[#  26]+0.089*[#  27]
          +0.089*[#  29]+0.089*[#  30]+0.089*[#  33]+0.089*[#  35]+0.010*[#  20]
          +0.010*[#  21]+0.010*[#  23]+0.004*[#   2]+0.004*[#   3]+0.004*[#   4]
          +0.004*[#  11]+0.004*[#  12]+0.004*[#  13]+0.003*[#   6]+0.003*[#   7]
          +0.003*[#   9]+0.001*[#  15]+0.001*[#  16]+0.001*[#  17]
    |psi|^2 = 0.995
==== e(  20) =     8.98039 eV ==== 
     psi = 0.132*[#  25]+0.132*[#  31]+0.132*[#  34]+0.089*[#  26]+0.089*[#  27]
          +0.089*[#  29]+0.089*[#  30]+0.089*[#  33]+0.089*[#  35]+0.010*[#  20]
          +0.010*[#  21]+0.010*[#  23]+0.004*[#   2]+0.004*[#   3]+0.004*[#   4]
          +0.004*[#  11]+0.004*[#  12]+0.004*[#  13]+0.003*[#   6]+0.003*[#   7]
          +0.003*[#   9]+0.001*[#  15]+0.001*[#  16]+0.001*[#  17]
    |psi|^2 = 0.995
==== e(  21) =    11.03695 eV ==== 
     psi = 0.315*[#  20]+0.315*[#  21]+0.315*[#  23]+0.013*[#   6]+0.013*[#   7]
          +0.013*[#   9]
    |psi|^2 = 0.983
==== e(  22) =    11.65742 eV ==== 
     psi = 0.273*[#  20]+0.273*[#  21]+0.273*[#  23]+0.022*[#  26]+0.022*[#  27]
          +0.022*[#  29]+0.022*[#  30]+0.022*[#  33]+0.022*[#  35]+0.010*[#   6]
          +0.010*[#   7]+0.010*[#   9]+0.003*[#  25]+0.003*[#  31]+0.003*[#  34]
          
    |psi|^2 = 0.989
==== e(  23) =    11.65742 eV ==== 
     psi = 0.273*[#  20]+0.273*[#  21]+0.273*[#  23]+0.022*[#  26]+0.022*[#  27]
          +0.022*[#  29]+0.022*[#  30]+0.022*[#  33]+0.022*[#  35]+0.010*[#   6]
          +0.010*[#   7]+0.010*[#   9]+0.003*[#  25]+0.003*[#  31]+0.003*[#  34]
          
    |psi|^2 = 0.989
==== e(  24) =    13.07114 eV ==== 
     psi = 0.460*[#  19]+0.460*[#  22]+0.024*[#  24]+0.024*[#  28]+0.024*[#  32]
          
    |psi|^2 = 0.995
==== e(  25) =    13.91596 eV ==== 
     psi = 0.396*[#  19]+0.396*[#  22]+0.040*[#  25]+0.040*[#  31]+0.040*[#  34]
          +0.020*[#  24]+0.020*[#  28]+0.020*[#  32]+0.010*[#  18]+0.002*[#   5]
          +0.002*[#   8]+0.001*[#  10]+0.001*[#   1]
    |psi|^2 = 0.993
==== e(  26) =    14.95969 eV ==== 
     psi = 0.433*[#   5]+0.433*[#   8]+0.014*[#  26]+0.014*[#  27]+0.014*[#  29]
          +0.014*[#  30]+0.014*[#  33]+0.014*[#  35]+0.012*[#  24]+0.012*[#  28]
          +0.012*[#  32]
    |psi|^2 = 0.987
==== e(  27) =    15.00512 eV ==== 
     psi = 0.440*[#   5]+0.440*[#   8]+0.021*[#  24]+0.021*[#  28]+0.021*[#  32]
          +0.006*[#   1]+0.003*[#   2]+0.003*[#   3]+0.003*[#   4]+0.002*[#  26]
          +0.002*[#  27]+0.002*[#  29]+0.002*[#  30]+0.002*[#  33]+0.002*[#  35]
          +0.002*[#  18]+0.001*[#  10]
    |psi|^2 = 0.973
==== e(  28) =    17.04676 eV ==== 
     psi = 0.446*[#  10]+0.089*[#  24]+0.089*[#  28]+0.089*[#  32]+0.040*[#  11]
          +0.040*[#  12]+0.040*[#  13]+0.029*[#   1]+0.025*[#  18]+0.022*[#  14]
          +0.007*[#  26]+0.007*[#  27]+0.007*[#  29]+0.007*[#  30]+0.007*[#  33]
          +0.007*[#  35]+0.006*[#  25]+0.006*[#  31]+0.006*[#  34]+0.004*[#   2]
          +0.004*[#   3]+0.004*[#   4]+0.003*[#   5]+0.003*[#   8]+0.002*[#  19]
          +0.002*[#  22]
    |psi|^2 = 0.992
==== e(  29) =    17.64979 eV ==== 
     psi = 0.316*[#   6]+0.316*[#   7]+0.316*[#   9]+0.013*[#  20]+0.013*[#  21]
          +0.013*[#  23]
    |psi|^2 = 0.990
==== e(  30) =    18.11409 eV ==== 
     psi = 0.290*[#   6]+0.290*[#   7]+0.290*[#   9]+0.014*[#  20]+0.014*[#  21]
          +0.014*[#  23]+0.009*[#  26]+0.009*[#  27]+0.009*[#  29]+0.009*[#  30]
          +0.009*[#  33]+0.009*[#  35]+0.003*[#  11]+0.003*[#  12]+0.003*[#  13]
          +0.003*[#  25]+0.003*[#  31]+0.003*[#  34]
    |psi|^2 = 0.982
==== e(  31) =    18.11409 eV ==== 
     psi = 0.290*[#   6]+0.290*[#   7]+0.290*[#   9]+0.014*[#  20]+0.014*[#  21]
          +0.014*[#  23]+0.009*[#  26]+0.009*[#  27]+0.009*[#  29]+0.009*[#  30]
          +0.009*[#  33]+0.009*[#  35]+0.003*[#  11]+0.003*[#  12]+0.003*[#  13]
          +0.003*[#  25]+0.003*[#  31]+0.003*[#  34]
    |psi|^2 = 0.982
==== e(  32) =    20.43193 eV ==== 
     psi = 0.001*[#  20]+0.001*[#  21]+0.001*[#  23]
    |psi|^2 = 0.004
==== e(  33) =    20.49196 eV ==== 
     psi = 0.059*[#  18]+0.021*[#  10]+0.007*[#  11]+0.007*[#  12]+0.007*[#  13]
          +0.006*[#   5]+0.006*[#   8]+0.003*[#  24]+0.003*[#  28]+0.003*[#  32]
          +0.003*[#  25]+0.003*[#  31]+0.003*[#  34]+0.002*[#   1]+0.001*[#  26]
          +0.001*[#  27]+0.001*[#  29]+0.001*[#  30]+0.001*[#  33]+0.001*[#  35]
          
    |psi|^2 = 0.143
==== e(  34) =    20.78159 eV ==== 
     psi = 0.002*[#  26]+0.002*[#  27]+0.002*[#  29]+0.002*[#  30]+0.002*[#  33]
          +0.002*[#  35]
    |psi|^2 = 0.012
==== e(  35) =    20.81587 eV ==== 
     psi = 0.006*[#  11]+0.006*[#  12]+0.006*[#  13]
    |psi|^2 = 0.029

 k =   0.2500000000  0.0000000000  0.0000000000
==== e(   1) =   -46.74949 eV ==== 
     psi = 0.925*[#  14]+0.016*[#  10]+0.015*[#  11]+0.015*[#  12]+0.015*[#  13]
          +0.007*[#  18]+0.001*[#  25]+0.001*[#  31]+0.001*[#  34]
    |psi|^2 = 1.000
==== e(   2) =   -23.29002 eV ==== 
     psi = 0.326*[#  15]+0.326*[#  16]+0.326*[#  17]+0.004*[#  10]+0.003*[#  25]
          +0.003*[#  31]+0.003*[#  34]+0.002*[#  24]+0.002*[#  28]+0.002*[#  32]
          +0.001*[#   5]+0.001*[#   8]
    |psi|^2 = 1.000
==== e(   3) =   -23.26852 eV ==== 
     psi = 0.326*[#  15]+0.326*[#  16]+0.326*[#  17]+0.006*[#  25]+0.006*[#  31]
          +0.006*[#  34]
    |psi|^2 = 1.000
==== e(   4) =   -23.26852 eV ==== 
     psi = 0.326*[#  15]+0.326*[#  16]+0.326*[#  17]+0.006*[#  25]+0.006*[#  31]
          +0.006*[#  34]
    |psi|^2 = 1.000
==== e(   5) =   -15.29249 eV ==== 
     psi = 0.881*[#   1]+0.027*[#  11]+0.027*[#  12]+0.027*[#  13]+0.007*[#   5]
          +0.007*[#   8]+0.007*[#  18]+0.006*[#  10]+0.002*[#  14]
    |psi|^2 = 1.000
==== e(   6) =    -7.10456 eV ==== 
     psi = 0.212*[#  24]+0.212*[#  28]+0.212*[#  32]+0.104*[#  18]+0.085*[#  10]
          +0.034*[#  11]+0.034*[#  12]+0.034*[#  13]+0.028*[#   1]+0.011*[#  14]
          +0.007*[#   2]+0.007*[#   3]+0.007*[#   4]+0.004*[#  19]+0.004*[#  22]
          +0.002*[#   5]+0.002*[#   8]
    |psi|^2 = 1.000
==== e(   7) =    -6.32085 eV ==== 
     psi = 0.298*[#  24]+0.298*[#  28]+0.298*[#  32]+0.038*[#  19]+0.038*[#  22]
          +0.014*[#   5]+0.014*[#   8]
    |psi|^2 = 0.999
==== e(   8) =    -6.27165 eV ==== 
     psi = 0.285*[#  24]+0.285*[#  28]+0.285*[#  32]+0.031*[#   5]+0.031*[#   8]
          +0.021*[#  10]+0.020*[#  19]+0.020*[#  22]+0.006*[#   1]+0.003*[#  15]
          +0.003*[#  16]+0.003*[#  17]+0.002*[#  18]+0.001*[#   2]+0.001*[#   3]
          +0.001*[#   4]
    |psi|^2 = 0.999
==== e(   9) =    -0.41207 eV ==== 
     psi = 0.297*[#   2]+0.297*[#   3]+0.297*[#   4]+0.018*[#  11]+0.018*[#  12]
          +0.018*[#  13]+0.008*[#  26]+0.008*[#  27]+0.008*[#  29]+0.008*[#  30]
          +0.008*[#  33]+0.008*[#  35]+0.001*[#  20]+0.001*[#  21]+0.001*[#  23]
          +0.001*[#  25]+0.001*[#  31]+0.001*[#  34]
    |psi|^2 = 0.999
==== e(  10) =    -0.41207 eV ==== 
     psi = 0.297*[#   2]+0.297*[#   3]+0.297*[#   4]+0.018*[#  11]+0.018*[#  12]
          +0.018*[#  13]+0.008*[#  26]+0.008*[#  27]+0.008*[#  29]+0.008*[#  30]
          +0.008*[#  33]+0.008*[#  35]+0.001*[#  20]+0.001*[#  21]+0.001*[#  23]
          +0.001*[#  25]+0.001*[#  31]+0.001*[#  34]
    |psi|^2 = 0.999
==== e(  11) =    -0.29558 eV ==== 
     psi = 0.302*[#   2]+0.302*[#   3]+0.302*[#   4]+0.014*[#  24]+0.014*[#  28]
          +0.014*[#  32]+0.005*[#   5]+0.005*[#   8]+0.005*[#  26]+0.005*[#  27]
          +0.005*[#  29]+0.005*[#  30]+0.005*[#  33]+0.005*[#  35]+0.002*[#  18]
          +0.002*[#  25]+0.002*[#  31]+0.002*[#  34]+0.001*[#  19]+0.001*[#  22]
          +0.001*[#  10]
    |psi|^2 = 1.000
==== e(  12) =     6.25906 eV ==== 
     psi = 0.220*[#  25]+0.220*[#  31]+0.220*[#  34]+0.070*[#  19]+0.070*[#  22]
          +0.024*[#  18]+0.018*[#  26]+0.018*[#  27]+0.018*[#  29]+0.018*[#  30]
          +0.018*[#  33]+0.018*[#  35]+0.015*[#  10]+0.007*[#   2]+0.007*[#   3]
          +0.007*[#   4]+0.003*[#  11]+0.003*[#  12]+0.003*[#  13]+0.003*[#  15]
          +0.003*[#  16]+0.003*[#  17]+0.002*[#  14]
    |psi|^2 = 0.995
==== e(  13) =     6.91546 eV ==== 
     psi = 0.176*[#  25]+0.176*[#  31]+0.176*[#  34]+0.058*[#  26]+0.058*[#  27]
          +0.058*[#  29]+0.058*[#  30]+0.058*[#  33]+0.058*[#  35]+0.021*[#   6]
          +0.021*[#   7]+0.021*[#   9]+0.009*[#   2]+0.009*[#   3]+0.009*[#   4]
          +0.005*[#  15]+0.005*[#  16]+0.005*[#  17]
    |psi|^2 = 0.987
==== e(  14) =     6.91546 eV ==== 
     psi = 0.176*[#  25]+0.176*[#  31]+0.176*[#  34]+0.058*[#  26]+0.058*[#  27]
          +0.058*[#  29]+0.058*[#  30]+0.058*[#  33]+0.058*[#  35]+0.021*[#   6]
          +0.021*[#   7]+0.021*[#   9]+0.009*[#   2]+0.009*[#   3]+0.009*[#   4]
          +0.005*[#  15]+0.005*[#  16]+0.005*[#  17]
    |psi|^2 = 0.987
==== e(  15) =     7.84142 eV ==== 
     psi = 0.137*[#  26]+0.137*[#  27]+0.137*[#  29]+0.137*[#  30]+0.137*[#  33]
          +0.137*[#  35]+0.042*[#  20]+0.042*[#  21]+0.042*[#  23]+0.008*[#   6]
          +0.008*[#   7]+0.008*[#   9]+0.003*[#   2]+0.003*[#   3]+0.003*[#   4]
          
    |psi|^2 = 0.986
==== e(  16) =     7.84142 eV ==== 
     psi = 0.137*[#  26]+0.137*[#  27]+0.137*[#  29]+0.137*[#  30]+0.137*[#  33]
          +0.137*[#  35]+0.042*[#  20]+0.042*[#  21]+0.042*[#  23]+0.008*[#   6]
          +0.008*[#   7]+0.008*[#   9]+0.003*[#   2]+0.003*[#   3]+0.003*[#   4]
          
    |psi|^2 = 0.986
==== e(  17) =     7.91241 eV ==== 
     psi = 0.144*[#  26]+0.144*[#  27]+0.144*[#  29]+0.144*[#  30]+0.144*[#  33]
          +0.144*[#  35]+0.060*[#   5]+0.060*[#   8]
    |psi|^2 = 0.990
==== e(  18) =     8.15106 eV ==== 
     psi = 0.123*[#  26]+0.123*[#  27]+0.123*[#  29]+0.123*[#  30]+0.123*[#  33]
          +0.123*[#  35]+0.072*[#  10]+0.032*[#  25]+0.032*[#  31]+0.032*[#  34]
          +0.017*[#  19]+0.017*[#  22]+0.010*[#  24]+0.010*[#  28]+0.010*[#  32]
          +0.006*[#   1]+0.004*[#   2]+0.004*[#   3]+0.004*[#   4]+0.003*[#  18]
          +0.002*[#   5]+0.002*[#   8]+0.001*[#  14]
    |psi|^2 = 0.997
==== e(  19) =     8.89932 eV ==== 
     psi = 0.140*[#  25]+0.140*[#  31]+0.140*[#  34]+0.086*[#  26]+0.086*[#  27]
          +0.086*[#  29]+0.086*[#  30]+0.086*[#  33]+0.086*[#  35]+0.009*[#  20]
          +0.009*[#  21]+0.009*[#  23]+0.004*[#   6]+0.004*[#   7]+0.004*[#   9]
          +0.003*[#  11]+0.003*[#  12]+0.003*[#  13]+0.003*[#   2]+0.003*[#   3]
          +0.003*[#   4]+0.001*[#  15]+0.001*[#  16]+0.001*[#  17]
    |psi|^2 = 0.995
==== e(  20) =     8.89932 eV ==== 
     psi = 0.140*[#  25]+0.140*[#  31]+0.140*[#  34]+0.086*[#  26]+0.086*[#  27]
          +0.086*[#  29]+0.086*[#  30]+0.086*[#  33]+0.086*[#  35]+0.009*[#  20]
          +0.009*[#  21]+0.009*[#  23]+0.004*[#   6]+0.004*[#   7]+0.004*[#   9]
          +0.003*[#  11]+0.003*[#  12]+0.003*[#  13]+0.003*[#   2]+0.003*[#   3]
          +0.003*[#   4]+0.001*[#  15]+0.001*[#  16]+0.001*[#  17]
    |psi|^2 = 0.995
==== e(  21) =    11.05636 eV ==== 
     psi = 0.317*[#  20]+0.317*[#  21]+0.317*[#  23]+0.010*[#   6]+0.010*[#   7]
          +0.010*[#   9]
    |psi|^2 = 0.981
==== e(  22) =    11.90930 eV ==== 
     psi = 0.267*[#  20]+0.267*[#  21]+0.267*[#  23]+0.026*[#  26]+0.026*[#  27]
          +0.026*[#  29]+0.026*[#  30]+0.026*[#  33]+0.026*[#  35]+0.007*[#   6]
          +0.007*[#   7]+0.007*[#   9]+0.003*[#  25]+0.003*[#  31]+0.003*[#  34]
          
    |psi|^2 = 0.990
==== e(  23) =    11.90930 eV ==== 
     psi = 0.267*[#  20]+0.267*[#  21]+0.267*[#  23]+0.026*[#  26]+0.026*[#  27]
          +0.026*[#  29]+0.026*[#  30]+0.026*[#  33]+0.026*[#  35]+0.007*[#   6]
          +0.007*[#   7]+0.007*[#   9]+0.003*[#  25]+0.003*[#  31]+0.003*[#  34]
          
    |psi|^2 = 0.990
==== e(  24) =    13.07181 eV ==== 
     psi = 0.460*[#  19]+0.460*[#  22]+0.025*[#  24]+0.025*[#  28]+0.025*[#  32]
          
    |psi|^2 = 0.994
==== e(  25) =    14.20415 eV ==== 
     psi = 0.379*[#  19]+0.379*[#  22]+0.047*[#  25]+0.047*[#  31]+0.047*[#  34]
          +0.021*[#  24]+0.021*[#  28]+0.021*[#  32]+0.018*[#  18]+0.002*[#   5]
          +0.002*[#   8]+0.001*[#   1]+0.002*[#  11]+0.002*[#  12]+0.002*[#  13]
          +0.001*[#  10]
    |psi|^2 = 0.993
==== e(  26) =    15.25013 eV ==== 
     psi = 0.421*[#   5]+0.421*[#   8]+0.020*[#  26]+0.020*[#  27]+0.020*[#  29]
          +0.020*[#  30]+0.020*[#  33]+0.020*[#  35]+0.009*[#  24]+0.009*[#  28]
          +0.009*[#  32]
    |psi|^2 = 0.986
==== e(  27) =    15.34063 eV ==== 
     psi = 0.425*[#   5]+0.425*[#   8]+0.023*[#  24]+0.023*[#  28]+0.023*[#  32]
          +0.011*[#   1]+0.003*[#  26]+0.003*[#  27]+0.003*[#  29]+0.003*[#  30]
          +0.003*[#  33]+0.003*[#  35]+0.003*[#   2]+0.003*[#   3]+0.003*[#   4]
          +0.003*[#  10]+0.003*[#  18]
    |psi|^2 = 0.967
==== e(  28) =    17.50865 eV ==== 
     psi = 0.412*[#  10]+0.080*[#  24]+0.080*[#  28]+0.080*[#  32]+0.052*[#  11]
          +0.052*[#  12]+0.052*[#  13]+0.022*[#  14]+0.022*[#   1]+0.016*[#  18]
          +0.009*[#  25]+0.009*[#  26]+0.009*[#  27]+0.009*[#  29]+0.009*[#  30]
          +0.009*[#  31]+0.009*[#  33]+0.009*[#  34]+0.009*[#  35]+0.006*[#   2]
          +0.006*[#   3]+0.006*[#   4]+0.005*[#   5]+0.005*[#   8]+0.004*[#  19]
          +0.004*[#  22]
    |psi|^2 = 0.983
==== e(  29) =    17.60263 eV ==== 
     psi = 0.319*[#   6]+0.319*[#   7]+0.319*[#   9]+0.010*[#  20]+0.010*[#  21]
          +0.010*[#  23]
    |psi|^2 = 0.989
==== e(  30) =    18.27165 eV ==== 
     psi = 0.283*[#   6]+0.283*[#   7]+0.283*[#   9]+0.013*[#  26]+0.013*[#  27]
          +0.013*[#  29]+0.013*[#  30]+0.013*[#  33]+0.013*[#  35]+0.011*[#  20]
          +0.011*[#  21]+0.011*[#  23]+0.004*[#  11]+0.004*[#  12]+0.004*[#  13]
          +0.004*[#  25]+0.004*[#  31]+0.004*[#  34]
    |psi|^2 = 0.981
==== e(  31) =    18.27165 eV ==== 
     psi = 0.283*[#   6]+0.283*[#   7]+0.283*[#   9]+0.013*[#  26]+0.013*[#  27]
          +0.013*[#  29]+0.013*[#  30]+0.013*[#  33]+0.013*[#  35]+0.011*[#  20]
          +0.011*[#  21]+0.011*[#  23]+0.004*[#  11]+0.004*[#  12]+0.004*[#  13]
          +0.004*[#  25]+0.004*[#  31]+0.004*[#  34]
    |psi|^2 = 0.981
==== e(  32) =    20.34232 eV ==== 
     psi = 0.077*[#  18]+0.013*[#  10]+0.009*[#   5]+0.009*[#   8]+0.006*[#  11]
          +0.006*[#  12]+0.006*[#  13]+0.005*[#  24]+0.005*[#  28]+0.005*[#  32]
          +0.005*[#  25]+0.005*[#  31]+0.005*[#  34]+0.002*[#   1]+0.001*[#  19]
          +0.001*[#  22]+0.001*[#  26]+0.001*[#  27]+0.001*[#  29]+0.001*[#  30]
          +0.001*[#  33]+0.001*[#  35]
    |psi|^2 = 0.168
==== e(  33) =    20.42399 eV ==== 
     psi = 0.002*[#  20]+0.002*[#  21]+0.002*[#  23]
    |psi|^2 = 0.006
==== e(  34) =    20.69081 eV ==== 
     psi = 0.002*[#  26]+0.002*[#  27]+0.002*[#  29]+0.002*[#  30]+0.002*[#  33]
          +0.002*[#  35]+0.001*[#   5]+0.001*[#   8]
    |psi|^2 = 0.013
==== e(  35) =    20.82086 eV ==== 
     psi = 0.006*[#  11]+0.006*[#  12]+0.006*[#  13]
    |psi|^2 = 0.027

 k =   0.3000000000  0.0000000000  0.0000000000
==== e(   1) =   -46.74940 eV ==== 
     psi = 0.917*[#  14]+0.020*[#  11]+0.020*[#  12]+0.020*[#  13]+0.010*[#  10]
          +0.009*[#  18]+0.002*[#  25]+0.002*[#  31]+0.002*[#  34]
    |psi|^2 = 1.000
==== e(   2) =   -23.29636 eV ==== 
     psi = 0.325*[#  15]+0.325*[#  16]+0.325*[#  17]+0.005*[#  10]+0.002*[#  24]
          +0.002*[#  25]+0.002*[#  28]+0.002*[#  31]+0.002*[#  32]+0.002*[#  34]
          +0.002*[#   5]+0.002*[#   8]
    |psi|^2 = 1.000
==== e(   3) =   -23.26824 eV ==== 
     psi = 0.326*[#  15]+0.326*[#  16]+0.326*[#  17]+0.006*[#  25]+0.006*[#  31]
          +0.006*[#  34]
    |psi|^2 = 1.000
==== e(   4) =   -23.26824 eV ==== 
     psi = 0.326*[#  15]+0.326*[#  16]+0.326*[#  17]+0.006*[#  25]+0.006*[#  31]
          +0.006*[#  34]
    |psi|^2 = 1.000
==== e(   5) =   -15.27765 eV ==== 
     psi = 0.890*[#   1]+0.022*[#  11]+0.022*[#  12]+0.022*[#  13]+0.013*[#   5]
          +0.013*[#   8]+0.004*[#  18]+0.003*[#  10]+0.001*[#  14]+0.001*[#  26]
          +0.001*[#  27]+0.001*[#  29]+0.001*[#  30]+0.001*[#  33]+0.001*[#  35]
          
    |psi|^2 = 1.000
==== e(   6) =    -7.13733 eV ==== 
     psi = 0.210*[#  24]+0.210*[#  28]+0.210*[#  32]+0.097*[#  18]+0.055*[#  10]
          +0.047*[#  11]+0.047*[#  12]+0.047*[#  13]+0.020*[#   1]+0.011*[#  14]
          +0.009*[#   2]+0.009*[#   3]+0.009*[#   4]+0.006*[#  19]+0.006*[#  22]
          +0.002*[#   5]+0.002*[#   8]
    |psi|^2 = 1.000
==== e(   7) =    -6.31534 eV ==== 
     psi = 0.301*[#  24]+0.301*[#  28]+0.301*[#  32]+0.038*[#  19]+0.038*[#  22]
          +0.010*[#   5]+0.010*[#   8]
    |psi|^2 = 0.999
==== e(   8) =    -6.22765 eV ==== 
     psi = 0.284*[#  24]+0.284*[#  28]+0.284*[#  32]+0.033*[#  10]+0.031*[#   5]
          +0.031*[#   8]+0.014*[#  19]+0.014*[#  22]+0.008*[#   1]+0.004*[#  15]
          +0.004*[#  16]+0.004*[#  17]+0.002*[#  18]+0.001*[#   2]+0.001*[#   3]
          +0.001*[#   4]
    |psi|^2 = 0.999
==== e(   9) =    -0.38830 eV ==== 
     psi = 0.298*[#   2]+0.298*[#   3]+0.298*[#   4]+0.018*[#  11]+0.018*[#  12]
          +0.018*[#  13]+0.007*[#  26]+0.007*[#  27]+0.007*[#  29]+0.007*[#  30]
          +0.007*[#  33]+0.007*[#  35]+0.002*[#  20]+0.002*[#  21]+0.002*[#  23]
          
    |psi|^2 = 0.999
==== e(  10) =    -0.38830 eV ==== 
     psi = 0.298*[#   2]+0.298*[#   3]+0.298*[#   4]+0.018*[#  11]+0.018*[#  12]
          +0.018*[#  13]+0.007*[#  26]+0.007*[#  27]+0.007*[#  29]+0.007*[#  30]
          +0.007*[#  33]+0.007*[#  35]+0.002*[#  20]+0.002*[#  21]+0.002*[#  23]
          
    |psi|^2 = 0.999
==== e(  11) =    -0.23757 eV ==== 
     psi = 0.302*[#   2]+0.302*[#   3]+0.302*[#   4]+0.018*[#  24]+0.018*[#  28]
          +0.018*[#  32]+0.005*[#   5]+0.005*[#   8]+0.003*[#  26]+0.003*[#  27]
          +0.003*[#  29]+0.003*[#  30]+0.003*[#  33]+0.003*[#  35]+0.002*[#  19]
          +0.002*[#  22]+0.001*[#  18]+0.001*[#  25]+0.001*[#  31]+0.001*[#  34]
          
    |psi|^2 = 1.000
==== e(  12) =     6.01731 eV ==== 
     psi = 0.221*[#  25]+0.221*[#  31]+0.221*[#  34]+0.090*[#  19]+0.090*[#  22]
          +0.030*[#  18]+0.012*[#  10]+0.011*[#  26]+0.011*[#  27]+0.011*[#  29]
          +0.011*[#  30]+0.011*[#  33]+0.011*[#  35]+0.006*[#   2]+0.006*[#   3]
          +0.006*[#   4]+0.004*[#  11]+0.004*[#  12]+0.004*[#  13]+0.003*[#  14]
          +0.003*[#  15]+0.003*[#  16]+0.003*[#  17]+0.001*[#  24]+0.001*[#  28]
          +0.001*[#  32]
    |psi|^2 = 0.996
==== e(  13) =     6.85050 eV ==== 
     psi = 0.166*[#  25]+0.166*[#  31]+0.166*[#  34]+0.061*[#  26]+0.061*[#  27]
          +0.061*[#  29]+0.061*[#  30]+0.061*[#  33]+0.061*[#  35]+0.029*[#   6]
          +0.029*[#   7]+0.029*[#   9]+0.007*[#   2]+0.007*[#   3]+0.007*[#   4]
          +0.005*[#  15]+0.005*[#  16]+0.005*[#  17]
    |psi|^2 = 0.989
==== e(  14) =     6.85050 eV ==== 
     psi = 0.166*[#  25]+0.166*[#  31]+0.166*[#  34]+0.061*[#  26]+0.061*[#  27]
          +0.061*[#  29]+0.061*[#  30]+0.061*[#  33]+0.061*[#  35]+0.029*[#   6]
          +0.029*[#   7]+0.029*[#   9]+0.007*[#   2]+0.007*[#   3]+0.007*[#   4]
          +0.005*[#  15]+0.005*[#  16]+0.005*[#  17]
    |psi|^2 = 0.989
==== e(  15) =     7.74295 eV ==== 
     psi = 0.132*[#  26]+0.132*[#  27]+0.132*[#  29]+0.132*[#  30]+0.132*[#  33]
          +0.132*[#  35]+0.051*[#  20]+0.051*[#  21]+0.051*[#  23]+0.006*[#   6]
          +0.006*[#   7]+0.006*[#   9]+0.006*[#   2]+0.006*[#   3]+0.006*[#   4]
          +0.001*[#  11]+0.001*[#  12]+0.001*[#  13]
    |psi|^2 = 0.986
==== e(  16) =     7.74295 eV ==== 
     psi = 0.132*[#  26]+0.132*[#  27]+0.132*[#  29]+0.132*[#  30]+0.132*[#  33]
          +0.132*[#  35]+0.051*[#  20]+0.051*[#  21]+0.051*[#  23]+0.006*[#   6]
          +0.006*[#   7]+0.006*[#   9]+0.006*[#   2]+0.006*[#   3]+0.006*[#   4]
          +0.001*[#  11]+0.001*[#  12]+0.001*[#  13]
    |psi|^2 = 0.986
==== e(  17) =     7.79973 eV ==== 
     psi = 0.140*[#  26]+0.140*[#  27]+0.140*[#  29]+0.140*[#  30]+0.140*[#  33]
          +0.140*[#  35]+0.075*[#   5]+0.075*[#   8]
    |psi|^2 = 0.992
==== e(  18) =     7.91433 eV ==== 
     psi = 0.127*[#  26]+0.127*[#  27]+0.127*[#  29]+0.127*[#  30]+0.127*[#  33]
          +0.127*[#  35]+0.088*[#  10]+0.019*[#  25]+0.019*[#  31]+0.019*[#  34]
          +0.012*[#  19]+0.012*[#  22]+0.011*[#  24]+0.011*[#  28]+0.011*[#  32]
          +0.009*[#   1]+0.003*[#   2]+0.003*[#   3]+0.003*[#   4]+0.003*[#   5]
          +0.003*[#   8]+0.002*[#  18]
    |psi|^2 = 0.997
==== e(  19) =     8.82484 eV ==== 
     psi = 0.150*[#  25]+0.150*[#  31]+0.150*[#  34]+0.082*[#  26]+0.082*[#  27]
          +0.082*[#  29]+0.082*[#  30]+0.082*[#  33]+0.082*[#  35]+0.007*[#  20]
          +0.007*[#  21]+0.007*[#  23]+0.006*[#   6]+0.006*[#   7]+0.006*[#   9]
          +0.002*[#  11]+0.002*[#  12]+0.002*[#  13]+0.002*[#   2]+0.002*[#   3]
          +0.002*[#   4]+0.001*[#  15]+0.001*[#  16]+0.001*[#  17]
    |psi|^2 = 0.995
==== e(  20) =     8.82484 eV ==== 
     psi = 0.150*[#  25]+0.150*[#  31]+0.150*[#  34]+0.082*[#  26]+0.082*[#  27]
          +0.082*[#  29]+0.082*[#  30]+0.082*[#  33]+0.082*[#  35]+0.007*[#  20]
          +0.007*[#  21]+0.007*[#  23]+0.006*[#   6]+0.006*[#   7]+0.006*[#   9]
          +0.002*[#  11]+0.002*[#  12]+0.002*[#  13]+0.002*[#   2]+0.002*[#   3]
          +0.002*[#   4]+0.001*[#  15]+0.001*[#  16]+0.001*[#  17]
    |psi|^2 = 0.995
==== e(  21) =    11.07598 eV ==== 
     psi = 0.319*[#  20]+0.319*[#  21]+0.319*[#  23]+0.007*[#   6]+0.007*[#   7]
          +0.007*[#   9]
    |psi|^2 = 0.979
==== e(  22) =    12.14651 eV ==== 
     psi = 0.263*[#  20]+0.263*[#  21]+0.263*[#  23]+0.030*[#  26]+0.030*[#  27]
          +0.030*[#  29]+0.030*[#  30]+0.030*[#  33]+0.030*[#  35]+0.005*[#   6]
          +0.005*[#   7]+0.005*[#   9]+0.002*[#  25]+0.002*[#  31]+0.002*[#  34]
          
    |psi|^2 = 0.992
==== e(  23) =    12.14651 eV ==== 
     psi = 0.263*[#  20]+0.263*[#  21]+0.263*[#  23]+0.030*[#  26]+0.030*[#  27]
          +0.030*[#  29]+0.030*[#  30]+0.030*[#  33]+0.030*[#  35]+0.005*[#   6]
          +0.005*[#   7]+0.005*[#   9]+0.002*[#  25]+0.002*[#  31]+0.002*[#  34]
          
    |psi|^2 = 0.992
==== e(  24) =    13.07249 eV ==== 
     psi = 0.459*[#  19]+0.459*[#  22]+0.025*[#  24]+0.025*[#  28]+0.025*[#  32]
          
    |psi|^2 = 0.994
==== e(  25) =    14.45957 eV ==== 
     psi = 0.365*[#  19]+0.365*[#  22]+0.051*[#  25]+0.051*[#  31]+0.051*[#  34]
          +0.028*[#  18]+0.022*[#  24]+0.022*[#  28]+0.022*[#  32]+0.002*[#  11]
          +0.002*[#  12]+0.002*[#  13]+0.002*[#   5]+0.002*[#   8]+0.002*[#   1]
          +0.001*[#  10]+0.001*[#  14]
    |psi|^2 = 0.993
==== e(  26) =    15.54767 eV ==== 
     psi = 0.410*[#   5]+0.410*[#   8]+0.024*[#  26]+0.024*[#  27]+0.024*[#  29]
          +0.024*[#  30]+0.024*[#  33]+0.024*[#  35]+0.006*[#  24]+0.006*[#  28]
          +0.006*[#  32]
    |psi|^2 = 0.985
==== e(  27) =    15.70407 eV ==== 
     psi = 0.408*[#   5]+0.408*[#   8]+0.024*[#  24]+0.024*[#  28]+0.024*[#  32]
          +0.018*[#   1]+0.007*[#  10]+0.006*[#  26]+0.006*[#  27]+0.006*[#  29]
          +0.006*[#  30]+0.006*[#  33]+0.006*[#  35]+0.003*[#  18]+0.003*[#   2]
          +0.003*[#   3]+0.003*[#   4]
    |psi|^2 = 0.961
==== e(  28) =    17.55524 eV ==== 
     psi = 0.322*[#   6]+0.322*[#   7]+0.322*[#   9]+0.007*[#  20]+0.007*[#  21]
          +0.007*[#  23]
    |psi|^2 = 0.988
==== e(  29) =    18.01956 eV ==== 
     psi = 0.379*[#  10]+0.069*[#  24]+0.069*[#  28]+0.069*[#  32]+0.063*[#  11]
          +0.063*[#  12]+0.063*[#  13]+0.024*[#  14]+0.014*[#   1]+0.010*[#  25]
          +0.010*[#  31]+0.010*[#  34]+0.010*[#  26]+0.010*[#  27]+0.010*[#  29]
          +0.010*[#  30]+0.010*[#  33]+0.010*[#  35]+0.008*[#   2]+0.008*[#   3]
          +0.008*[#   4]+0.006*[#  18]+0.006*[#   5]+0.006*[#   8]+0.005*[#  19]
          +0.005*[#  22]
    |psi|^2 = 0.953
==== e(  30) =    18.42731 eV ==== 
     psi = 0.277*[#   6]+0.277*[#   7]+0.277*[#   9]+0.017*[#  26]+0.017*[#  27]
          +0.017*[#  29]+0.017*[#  30]+0.017*[#  33]+0.017*[#  35]+0.007*[#  20]
          +0.007*[#  21]+0.007*[#  23]+0.005*[#  25]+0.005*[#  31]+0.005*[#  34]
          +0.004*[#  11]+0.004*[#  12]+0.004*[#  13]
    |psi|^2 = 0.981
==== e(  31) =    18.42731 eV ==== 
     psi = 0.277*[#   6]+0.277*[#   7]+0.277*[#   9]+0.017*[#  26]+0.017*[#  27]
          +0.017*[#  29]+0.017*[#  30]+0.017*[#  33]+0.017*[#  35]+0.007*[#  20]
          +0.007*[#  21]+0.007*[#  23]+0.005*[#  25]+0.005*[#  31]+0.005*[#  34]
          +0.004*[#  11]+0.004*[#  12]+0.004*[#  13]
    |psi|^2 = 0.981
==== e(  32) =    20.19302 eV ==== 
     psi = 0.097*[#  18]+0.013*[#   5]+0.013*[#   8]+0.009*[#  24]+0.009*[#  28]
          +0.009*[#  32]+0.009*[#  25]+0.009*[#  31]+0.009*[#  34]+0.006*[#  11]
          +0.006*[#  12]+0.006*[#  13]+0.002*[#  19]+0.002*[#  22]+0.002*[#  10]
          
    |psi|^2 = 0.208
==== e(  33) =    20.41624 eV ==== 
     psi = 0.003*[#  20]+0.003*[#  21]+0.003*[#  23]
    |psi|^2 = 0.008
==== e(  34) =    20.58823 eV ==== 
     psi = 0.002*[#   5]+0.002*[#   8]+0.001*[#  26]+0.001*[#  27]+0.001*[#  29]
          +0.001*[#  30]+0.001*[#  33]+0.001*[#  35]
    |psi|^2 = 0.012
==== e(  35) =    20.82594 eV ==== 
     psi = 0.005*[#  11]+0.005*[#  12]+0.005*[#  13]
    |psi|^2 = 0.022

 k =   0.3500000000  0.0000000000  0.0000000000
==== e(   1) =   -46.74932 eV ==== 
     psi = 0.909*[#  14]+0.023*[#  11]+0.023*[#  12]+0.023*[#  13]+0.010*[#  18]
          +0.005*[#  10]+0.002*[#  25]+0.002*[#  31]+0.002*[#  34]
    |psi|^2 = 1.000
==== e(   2) =   -23.30207 eV ==== 
     psi = 0.325*[#  15]+0.325*[#  16]+0.325*[#  17]+0.007*[#  10]+0.003*[#  24]
          +0.003*[#  28]+0.003*[#  32]+0.002*[#   5]+0.002*[#   8]+0.001*[#  25]
          +0.001*[#  31]+0.001*[#  34]
    |psi|^2 = 1.000
==== e(   3) =   -23.26800 eV ==== 
     psi = 0.326*[#  15]+0.326*[#  16]+0.326*[#  17]+0.006*[#  25]+0.006*[#  31]
          +0.006*[#  34]
    |psi|^2 = 1.000
==== e(   4) =   -23.26800 eV ==== 
     psi = 0.326*[#  15]+0.326*[#  16]+0.326*[#  17]+0.006*[#  25]+0.006*[#  31]
          +0.006*[#  34]
    |psi|^2 = 1.000
==== e(   5) =   -15.26417 eV ==== 
     psi = 0.902*[#   1]+0.019*[#   5]+0.019*[#   8]+0.015*[#  11]+0.015*[#  12]
          +0.015*[#  13]+0.002*[#  18]+0.001*[#  10]+0.001*[#  26]+0.001*[#  27]
          +0.001*[#  29]+0.001*[#  30]+0.001*[#  33]+0.001*[#  35]+0.001*[#  14]
          
    |psi|^2 = 1.000
==== e(   6) =    -7.17172 eV ==== 
     psi = 0.208*[#  24]+0.208*[#  28]+0.208*[#  32]+0.090*[#  18]+0.060*[#  11]
          +0.060*[#  12]+0.060*[#  13]+0.031*[#  10]+0.013*[#   1]+0.012*[#  14]
          +0.010*[#   2]+0.010*[#   3]+0.010*[#   4]+0.007*[#  19]+0.007*[#  22]
          +0.002*[#   5]+0.002*[#   8]
    |psi|^2 = 1.000
==== e(   7) =    -6.31036 eV ==== 
     psi = 0.303*[#  24]+0.303*[#  28]+0.303*[#  32]+0.039*[#  19]+0.039*[#  22]
          +0.006*[#   5]+0.006*[#   8]
    |psi|^2 = 0.999
==== e(   8) =    -6.18107 eV ==== 
     psi = 0.283*[#  24]+0.283*[#  28]+0.283*[#  32]+0.043*[#  10]+0.031*[#   5]
          +0.031*[#   8]+0.010*[#   1]+0.008*[#  19]+0.008*[#  22]+0.005*[#  15]
          +0.005*[#  16]+0.005*[#  17]+0.002*[#  18]
    |psi|^2 = 0.999
==== e(   9) =    -0.36654 eV ==== 
     psi = 0.299*[#   2]+0.299*[#   3]+0.299*[#   4]+0.019*[#  11]+0.019*[#  12]
          +0.019*[#  13]+0.006*[#  26]+0.006*[#  27]+0.006*[#  29]+0.006*[#  30]
          +0.006*[#  33]+0.006*[#  35]+0.002*[#  20]+0.002*[#  21]+0.002*[#  23]
          
    |psi|^2 = 0.999
==== e(  10) =    -0.36654 eV ==== 
     psi = 0.299*[#   2]+0.299*[#   3]+0.299*[#   4]+0.019*[#  11]+0.019*[#  12]
          +0.019*[#  13]+0.006*[#  26]+0.006*[#  27]+0.006*[#  29]+0.006*[#  30]
          +0.006*[#  33]+0.006*[#  35]+0.002*[#  20]+0.002*[#  21]+0.002*[#  23]
          
    |psi|^2 = 0.999
==== e(  11) =    -0.18562 eV ==== 
     psi = 0.301*[#   2]+0.301*[#   3]+0.301*[#   4]+0.022*[#  24]+0.022*[#  28]
          +0.022*[#  32]+0.004*[#   5]+0.004*[#   8]+0.002*[#  26]+0.002*[#  27]
          +0.002*[#  29]+0.002*[#  30]+0.002*[#  33]+0.002*[#  35]+0.002*[#  19]
          +0.002*[#  22]+0.001*[#  18]+0.001*[#  25]+0.001*[#  31]+0.001*[#  34]
          
    |psi|^2 = 1.000
==== e(  12) =     5.80258 eV ==== 
     psi = 0.221*[#  25]+0.221*[#  31]+0.221*[#  34]+0.106*[#  19]+0.106*[#  22]
          +0.036*[#  18]+0.008*[#  10]+0.006*[#  26]+0.006*[#  27]+0.006*[#  29]
          +0.006*[#  30]+0.006*[#  33]+0.006*[#  35]+0.005*[#   2]+0.005*[#   3]
          +0.005*[#   4]+0.005*[#  14]+0.004*[#  11]+0.004*[#  12]+0.004*[#  13]
          +0.002*[#  15]+0.002*[#  16]+0.002*[#  17]+0.001*[#  24]+0.001*[#  28]
          +0.001*[#  32]
    |psi|^2 = 0.997
==== e(  13) =     6.78470 eV ==== 
     psi = 0.156*[#  25]+0.156*[#  31]+0.156*[#  34]+0.064*[#  26]+0.064*[#  27]
          +0.064*[#  29]+0.064*[#  30]+0.064*[#  33]+0.064*[#  35]+0.036*[#   6]
          +0.036*[#   7]+0.036*[#   9]+0.005*[#  15]+0.005*[#  16]+0.005*[#  17]
          +0.004*[#   2]+0.004*[#   3]+0.004*[#   4]
    |psi|^2 = 0.991
==== e(  14) =     6.78470 eV ==== 
     psi = 0.156*[#  25]+0.156*[#  31]+0.156*[#  34]+0.064*[#  26]+0.064*[#  27]
          +0.064*[#  29]+0.064*[#  30]+0.064*[#  33]+0.064*[#  35]+0.036*[#   6]
          +0.036*[#   7]+0.036*[#   9]+0.005*[#  15]+0.005*[#  16]+0.005*[#  17]
          +0.004*[#   2]+0.004*[#   3]+0.004*[#   4]
    |psi|^2 = 0.991
==== e(  15) =     7.66971 eV ==== 
     psi = 0.128*[#  26]+0.128*[#  27]+0.128*[#  29]+0.128*[#  30]+0.128*[#  33]
          +0.128*[#  35]+0.058*[#  20]+0.058*[#  21]+0.058*[#  23]+0.008*[#   2]
          +0.008*[#   3]+0.008*[#   4]+0.004*[#   6]+0.004*[#   7]+0.004*[#   9]
          +0.002*[#  11]+0.002*[#  12]+0.002*[#  13]+0.001*[#  25]+0.001*[#  31]
          +0.001*[#  34]
    |psi|^2 = 0.986
==== e(  16) =     7.66971 eV ==== 
     psi = 0.128*[#  26]+0.128*[#  27]+0.128*[#  29]+0.128*[#  30]+0.128*[#  33]
          +0.128*[#  35]+0.058*[#  20]+0.058*[#  21]+0.058*[#  23]+0.008*[#   2]
          +0.008*[#   3]+0.008*[#   4]+0.004*[#   6]+0.004*[#   7]+0.004*[#   9]
          +0.002*[#  11]+0.002*[#  12]+0.002*[#  13]+0.001*[#  25]+0.001*[#  31]
          +0.001*[#  34]
    |psi|^2 = 0.986
==== e(  17) =     7.70261 eV ==== 
     psi = 0.136*[#  26]+0.136*[#  27]+0.136*[#  29]+0.136*[#  30]+0.136*[#  33]
          +0.136*[#  35]+0.088*[#   5]+0.088*[#   8]
    |psi|^2 = 0.994
==== e(  18) =     7.72045 eV ==== 
     psi = 0.131*[#  26]+0.131*[#  27]+0.131*[#  29]+0.131*[#  30]+0.131*[#  33]
          +0.131*[#  35]+0.101*[#  10]+0.012*[#   1]+0.011*[#  24]+0.011*[#  28]
          +0.011*[#  32]+0.010*[#  25]+0.010*[#  31]+0.010*[#  34]+0.007*[#  19]
          +0.007*[#  22]+0.005*[#   5]+0.005*[#   8]+0.002*[#   2]+0.002*[#   3]
          +0.002*[#   4]+0.002*[#  18]
    |psi|^2 = 0.997
==== e(  19) =     8.76185 eV ==== 
     psi = 0.159*[#  25]+0.159*[#  31]+0.159*[#  34]+0.078*[#  26]+0.078*[#  27]
          +0.078*[#  29]+0.078*[#  30]+0.078*[#  33]+0.078*[#  35]+0.008*[#   6]
          +0.008*[#   7]+0.008*[#   9]+0.005*[#  20]+0.005*[#  21]+0.005*[#  23]
          +0.001*[#  11]+0.001*[#  12]+0.001*[#  13]+0.001*[#  15]+0.001*[#  16]
          +0.001*[#  17]+0.001*[#   2]+0.001*[#   3]+0.001*[#   4]
    |psi|^2 = 0.995
==== e(  20) =     8.76185 eV ==== 
     psi = 0.159*[#  25]+0.159*[#  31]+0.159*[#  34]+0.078*[#  26]+0.078*[#  27]
          +0.078*[#  29]+0.078*[#  30]+0.078*[#  33]+0.078*[#  35]+0.008*[#   6]
          +0.008*[#   7]+0.008*[#   9]+0.005*[#  20]+0.005*[#  21]+0.005*[#  23]
          +0.001*[#  11]+0.001*[#  12]+0.001*[#  13]+0.001*[#  15]+0.001*[#  16]
          +0.001*[#  17]+0.001*[#   2]+0.001*[#   3]+0.001*[#   4]
    |psi|^2 = 0.995
==== e(  21) =    11.09388 eV ==== 
     psi = 0.322*[#  20]+0.322*[#  21]+0.322*[#  23]+0.004*[#   6]+0.004*[#   7]
          +0.004*[#   9]
    |psi|^2 = 0.978
==== e(  22) =    12.35152 eV ==== 
     psi = 0.261*[#  20]+0.261*[#  21]+0.261*[#  23]+0.033*[#  26]+0.033*[#  27]
          +0.033*[#  29]+0.033*[#  30]+0.033*[#  33]+0.033*[#  35]+0.003*[#   6]
          +0.003*[#   7]+0.003*[#   9]+0.001*[#  25]+0.001*[#  31]+0.001*[#  34]
          
    |psi|^2 = 0.993
==== e(  23) =    12.35152 eV ==== 
     psi = 0.261*[#  20]+0.261*[#  21]+0.261*[#  23]+0.033*[#  26]+0.033*[#  27]
          +0.033*[#  29]+0.033*[#  30]+0.033*[#  33]+0.033*[#  35]+0.003*[#   6]
          +0.003*[#   7]+0.003*[#   9]+0.001*[#  25]+0.001*[#  31]+0.001*[#  34]
          
    |psi|^2 = 0.993
==== e(  24) =    13.07309 eV ==== 
     psi = 0.459*[#  19]+0.459*[#  22]+0.025*[#  24]+0.025*[#  28]+0.025*[#  32]
          
    |psi|^2 = 0.993
==== e(  25) =    14.66871 eV ==== 
     psi = 0.354*[#  19]+0.354*[#  22]+0.053*[#  25]+0.053*[#  31]+0.053*[#  34]
          +0.038*[#  18]+0.024*[#  24]+0.024*[#  28]+0.024*[#  32]+0.003*[#  11]
          +0.003*[#  12]+0.003*[#  13]+0.001*[#   5]+0.001*[#   8]+0.001*[#   1]
          +0.001*[#  14]
    |psi|^2 = 0.994
==== e(  26) =    15.82540 eV ==== 
     psi = 0.401*[#   5]+0.401*[#   8]+0.029*[#  26]+0.029*[#  27]+0.029*[#  29]
          +0.029*[#  30]+0.029*[#  33]+0.029*[#  35]+0.004*[#  24]+0.004*[#  28]
          +0.004*[#  32]
    |psi|^2 = 0.987
==== e(  27) =    16.06595 eV ==== 
     psi = 0.391*[#   5]+0.391*[#   8]+0.026*[#  24]+0.026*[#  28]+0.026*[#  32]
          +0.024*[#   1]+0.015*[#  10]+0.008*[#  26]+0.008*[#  27]+0.008*[#  29]
          +0.008*[#  30]+0.008*[#  33]+0.008*[#  35]+0.004*[#  18]+0.002*[#   2]
          +0.002*[#   3]+0.002*[#   4]
    |psi|^2 = 0.960
==== e(  28) =    17.51231 eV ==== 
     psi = 0.325*[#   6]+0.325*[#   7]+0.325*[#   9]+0.004*[#  20]+0.004*[#  21]
          +0.004*[#  23]
    |psi|^2 = 0.988
==== e(  29) =    18.52548 eV ==== 
     psi = 0.322*[#  10]+0.072*[#  11]+0.072*[#  12]+0.072*[#  13]+0.054*[#  24]
          +0.054*[#  28]+0.054*[#  32]+0.026*[#  14]+0.009*[#  26]+0.009*[#  27]
          +0.009*[#  29]+0.009*[#  30]+0.009*[#  33]+0.009*[#  35]+0.009*[#  25]
          +0.009*[#  31]+0.009*[#  34]+0.008*[#   2]+0.008*[#   3]+0.008*[#   4]
          +0.007*[#   1]+0.005*[#   5]+0.005*[#   8]+0.004*[#  19]+0.004*[#  22]
          
    |psi|^2 = 0.854
==== e(  30) =    18.56613 eV ==== 
     psi = 0.273*[#   6]+0.273*[#   7]+0.273*[#   9]+0.020*[#  26]+0.020*[#  27]
          +0.020*[#  29]+0.020*[#  30]+0.020*[#  33]+0.020*[#  35]+0.006*[#  25]
          +0.006*[#  31]+0.006*[#  34]+0.005*[#  20]+0.005*[#  21]+0.005*[#  23]
          +0.003*[#  11]+0.003*[#  12]+0.003*[#  13]
    |psi|^2 = 0.981
==== e(  31) =    18.56613 eV ==== 
     psi = 0.273*[#   6]+0.273*[#   7]+0.273*[#   9]+0.020*[#  26]+0.020*[#  27]
          +0.020*[#  29]+0.020*[#  30]+0.020*[#  33]+0.020*[#  35]+0.006*[#  25]
          +0.006*[#  31]+0.006*[#  34]+0.005*[#  20]+0.005*[#  21]+0.005*[#  23]
          +0.003*[#  11]+0.003*[#  12]+0.003*[#  13]
    |psi|^2 = 0.981
==== e(  32) =    20.09417 eV ==== 
     psi = 0.116*[#  18]+0.019*[#   5]+0.019*[#   8]+0.018*[#  24]+0.018*[#  28]
          +0.018*[#  32]+0.015*[#  25]+0.015*[#  31]+0.015*[#  34]+0.012*[#  11]
          +0.012*[#  12]+0.012*[#  13]+0.007*[#  10]+0.004*[#  19]+0.004*[#  22]
          +0.003*[#   2]+0.003*[#   3]+0.003*[#   4]
    |psi|^2 = 0.311
==== e(  33) =    20.40941 eV ==== 
     psi = 0.003*[#  20]+0.003*[#  21]+0.003*[#  23]
    |psi|^2 = 0.010
==== e(  34) =    20.48298 eV ==== 
     psi = 0.001*[#   5]+0.001*[#   8]
    |psi|^2 = 0.010
==== e(  35) =    20.83029 eV ==== 
     psi = 0.002*[#  11]+0.002*[#  12]+0.002*[#  13]
    |psi|^2 = 0.014

 k =   0.4000000000  0.0000000000  0.0000000000
==== e(   1) =   -46.74926 eV ==== 
     psi = 0.902*[#  14]+0.026*[#  11]+0.026*[#  12]+0.026*[#  13]+0.012*[#  18]
          +0.002*[#  10]+0.002*[#  25]+0.002*[#  31]+0.002*[#  34]
    |psi|^2 = 1.000
==== e(   2) =   -23.30659 eV ==== 
     psi = 0.325*[#  15]+0.325*[#  16]+0.325*[#  17]+0.008*[#  10]+0.003*[#  24]
          +0.003*[#  28]+0.003*[#  32]+0.002*[#   5]+0.002*[#   8]
    |psi|^2 = 1.000
==== e(   3) =   -23.26781 eV ==== 
     psi = 0.326*[#  15]+0.326*[#  16]+0.326*[#  17]+0.006*[#  25]+0.006*[#  31]
          +0.006*[#  34]
    |psi|^2 = 1.000
==== e(   4) =   -23.26781 eV ==== 
     psi = 0.326*[#  15]+0.326*[#  16]+0.326*[#  17]+0.006*[#  25]+0.006*[#  31]
          +0.006*[#  34]
    |psi|^2 = 1.000
==== e(   5) =   -15.25341 eV ==== 
     psi = 0.914*[#   1]+0.025*[#   5]+0.025*[#   8]+0.007*[#  11]+0.007*[#  12]
          +0.007*[#  13]+0.001*[#  26]+0.001*[#  27]+0.001*[#  29]+0.001*[#  30]
          +0.001*[#  33]+0.001*[#  35]
    |psi|^2 = 1.000
==== e(   6) =    -7.20151 eV ==== 
     psi = 0.205*[#  24]+0.205*[#  28]+0.205*[#  32]+0.085*[#  18]+0.071*[#  11]
          +0.071*[#  12]+0.071*[#  13]+0.013*[#  10]+0.013*[#  14]+0.011*[#   2]
          +0.011*[#   3]+0.011*[#   4]+0.008*[#  19]+0.008*[#  22]+0.006*[#   1]
          +0.001*[#   5]+0.001*[#   8]
    |psi|^2 = 1.000
==== e(   7) =    -6.30639 eV ==== 
     psi = 0.305*[#  24]+0.305*[#  28]+0.305*[#  32]+0.039*[#  19]+0.039*[#  22]
          +0.003*[#   5]+0.003*[#   8]
    |psi|^2 = 0.999
==== e(   8) =    -6.14019 eV ==== 
     psi = 0.283*[#  24]+0.283*[#  28]+0.283*[#  32]+0.052*[#  10]+0.030*[#   5]
          +0.030*[#   8]+0.012*[#   1]+0.005*[#  15]+0.005*[#  16]+0.005*[#  17]
          +0.004*[#  19]+0.004*[#  22]
    |psi|^2 = 0.998
==== e(   9) =    -0.34905 eV ==== 
     psi = 0.300*[#   2]+0.300*[#   3]+0.300*[#   4]+0.019*[#  11]+0.019*[#  12]
          +0.019*[#  13]+0.006*[#  26]+0.006*[#  27]+0.006*[#  29]+0.006*[#  30]
          +0.006*[#  33]+0.006*[#  35]+0.002*[#  20]+0.002*[#  21]+0.002*[#  23]
          
    |psi|^2 = 0.999
==== e(  10) =    -0.34905 eV ==== 
     psi = 0.300*[#   2]+0.300*[#   3]+0.300*[#   4]+0.019*[#  11]+0.019*[#  12]
          +0.019*[#  13]+0.006*[#  26]+0.006*[#  27]+0.006*[#  29]+0.006*[#  30]
          +0.006*[#  33]+0.006*[#  35]+0.002*[#  20]+0.002*[#  21]+0.002*[#  23]
          
    |psi|^2 = 0.999
==== e(  11) =    -0.14463 eV ==== 
     psi = 0.301*[#   2]+0.301*[#   3]+0.301*[#   4]+0.026*[#  24]+0.026*[#  28]
          +0.026*[#  32]+0.002*[#   5]+0.002*[#   8]+0.002*[#  19]+0.002*[#  22]
          +0.002*[#  11]+0.002*[#  12]+0.002*[#  13]
    |psi|^2 = 1.000
==== e(  12) =     5.63447 eV ==== 
     psi = 0.220*[#  25]+0.220*[#  31]+0.220*[#  34]+0.119*[#  19]+0.119*[#  22]
          +0.041*[#  18]+0.006*[#  14]+0.005*[#   2]+0.005*[#   3]+0.005*[#   4]
          +0.004*[#  11]+0.004*[#  12]+0.004*[#  13]+0.004*[#  10]+0.003*[#  26]
          +0.003*[#  27]+0.003*[#  29]+0.003*[#  30]+0.003*[#  33]+0.003*[#  35]
          +0.001*[#  24]+0.001*[#  28]+0.001*[#  32]
    |psi|^2 = 0.998
==== e(  13) =     6.72821 eV ==== 
     psi = 0.149*[#  25]+0.149*[#  31]+0.149*[#  34]+0.066*[#  26]+0.066*[#  27]
          +0.066*[#  29]+0.066*[#  30]+0.066*[#  33]+0.066*[#  35]+0.042*[#   6]
          +0.042*[#   7]+0.042*[#   9]+0.005*[#  15]+0.005*[#  16]+0.005*[#  17]
          +0.002*[#   2]+0.002*[#   3]+0.002*[#   4]
    |psi|^2 = 0.992
==== e(  14) =     6.72821 eV ==== 
     psi = 0.149*[#  25]+0.149*[#  31]+0.149*[#  34]+0.066*[#  26]+0.066*[#  27]
          +0.066*[#  29]+0.066*[#  30]+0.066*[#  33]+0.066*[#  35]+0.042*[#   6]
          +0.042*[#   7]+0.042*[#   9]+0.005*[#  15]+0.005*[#  16]+0.005*[#  17]
          +0.002*[#   2]+0.002*[#   3]+0.002*[#   4]
    |psi|^2 = 0.992
==== e(  15) =     7.57700 eV ==== 
     psi = 0.133*[#  26]+0.133*[#  27]+0.133*[#  29]+0.133*[#  30]+0.133*[#  33]
          +0.133*[#  35]+0.109*[#  10]+0.014*[#   1]+0.011*[#  24]+0.011*[#  28]
          +0.011*[#  32]+0.007*[#   5]+0.007*[#   8]+0.004*[#  25]+0.004*[#  31]
          +0.004*[#  34]+0.003*[#  19]+0.003*[#  22]+0.001*[#   2]+0.001*[#   3]
          +0.001*[#   4]
    |psi|^2 = 0.997
==== e(  16) =     7.62054 eV ==== 
     psi = 0.125*[#  26]+0.125*[#  27]+0.125*[#  29]+0.125*[#  30]+0.125*[#  33]
          +0.125*[#  35]+0.064*[#  20]+0.064*[#  21]+0.064*[#  23]+0.010*[#   2]
          +0.010*[#   3]+0.010*[#   4]+0.002*[#  11]+0.002*[#  12]+0.002*[#  13]
          +0.002*[#   6]+0.002*[#   7]+0.002*[#   9]
    |psi|^2 = 0.986
==== e(  17) =     7.62054 eV ==== 
     psi = 0.125*[#  26]+0.125*[#  27]+0.125*[#  29]+0.125*[#  30]+0.125*[#  33]
          +0.125*[#  35]+0.064*[#  20]+0.064*[#  21]+0.064*[#  23]+0.010*[#   2]
          +0.010*[#   3]+0.010*[#   4]+0.002*[#  11]+0.002*[#  12]+0.002*[#  13]
          +0.002*[#   6]+0.002*[#   7]+0.002*[#   9]
    |psi|^2 = 0.986
==== e(  18) =     7.62832 eV ==== 
     psi = 0.133*[#  26]+0.133*[#  27]+0.133*[#  29]+0.133*[#  30]+0.133*[#  33]
          +0.133*[#  35]+0.098*[#   5]+0.098*[#   8]
    |psi|^2 = 0.996
==== e(  19) =     8.71417 eV ==== 
     psi = 0.167*[#  25]+0.167*[#  31]+0.167*[#  34]+0.075*[#  26]+0.075*[#  27]
          +0.075*[#  29]+0.075*[#  30]+0.075*[#  33]+0.075*[#  35]+0.009*[#   6]
          +0.009*[#   7]+0.009*[#   9]+0.002*[#  20]+0.002*[#  21]+0.002*[#  23]
          +0.002*[#  15]+0.002*[#  16]+0.002*[#  17]
    |psi|^2 = 0.994
==== e(  20) =     8.71417 eV ==== 
     psi = 0.167*[#  25]+0.167*[#  31]+0.167*[#  34]+0.075*[#  26]+0.075*[#  27]
          +0.075*[#  29]+0.075*[#  30]+0.075*[#  33]+0.075*[#  35]+0.009*[#   6]
          +0.009*[#   7]+0.009*[#   9]+0.002*[#  20]+0.002*[#  21]+0.002*[#  23]
          +0.002*[#  15]+0.002*[#  16]+0.002*[#  17]
    |psi|^2 = 0.994
==== e(  21) =    11.10823 eV ==== 
     psi = 0.323*[#  20]+0.323*[#  21]+0.323*[#  23]+0.002*[#   6]+0.002*[#   7]
          +0.002*[#   9]
    |psi|^2 = 0.976
==== e(  22) =    12.50970 eV ==== 
     psi = 0.260*[#  20]+0.260*[#  21]+0.260*[#  23]+0.034*[#  26]+0.034*[#  27]
          +0.034*[#  29]+0.034*[#  30]+0.034*[#  33]+0.034*[#  35]+0.001*[#   6]
          +0.001*[#   7]+0.001*[#   9]
    |psi|^2 = 0.994
==== e(  23) =    12.50970 eV ==== 
     psi = 0.260*[#  20]+0.260*[#  21]+0.260*[#  23]+0.034*[#  26]+0.034*[#  27]
          +0.034*[#  29]+0.034*[#  30]+0.034*[#  33]+0.034*[#  35]+0.001*[#   6]
          +0.001*[#   7]+0.001*[#   9]
    |psi|^2 = 0.994
==== e(  24) =    13.07357 eV ==== 
     psi = 0.458*[#  19]+0.458*[#  22]+0.025*[#  24]+0.025*[#  28]+0.025*[#  32]
          
    |psi|^2 = 0.993
==== e(  25) =    14.82321 eV ==== 
     psi = 0.347*[#  19]+0.347*[#  22]+0.054*[#  25]+0.054*[#  31]+0.054*[#  34]
          +0.048*[#  18]+0.025*[#  24]+0.025*[#  28]+0.025*[#  32]+0.003*[#  11]
          +0.003*[#  12]+0.003*[#  13]+0.001*[#   2]+0.001*[#   3]+0.001*[#   4]
          +0.001*[#  14]
    |psi|^2 = 0.995
==== e(  26) =    16.05469 eV ==== 
     psi = 0.395*[#   5]+0.395*[#   8]+0.032*[#  26]+0.032*[#  27]+0.032*[#  29]
          +0.032*[#  30]+0.032*[#  33]+0.032*[#  35]+0.002*[#  24]+0.002*[#  28]
          +0.002*[#  32]
    |psi|^2 = 0.989
==== e(  27) =    16.38729 eV ==== 
     psi = 0.376*[#   5]+0.376*[#   8]+0.029*[#   1]+0.028*[#  10]+0.028*[#  24]
          +0.028*[#  28]+0.028*[#  32]+0.011*[#  26]+0.011*[#  27]+0.011*[#  29]
          +0.011*[#  30]+0.011*[#  33]+0.011*[#  35]+0.003*[#  18]
    |psi|^2 = 0.968
==== e(  28) =    17.47811 eV ==== 
     psi = 0.327*[#   6]+0.327*[#   7]+0.327*[#   9]+0.002*[#  20]+0.002*[#  21]
          +0.002*[#  23]
    |psi|^2 = 0.988
==== e(  29) =    18.67528 eV ==== 
     psi = 0.271*[#   6]+0.271*[#   7]+0.271*[#   9]+0.022*[#  26]+0.022*[#  27]
          +0.022*[#  29]+0.022*[#  30]+0.022*[#  33]+0.022*[#  35]+0.007*[#  25]
          +0.007*[#  31]+0.007*[#  34]+0.002*[#  20]+0.002*[#  21]+0.002*[#  23]
          +0.002*[#  11]+0.002*[#  12]+0.002*[#  13]
    |psi|^2 = 0.982
==== e(  30) =    18.67528 eV ==== 
     psi = 0.271*[#   6]+0.271*[#   7]+0.271*[#   9]+0.022*[#  26]+0.022*[#  27]
          +0.022*[#  29]+0.022*[#  30]+0.022*[#  33]+0.022*[#  35]+0.007*[#  25]
          +0.007*[#  31]+0.007*[#  34]+0.002*[#  20]+0.002*[#  21]+0.002*[#  23]
          +0.002*[#  11]+0.002*[#  12]+0.002*[#  13]
    |psi|^2 = 0.982
==== e(  31) =    18.90170 eV ==== 
     psi = 0.192*[#  10]+0.067*[#  11]+0.067*[#  12]+0.067*[#  13]+0.030*[#  24]
          +0.030*[#  28]+0.030*[#  32]+0.026*[#  14]+0.014*[#  18]+0.006*[#  26]
          +0.006*[#  27]+0.006*[#  29]+0.006*[#  30]+0.006*[#  33]+0.006*[#  35]
          +0.006*[#   2]+0.006*[#   3]+0.006*[#   4]+0.003*[#  25]+0.003*[#  31]
          +0.003*[#  34]+0.002*[#   1]+0.002*[#  19]+0.002*[#  22]+0.001*[#   5]
          +0.001*[#   8]
    |psi|^2 = 0.597
==== e(  32) =    20.17055 eV ==== 
     psi = 0.117*[#  18]+0.069*[#  10]+0.036*[#  11]+0.036*[#  12]+0.036*[#  13]
          +0.036*[#  24]+0.036*[#  28]+0.036*[#  32]+0.025*[#  25]+0.025*[#  31]
          +0.025*[#  34]+0.023*[#   5]+0.023*[#   8]+0.008*[#  19]+0.008*[#  22]
          +0.007*[#   2]+0.007*[#   3]+0.007*[#   4]+0.002*[#  14]
    |psi|^2 = 0.565
==== e(  33) =    20.38862 eV ==== 
 
    |psi|^2 = 0.007
==== e(  34) =    20.40408 eV ==== 
     psi = 0.004*[#  20]+0.004*[#  21]+0.004*[#  23]
    |psi|^2 = 0.011
==== e(  35) =    20.83190 eV ==== 
 
    |psi|^2 = 0.006

 k =   0.4500000000  0.0000000000  0.0000000000
==== e(   1) =   -46.74922 eV ==== 
     psi = 0.898*[#  14]+0.028*[#  11]+0.028*[#  12]+0.028*[#  13]+0.012*[#  18]
          +0.002*[#  25]+0.002*[#  31]+0.002*[#  34]
    |psi|^2 = 1.000
==== e(   2) =   -23.30949 eV ==== 
     psi = 0.325*[#  15]+0.325*[#  16]+0.325*[#  17]+0.008*[#  10]+0.003*[#  24]
          +0.003*[#  28]+0.003*[#  32]+0.002*[#   5]+0.002*[#   8]
    |psi|^2 = 1.000
==== e(   3) =   -23.26768 eV ==== 
     psi = 0.326*[#  15]+0.326*[#  16]+0.326*[#  17]+0.006*[#  25]+0.006*[#  31]
          +0.006*[#  34]
    |psi|^2 = 1.000
==== e(   4) =   -23.26768 eV ==== 
     psi = 0.326*[#  15]+0.326*[#  16]+0.326*[#  17]+0.006*[#  25]+0.006*[#  31]
          +0.006*[#  34]
    |psi|^2 = 1.000
==== e(   5) =   -15.24647 eV ==== 
     psi = 0.922*[#   1]+0.029*[#   5]+0.029*[#   8]+0.002*[#  11]+0.002*[#  12]
          +0.002*[#  13]+0.002*[#  26]+0.002*[#  27]+0.002*[#  29]+0.002*[#  30]
          +0.002*[#  33]+0.002*[#  35]
    |psi|^2 = 1.000
==== e(   6) =    -7.22157 eV ==== 
     psi = 0.203*[#  24]+0.203*[#  28]+0.203*[#  32]+0.082*[#  18]+0.079*[#  11]
          +0.079*[#  12]+0.079*[#  13]+0.013*[#  14]+0.012*[#   2]+0.012*[#   3]
          +0.012*[#   4]+0.008*[#  19]+0.008*[#  22]+0.003*[#  10]+0.002*[#   1]
          
    |psi|^2 = 1.000
==== e(   7) =    -6.30385 eV ==== 
     psi = 0.306*[#  24]+0.306*[#  28]+0.306*[#  32]+0.039*[#  19]+0.039*[#  22]
          
    |psi|^2 = 0.999
==== e(   8) =    -6.11235 eV ==== 
     psi = 0.283*[#  24]+0.283*[#  28]+0.283*[#  32]+0.057*[#  10]+0.030*[#   5]
          +0.030*[#   8]+0.013*[#   1]+0.006*[#  15]+0.006*[#  16]+0.006*[#  17]
          
    |psi|^2 = 0.998
==== e(   9) =    -0.33772 eV ==== 
     psi = 0.301*[#   2]+0.301*[#   3]+0.301*[#   4]+0.019*[#  11]+0.019*[#  12]
          +0.019*[#  13]+0.005*[#  26]+0.005*[#  27]+0.005*[#  29]+0.005*[#  30]
          +0.005*[#  33]+0.005*[#  35]+0.002*[#  20]+0.002*[#  21]+0.002*[#  23]
          
    |psi|^2 = 0.999
==== e(  10) =    -0.33772 eV ==== 
     psi = 0.301*[#   2]+0.301*[#   3]+0.301*[#   4]+0.019*[#  11]+0.019*[#  12]
          +0.019*[#  13]+0.005*[#  26]+0.005*[#  27]+0.005*[#  29]+0.005*[#  30]
          +0.005*[#  33]+0.005*[#  35]+0.002*[#  20]+0.002*[#  21]+0.002*[#  23]
          
    |psi|^2 = 0.999
==== e(  11) =    -0.11843 eV ==== 
     psi = 0.300*[#   2]+0.300*[#   3]+0.300*[#   4]+0.028*[#  24]+0.028*[#  28]
          +0.028*[#  32]+0.002*[#  11]+0.002*[#  12]+0.002*[#  13]+0.002*[#  19]
          +0.002*[#  22]
    |psi|^2 = 1.000
==== e(  12) =     5.52760 eV ==== 
     psi = 0.219*[#  25]+0.219*[#  31]+0.219*[#  34]+0.127*[#  19]+0.127*[#  22]
          +0.044*[#  18]+0.006*[#  14]+0.005*[#  11]+0.005*[#  12]+0.005*[#  13]
          +0.004*[#   2]+0.004*[#   3]+0.004*[#   4]+0.001*[#  24]+0.001*[#  28]
          +0.001*[#  32]+0.001*[#  10]
    |psi|^2 = 0.998
==== e(  13) =     6.69024 eV ==== 
     psi = 0.144*[#  25]+0.144*[#  31]+0.144*[#  34]+0.067*[#  26]+0.067*[#  27]
          +0.067*[#  29]+0.067*[#  30]+0.067*[#  33]+0.067*[#  35]+0.046*[#   6]
          +0.046*[#   7]+0.046*[#   9]+0.005*[#  15]+0.005*[#  16]+0.005*[#  17]
          
    |psi|^2 = 0.993
==== e(  14) =     6.69024 eV ==== 
     psi = 0.144*[#  25]+0.144*[#  31]+0.144*[#  34]+0.067*[#  26]+0.067*[#  27]
          +0.067*[#  29]+0.067*[#  30]+0.067*[#  33]+0.067*[#  35]+0.046*[#   6]
          +0.046*[#   7]+0.046*[#   9]+0.005*[#  15]+0.005*[#  16]+0.005*[#  17]
          
    |psi|^2 = 0.993
==== e(  15) =     7.48894 eV ==== 
     psi = 0.135*[#  26]+0.135*[#  27]+0.135*[#  29]+0.135*[#  30]+0.135*[#  33]
          +0.135*[#  35]+0.113*[#  10]+0.016*[#   1]+0.011*[#  24]+0.011*[#  28]
          +0.011*[#  32]+0.008*[#   5]+0.008*[#   8]+0.001*[#  15]+0.001*[#  16]
          +0.001*[#  17]
    |psi|^2 = 0.997
==== e(  16) =     7.58181 eV ==== 
     psi = 0.131*[#  26]+0.131*[#  27]+0.131*[#  29]+0.131*[#  30]+0.131*[#  33]
          +0.131*[#  35]+0.104*[#   5]+0.104*[#   8]
    |psi|^2 = 0.997
==== e(  17) =     7.59258 eV ==== 
     psi = 0.124*[#  26]+0.124*[#  27]+0.124*[#  29]+0.124*[#  30]+0.124*[#  33]
          +0.124*[#  35]+0.067*[#  20]+0.067*[#  21]+0.067*[#  23]+0.011*[#   2]
          +0.011*[#   3]+0.011*[#   4]+0.002*[#  11]+0.002*[#  12]+0.002*[#  13]
          
    |psi|^2 = 0.986
==== e(  18) =     7.59258 eV ==== 
     psi = 0.124*[#  26]+0.124*[#  27]+0.124*[#  29]+0.124*[#  30]+0.124*[#  33]
          +0.124*[#  35]+0.067*[#  20]+0.067*[#  21]+0.067*[#  23]+0.011*[#   2]
          +0.011*[#   3]+0.011*[#   4]+0.002*[#  11]+0.002*[#  12]+0.002*[#  13]
          
    |psi|^2 = 0.986
==== e(  19) =     8.68452 eV ==== 
     psi = 0.172*[#  25]+0.172*[#  31]+0.172*[#  34]+0.074*[#  26]+0.074*[#  27]
          +0.074*[#  29]+0.074*[#  30]+0.074*[#  33]+0.074*[#  35]+0.009*[#   6]
          +0.009*[#   7]+0.009*[#   9]+0.002*[#  15]+0.002*[#  16]+0.002*[#  17]
          
    |psi|^2 = 0.993
==== e(  20) =     8.68452 eV ==== 
     psi = 0.172*[#  25]+0.172*[#  31]+0.172*[#  34]+0.074*[#  26]+0.074*[#  27]
          +0.074*[#  29]+0.074*[#  30]+0.074*[#  33]+0.074*[#  35]+0.009*[#   6]
          +0.009*[#   7]+0.009*[#   9]+0.002*[#  15]+0.002*[#  16]+0.002*[#  17]
          
    |psi|^2 = 0.993
==== e(  21) =    11.11750 eV ==== 
     psi = 0.325*[#  20]+0.325*[#  21]+0.325*[#  23]
    |psi|^2 = 0.975
==== e(  22) =    12.60959 eV ==== 
     psi = 0.259*[#  20]+0.259*[#  21]+0.259*[#  23]+0.036*[#  26]+0.036*[#  27]
          +0.036*[#  29]+0.036*[#  30]+0.036*[#  33]+0.036*[#  35]
    |psi|^2 = 0.995
==== e(  23) =    12.60959 eV ==== 
     psi = 0.259*[#  20]+0.259*[#  21]+0.259*[#  23]+0.036*[#  26]+0.036*[#  27]
          +0.036*[#  29]+0.036*[#  30]+0.036*[#  33]+0.036*[#  35]
    |psi|^2 = 0.995
==== e(  24) =    13.07388 eV ==== 
     psi = 0.458*[#  19]+0.458*[#  22]+0.026*[#  24]+0.026*[#  28]+0.026*[#  32]
          
    |psi|^2 = 0.993
==== e(  25) =    14.91786 eV ==== 
     psi = 0.342*[#  19]+0.342*[#  22]+0.055*[#  25]+0.055*[#  31]+0.055*[#  34]
          +0.054*[#  18]+0.026*[#  24]+0.026*[#  28]+0.026*[#  32]+0.003*[#  11]
          +0.003*[#  12]+0.003*[#  13]+0.001*[#   2]+0.001*[#   3]+0.001*[#   4]
          +0.001*[#  14]
    |psi|^2 = 0.996
==== e(  26) =    16.20730 eV ==== 
     psi = 0.392*[#   5]+0.392*[#   8]+0.034*[#  26]+0.034*[#  27]+0.034*[#  29]
          +0.034*[#  30]+0.034*[#  33]+0.034*[#  35]
    |psi|^2 = 0.992
==== e(  27) =    16.61758 eV ==== 
     psi = 0.367*[#   5]+0.367*[#   8]+0.043*[#  10]+0.033*[#   1]+0.029*[#  24]
          +0.029*[#  28]+0.029*[#  32]+0.014*[#  26]+0.014*[#  27]+0.014*[#  29]
          +0.014*[#  30]+0.014*[#  33]+0.014*[#  35]+0.001*[#  18]
    |psi|^2 = 0.983
==== e(  28) =    17.45609 eV ==== 
     psi = 0.329*[#   6]+0.329*[#   7]+0.329*[#   9]
    |psi|^2 = 0.987
==== e(  29) =    18.74490 eV ==== 
     psi = 0.271*[#   6]+0.271*[#   7]+0.271*[#   9]+0.024*[#  26]+0.024*[#  27]
          +0.024*[#  29]+0.024*[#  30]+0.024*[#  33]+0.024*[#  35]+0.007*[#  25]
          +0.007*[#  31]+0.007*[#  34]
    |psi|^2 = 0.982
==== e(  30) =    18.74490 eV ==== 
     psi = 0.271*[#   6]+0.271*[#   7]+0.271*[#   9]+0.024*[#  26]+0.024*[#  27]
          +0.024*[#  29]+0.024*[#  30]+0.024*[#  33]+0.024*[#  35]+0.007*[#  25]
          +0.007*[#  31]+0.007*[#  34]
    |psi|^2 = 0.982
==== e(  31) =    19.03501 eV ==== 
     psi = 0.051*[#  18]+0.051*[#  11]+0.051*[#  12]+0.051*[#  13]+0.048*[#  10]
          +0.023*[#  14]+0.011*[#  24]+0.011*[#  28]+0.011*[#  32]+0.003*[#   2]
          +0.003*[#   3]+0.003*[#   4]+0.002*[#  26]+0.002*[#  27]+0.002*[#  29]
          +0.002*[#  30]+0.002*[#  33]+0.002*[#  35]
    |psi|^2 = 0.329
==== e(  32) =    20.32182 eV ==== 
 
    |psi|^2 = 0.004
==== e(  33) =    20.40071 eV ==== 
     psi = 0.004*[#  20]+0.004*[#  21]+0.004*[#  23]
    |psi|^2 = 0.012
==== e(  34) =    20.51826 eV ==== 
     psi = 0.100*[#  10]+0.098*[#  18]+0.084*[#  11]+0.084*[#  12]+0.084*[#  13]
          +0.054*[#  24]+0.054*[#  28]+0.054*[#  32]+0.035*[#  25]+0.035*[#  31]
          +0.035*[#  34]+0.015*[#   5]+0.015*[#   8]+0.012*[#  19]+0.012*[#  22]
          +0.011*[#   2]+0.011*[#   3]+0.011*[#   4]+0.010*[#  14]+0.002*[#  26]
          +0.002*[#  27]+0.002*[#  29]+0.002*[#  30]+0.002*[#  33]+0.002*[#  35]
          
    |psi|^2 = 0.824
==== e(  35) =    20.82771 eV ==== 
     psi = 0.008*[#  11]+0.008*[#  12]+0.008*[#  13]+0.001*[#  26]+0.001*[#  27]
          +0.001*[#  29]+0.001*[#  30]+0.001*[#  33]+0.001*[#  35]
    |psi|^2 = 0.034

 k =   0.5000000000  0.0000000000  0.0000000000
==== e(   1) =   -46.74920 eV ==== 
     psi = 0.896*[#  14]+0.028*[#  11]+0.028*[#  12]+0.028*[#  13]+0.013*[#  18]
          +0.002*[#  25]+0.002*[#  31]+0.002*[#  34]
    |psi|^2 = 1.000
==== e(   2) =   -23.31049 eV ==== 
     psi = 0.325*[#  15]+0.325*[#  16]+0.325*[#  17]+0.008*[#  10]+0.003*[#  24]
          +0.003*[#  28]+0.003*[#  32]+0.002*[#   5]+0.002*[#   8]
    |psi|^2 = 1.000
==== e(   3) =   -23.26764 eV ==== 
     psi = 0.326*[#  15]+0.326*[#  16]+0.326*[#  17]+0.006*[#  25]+0.006*[#  31]
          +0.006*[#  34]
    |psi|^2 = 1.000
==== e(   4) =   -23.26764 eV ==== 
     psi = 0.326*[#  15]+0.326*[#  16]+0.326*[#  17]+0.006*[#  25]+0.006*[#  31]
          +0.006*[#  34]
    |psi|^2 = 1.000
==== e(   5) =   -15.24407 eV ==== 
     psi = 0.925*[#   1]+0.031*[#   5]+0.031*[#   8]+0.002*[#  26]+0.002*[#  27]
          +0.002*[#  29]+0.002*[#  30]+0.002*[#  33]+0.002*[#  35]
    |psi|^2 = 1.000
==== e(   6) =    -7.22863 eV ==== 
     psi = 0.203*[#  24]+0.203*[#  28]+0.203*[#  32]+0.081*[#  11]+0.081*[#  12]
          +0.081*[#  13]+0.081*[#  18]+0.013*[#  14]+0.012*[#   2]+0.012*[#   3]
          +0.012*[#   4]+0.009*[#  19]+0.009*[#  22]
    |psi|^2 = 1.000
==== e(   7) =    -6.30297 eV ==== 
     psi = 0.307*[#  24]+0.307*[#  28]+0.307*[#  32]+0.039*[#  19]+0.039*[#  22]
          
    |psi|^2 = 0.998
==== e(   8) =    -6.10248 eV ==== 
     psi = 0.283*[#  24]+0.283*[#  28]+0.283*[#  32]+0.059*[#  10]+0.030*[#   5]
          +0.030*[#   8]+0.013*[#   1]+0.006*[#  15]+0.006*[#  16]+0.006*[#  17]
          
    |psi|^2 = 0.998
==== e(   9) =    -0.33380 eV ==== 
     psi = 0.301*[#   2]+0.301*[#   3]+0.301*[#   4]+0.019*[#  11]+0.019*[#  12]
          +0.019*[#  13]+0.005*[#  26]+0.005*[#  27]+0.005*[#  29]+0.005*[#  30]
          +0.005*[#  33]+0.005*[#  35]+0.003*[#  20]+0.003*[#  21]+0.003*[#  23]
          
    |psi|^2 = 0.999
==== e(  10) =    -0.33380 eV ==== 
     psi = 0.301*[#   2]+0.301*[#   3]+0.301*[#   4]+0.019*[#  11]+0.019*[#  12]
          +0.019*[#  13]+0.005*[#  26]+0.005*[#  27]+0.005*[#  29]+0.005*[#  30]
          +0.005*[#  33]+0.005*[#  35]+0.003*[#  20]+0.003*[#  21]+0.003*[#  23]
          
    |psi|^2 = 0.999
==== e(  11) =    -0.10942 eV ==== 
     psi = 0.300*[#   2]+0.300*[#   3]+0.300*[#   4]+0.028*[#  24]+0.028*[#  28]
          +0.028*[#  32]+0.003*[#  11]+0.003*[#  12]+0.003*[#  13]+0.002*[#  19]
          +0.002*[#  22]
    |psi|^2 = 1.000
==== e(  12) =     5.49097 eV ==== 
     psi = 0.219*[#  25]+0.219*[#  31]+0.219*[#  34]+0.130*[#  19]+0.130*[#  22]
          +0.045*[#  18]+0.007*[#  14]+0.005*[#  11]+0.005*[#  12]+0.005*[#  13]
          +0.004*[#   2]+0.004*[#   3]+0.004*[#   4]+0.001*[#  24]+0.001*[#  28]
          +0.001*[#  32]
    |psi|^2 = 0.998
==== e(  13) =     6.67688 eV ==== 
     psi = 0.143*[#  25]+0.143*[#  31]+0.143*[#  34]+0.068*[#  26]+0.068*[#  27]
          +0.068*[#  29]+0.068*[#  30]+0.068*[#  33]+0.068*[#  35]+0.047*[#   6]
          +0.047*[#   7]+0.047*[#   9]+0.005*[#  15]+0.005*[#  16]+0.005*[#  17]
          
    |psi|^2 = 0.993
==== e(  14) =     6.67688 eV ==== 
     psi = 0.143*[#  25]+0.143*[#  31]+0.143*[#  34]+0.068*[#  26]+0.068*[#  27]
          +0.068*[#  29]+0.068*[#  30]+0.068*[#  33]+0.068*[#  35]+0.047*[#   6]
          +0.047*[#   7]+0.047*[#   9]+0.005*[#  15]+0.005*[#  16]+0.005*[#  17]
          
    |psi|^2 = 0.993
==== e(  15) =     7.45928 eV ==== 
     psi = 0.135*[#  26]+0.135*[#  27]+0.135*[#  29]+0.135*[#  30]+0.135*[#  33]
          +0.135*[#  35]+0.115*[#  10]+0.017*[#   1]+0.011*[#  24]+0.011*[#  28]
          +0.011*[#  32]+0.009*[#   5]+0.009*[#   8]+0.001*[#  15]+0.001*[#  16]
          +0.001*[#  17]
    |psi|^2 = 0.997
==== e(  16) =     7.56597 eV ==== 
     psi = 0.131*[#  26]+0.131*[#  27]+0.131*[#  29]+0.131*[#  30]+0.131*[#  33]
          +0.131*[#  35]+0.107*[#   5]+0.107*[#   8]
    |psi|^2 = 0.997
==== e(  17) =     7.58353 eV ==== 
     psi = 0.123*[#  26]+0.123*[#  27]+0.123*[#  29]+0.123*[#  30]+0.123*[#  33]
          +0.123*[#  35]+0.069*[#  20]+0.069*[#  21]+0.069*[#  23]+0.011*[#   2]
          +0.011*[#   3]+0.011*[#   4]+0.002*[#  11]+0.002*[#  12]+0.002*[#  13]
          
    |psi|^2 = 0.986
==== e(  18) =     7.58353 eV ==== 
     psi = 0.123*[#  26]+0.123*[#  27]+0.123*[#  29]+0.123*[#  30]+0.123*[#  33]
          +0.123*[#  35]+0.069*[#  20]+0.069*[#  21]+0.069*[#  23]+0.011*[#   2]
          +0.011*[#   3]+0.011*[#   4]+0.002*[#  11]+0.002*[#  12]+0.002*[#  13]
          
    |psi|^2 = 0.986
==== e(  19) =     8.67447 eV ==== 
     psi = 0.174*[#  25]+0.174*[#  31]+0.174*[#  34]+0.073*[#  26]+0.073*[#  27]
          +0.073*[#  29]+0.073*[#  30]+0.073*[#  33]+0.073*[#  35]+0.010*[#   6]
          +0.010*[#   7]+0.010*[#   9]+0.002*[#  15]+0.002*[#  16]+0.002*[#  17]
          
    |psi|^2 = 0.993
==== e(  20) =     8.67447 eV ==== 
     psi = 0.174*[#  25]+0.174*[#  31]+0.174*[#  34]+0.073*[#  26]+0.073*[#  27]
          +0.073*[#  29]+0.073*[#  30]+0.073*[#  33]+0.073*[#  35]+0.010*[#   6]
          +0.010*[#   7]+0.010*[#   9]+0.002*[#  15]+0.002*[#  16]+0.002*[#  17]
          
    |psi|^2 = 0.993
==== e(  21) =    11.12071 eV ==== 
     psi = 0.325*[#  20]+0.325*[#  21]+0.325*[#  23]
    |psi|^2 = 0.975
==== e(  22) =    12.64375 eV ==== 
     psi = 0.259*[#  20]+0.259*[#  21]+0.259*[#  23]+0.036*[#  26]+0.036*[#  27]
          +0.036*[#  29]+0.036*[#  30]+0.036*[#  33]+0.036*[#  35]
    |psi|^2 = 0.996
==== e(  23) =    12.64375 eV ==== 
     psi = 0.259*[#  20]+0.259*[#  21]+0.259*[#  23]+0.036*[#  26]+0.036*[#  27]
          +0.036*[#  29]+0.036*[#  30]+0.036*[#  33]+0.036*[#  35]
    |psi|^2 = 0.996
==== e(  24) =    13.07398 eV ==== 
     psi = 0.458*[#  19]+0.458*[#  22]+0.026*[#  24]+0.026*[#  28]+0.026*[#  32]
          
    |psi|^2 = 0.993
==== e(  25) =    14.94973 eV ==== 
     psi = 0.341*[#  19]+0.341*[#  22]+0.056*[#  18]+0.055*[#  25]+0.055*[#  31]
          +0.055*[#  34]+0.026*[#  24]+0.026*[#  28]+0.026*[#  32]+0.003*[#  11]
          +0.003*[#  12]+0.003*[#  13]+0.001*[#   2]+0.001*[#   3]+0.001*[#   4]
          +0.001*[#  14]
    |psi|^2 = 0.996
==== e(  26) =    16.26105 eV ==== 
     psi = 0.391*[#   5]+0.391*[#   8]+0.035*[#  26]+0.035*[#  27]+0.035*[#  29]
          +0.035*[#  30]+0.035*[#  33]+0.035*[#  35]
    |psi|^2 = 0.993
==== e(  27) =    16.70297 eV ==== 
     psi = 0.364*[#   5]+0.364*[#   8]+0.050*[#  10]+0.034*[#   1]+0.030*[#  24]
          +0.030*[#  28]+0.030*[#  32]+0.015*[#  26]+0.015*[#  27]+0.015*[#  29]
          +0.015*[#  30]+0.015*[#  33]+0.015*[#  35]
    |psi|^2 = 0.992
==== e(  28) =    17.44849 eV ==== 
     psi = 0.329*[#   6]+0.329*[#   7]+0.329*[#   9]
    |psi|^2 = 0.987
==== e(  29) =    18.76881 eV ==== 
     psi = 0.270*[#   6]+0.270*[#   7]+0.270*[#   9]+0.025*[#  26]+0.025*[#  27]
          +0.025*[#  29]+0.025*[#  30]+0.025*[#  33]+0.025*[#  35]+0.008*[#  25]
          +0.008*[#  31]+0.008*[#  34]
    |psi|^2 = 0.982
==== e(  30) =    18.76881 eV ==== 
     psi = 0.270*[#   6]+0.270*[#   7]+0.270*[#   9]+0.025*[#  26]+0.025*[#  27]
          +0.025*[#  29]+0.025*[#  30]+0.025*[#  33]+0.025*[#  35]+0.008*[#  25]
          +0.008*[#  31]+0.008*[#  34]
    |psi|^2 = 0.982
==== e(  31) =    19.04766 eV ==== 
     psi = 0.068*[#  18]+0.044*[#  11]+0.044*[#  12]+0.044*[#  13]+0.021*[#  14]
          +0.006*[#  24]+0.006*[#  28]+0.006*[#  32]+0.002*[#   2]+0.002*[#   3]
          +0.002*[#   4]
    |psi|^2 = 0.248
==== e(  32) =    20.29749 eV ==== 
 
    |psi|^2 = 0.003
==== e(  33) =    20.39955 eV ==== 
     psi = 0.004*[#  20]+0.004*[#  21]+0.004*[#  23]
    |psi|^2 = 0.012
==== e(  34) =    20.80683 eV ==== 
     psi = 0.129*[#  11]+0.129*[#  12]+0.129*[#  13]+0.101*[#  18]+0.066*[#  24]
          +0.066*[#  28]+0.066*[#  32]+0.044*[#  25]+0.044*[#  31]+0.044*[#  34]
          +0.016*[#  14]+0.014*[#  19]+0.014*[#  22]+0.013*[#   2]+0.013*[#   3]
          +0.013*[#   4]
    |psi|^2 = 0.900
==== e(  35) =    20.82457 eV ==== 
     psi = 0.014*[#  11]+0.014*[#  12]+0.014*[#  13]+0.001*[#  26]+0.001*[#  27]
          +0.001*[#  29]+0.001*[#  30]+0.001*[#  33]+0.001*[#  35]
    |psi|^2 = 0.050

 k =   0.5500000000  0.0000000000  0.0000000000
==== e(   1) =   -46.74922 eV ==== 
     psi = 0.898*[#  14]+0.028*[#  11]+0.028*[#  12]+0.028*[#  13]+0.012*[#  18]
          +0.002*[#  25]+0.002*[#  31]+0.002*[#  34]
    |psi|^2 = 1.000
==== e(   2) =   -23.30949 eV ==== 
     psi = 0.325*[#  15]+0.325*[#  16]+0.325*[#  17]+0.008*[#  10]+0.003*[#  24]
          +0.003*[#  28]+0.003*[#  32]+0.002*[#   5]+0.002*[#   8]
    |psi|^2 = 1.000
==== e(   3) =   -23.26768 eV ==== 
     psi = 0.326*[#  15]+0.326*[#  16]+0.326*[#  17]+0.006*[#  25]+0.006*[#  31]
          +0.006*[#  34]
    |psi|^2 = 1.000
==== e(   4) =   -23.26768 eV ==== 
     psi = 0.326*[#  15]+0.326*[#  16]+0.326*[#  17]+0.006*[#  25]+0.006*[#  31]
          +0.006*[#  34]
    |psi|^2 = 1.000
==== e(   5) =   -15.24647 eV ==== 
     psi = 0.922*[#   1]+0.029*[#   5]+0.029*[#   8]+0.002*[#  11]+0.002*[#  12]
          +0.002*[#  13]+0.002*[#  26]+0.002*[#  27]+0.002*[#  29]+0.002*[#  30]
          +0.002*[#  33]+0.002*[#  35]
    |psi|^2 = 1.000
==== e(   6) =    -7.22157 eV ==== 
     psi = 0.203*[#  24]+0.203*[#  28]+0.203*[#  32]+0.082*[#  18]+0.079*[#  11]
          +0.079*[#  12]+0.079*[#  13]+0.013*[#  14]+0.012*[#   2]+0.012*[#   3]
          +0.012*[#   4]+0.008*[#  19]+0.008*[#  22]+0.003*[#  10]+0.002*[#   1]
          
    |psi|^2 = 1.000
==== e(   7) =    -6.30385 eV ==== 
     psi = 0.306*[#  24]+0.306*[#  28]+0.306*[#  32]+0.039*[#  19]+0.039*[#  22]
          
    |psi|^2 = 0.999
==== e(   8) =    -6.11235 eV ==== 
     psi = 0.283*[#  24]+0.283*[#  28]+0.283*[#  32]+0.057*[#  10]+0.030*[#   5]
          +0.030*[#   8]+0.013*[#   1]+0.006*[#  15]+0.006*[#  16]+0.006*[#  17]
          
    |psi|^2 = 0.998
==== e(   9) =    -0.33772 eV ==== 
     psi = 0.301*[#   2]+0.301*[#   3]+0.301*[#   4]+0.019*[#  11]+0.019*[#  12]
          +0.019*[#  13]+0.005*[#  26]+0.005*[#  27]+0.005*[#  29]+0.005*[#  30]
          +0.005*[#  33]+0.005*[#  35]+0.002*[#  20]+0.002*[#  21]+0.002*[#  23]
          
    |psi|^2 = 0.999
==== e(  10) =    -0.33772 eV ==== 
     psi = 0.301*[#   2]+0.301*[#   3]+0.301*[#   4]+0.019*[#  11]+0.019*[#  12]
          +0.019*[#  13]+0.005*[#  26]+0.005*[#  27]+0.005*[#  29]+0.005*[#  30]
          +0.005*[#  33]+0.005*[#  35]+0.002*[#  20]+0.002*[#  21]+0.002*[#  23]
          
    |psi|^2 = 0.999
==== e(  11) =    -0.11843 eV ==== 
     psi = 0.300*[#   2]+0.300*[#   3]+0.300*[#   4]+0.028*[#  24]+0.028*[#  28]
          +0.028*[#  32]+0.002*[#  11]+0.002*[#  12]+0.002*[#  13]+0.002*[#  19]
          +0.002*[#  22]
    |psi|^2 = 1.000
==== e(  12) =     5.52760 eV ==== 
     psi = 0.219*[#  25]+0.219*[#  31]+0.219*[#  34]+0.127*[#  19]+0.127*[#  22]
          +0.044*[#  18]+0.006*[#  14]+0.005*[#  11]+0.005*[#  12]+0.005*[#  13]
          +0.004*[#   2]+0.004*[#   3]+0.004*[#   4]+0.001*[#  24]+0.001*[#  28]
          +0.001*[#  32]+0.001*[#  10]
    |psi|^2 = 0.998
==== e(  13) =     6.69024 eV ==== 
     psi = 0.144*[#  25]+0.144*[#  31]+0.144*[#  34]+0.067*[#  26]+0.067*[#  27]
          +0.067*[#  29]+0.067*[#  30]+0.067*[#  33]+0.067*[#  35]+0.046*[#   6]
          +0.046*[#   7]+0.046*[#   9]+0.005*[#  15]+0.005*[#  16]+0.005*[#  17]
          
    |psi|^2 = 0.993
==== e(  14) =     6.69024 eV ==== 
     psi = 0.144*[#  25]+0.144*[#  31]+0.144*[#  34]+0.067*[#  26]+0.067*[#  27]
          +0.067*[#  29]+0.067*[#  30]+0.067*[#  33]+0.067*[#  35]+0.046*[#   6]
          +0.046*[#   7]+0.046*[#   9]+0.005*[#  15]+0.005*[#  16]+0.005*[#  17]
          
    |psi|^2 = 0.993
==== e(  15) =     7.48894 eV ==== 
     psi = 0.135*[#  26]+0.135*[#  27]+0.135*[#  29]+0.135*[#  30]+0.135*[#  33]
          +0.135*[#  35]+0.113*[#  10]+0.016*[#   1]+0.011*[#  24]+0.011*[#  28]
          +0.011*[#  32]+0.008*[#   5]+0.008*[#   8]+0.001*[#  15]+0.001*[#  16]
          +0.001*[#  17]
    |psi|^2 = 0.997
==== e(  16) =     7.58181 eV ==== 
     psi = 0.131*[#  26]+0.131*[#  27]+0.131*[#  29]+0.131*[#  30]+0.131*[#  33]
          +0.131*[#  35]+0.104*[#   5]+0.104*[#   8]
    |psi|^2 = 0.997
==== e(  17) =     7.59258 eV ==== 
     psi = 0.124*[#  26]+0.124*[#  27]+0.124*[#  29]+0.124*[#  30]+0.124*[#  33]
          +0.124*[#  35]+0.067*[#  20]+0.067*[#  21]+0.067*[#  23]+0.011*[#   2]
          +0.011*[#   3]+0.011*[#   4]+0.002*[#  11]+0.002*[#  12]+0.002*[#  13]
          
    |psi|^2 = 0.986
==== e(  18) =     7.59258 eV ==== 
     psi = 0.124*[#  26]+0.124*[#  27]+0.124*[#  29]+0.124*[#  30]+0.124*[#  33]
          +0.124*[#  35]+0.067*[#  20]+0.067*[#  21]+0.067*[#  23]+0.011*[#   2]
          +0.011*[#   3]+0.011*[#   4]+0.002*[#  11]+0.002*[#  12]+0.002*[#  13]
          
    |psi|^2 = 0.986
==== e(  19) =     8.68452 eV ==== 
     psi = 0.172*[#  25]+0.172*[#  31]+0.172*[#  34]+0.074*[#  26]+0.074*[#  27]
          +0.074*[#  29]+0.074*[#  30]+0.074*[#  33]+0.074*[#  35]+0.009*[#   6]
          +0.009*[#   7]+0.009*[#   9]+0.002*[#  15]+0.002*[#  16]+0.002*[#  17]
          
    |psi|^2 = 0.993
==== e(  20) =     8.68452 eV ==== 
     psi = 0.172*[#  25]+0.172*[#  31]+0.172*[#  34]+0.074*[#  26]+0.074*[#  27]
          +0.074*[#  29]+0.074*[#  30]+0.074*[#  33]+0.074*[#  35]+0.009*[#   6]
          +0.009*[#   7]+0.009*[#   9]+0.002*[#  15]+0.002*[#  16]+0.002*[#  17]
          
    |psi|^2 = 0.993
==== e(  21) =    11.11750 eV ==== 
     psi = 0.325*[#  20]+0.325*[#  21]+0.325*[#  23]
    |psi|^2 = 0.975
==== e(  22) =    12.60959 eV ==== 
     psi = 0.259*[#  20]+0.259*[#  21]+0.259*[#  23]+0.036*[#  26]+0.036*[#  27]
          +0.036*[#  29]+0.036*[#  30]+0.036*[#  33]+0.036*[#  35]
    |psi|^2 = 0.995
==== e(  23) =    12.60959 eV ==== 
     psi = 0.259*[#  20]+0.259*[#  21]+0.259*[#  23]+0.036*[#  26]+0.036*[#  27]
          +0.036*[#  29]+0.036*[#  30]+0.036*[#  33]+0.036*[#  35]
    |psi|^2 = 0.995
==== e(  24) =    13.07388 eV ==== 
     psi = 0.458*[#  19]+0.458*[#  22]+0.026*[#  24]+0.026*[#  28]+0.026*[#  32]
          
    |psi|^2 = 0.993
==== e(  25) =    14.91786 eV ==== 
     psi = 0.342*[#  19]+0.342*[#  22]+0.055*[#  25]+0.055*[#  31]+0.055*[#  34]
          +0.054*[#  18]+0.026*[#  24]+0.026*[#  28]+0.026*[#  32]+0.003*[#  11]
          +0.003*[#  12]+0.003*[#  13]+0.001*[#   2]+0.001*[#   3]+0.001*[#   4]
          +0.001*[#  14]
    |psi|^2 = 0.996
==== e(  26) =    16.20730 eV ==== 
     psi = 0.392*[#   5]+0.392*[#   8]+0.034*[#  26]+0.034*[#  27]+0.034*[#  29]
          +0.034*[#  30]+0.034*[#  33]+0.034*[#  35]
    |psi|^2 = 0.992
==== e(  27) =    16.61758 eV ==== 
     psi = 0.367*[#   5]+0.367*[#   8]+0.043*[#  10]+0.033*[#   1]+0.029*[#  24]
          +0.029*[#  28]+0.029*[#  32]+0.014*[#  26]+0.014*[#  27]+0.014*[#  29]
          +0.014*[#  30]+0.014*[#  33]+0.014*[#  35]+0.001*[#  18]
    |psi|^2 = 0.983
==== e(  28) =    17.45609 eV ==== 
     psi = 0.329*[#   6]+0.329*[#   7]+0.329*[#   9]
    |psi|^2 = 0.987
==== e(  29) =    18.74490 eV ==== 
     psi = 0.271*[#   6]+0.271*[#   7]+0.271*[#   9]+0.024*[#  26]+0.024*[#  27]
          +0.024*[#  29]+0.024*[#  30]+0.024*[#  33]+0.024*[#  35]+0.007*[#  25]
          +0.007*[#  31]+0.007*[#  34]
    |psi|^2 = 0.982
==== e(  30) =    18.74490 eV ==== 
     psi = 0.271*[#   6]+0.271*[#   7]+0.271*[#   9]+0.024*[#  26]+0.024*[#  27]
          +0.024*[#  29]+0.024*[#  30]+0.024*[#  33]+0.024*[#  35]+0.007*[#  25]
          +0.007*[#  31]+0.007*[#  34]
    |psi|^2 = 0.982
==== e(  31) =    19.03501 eV ==== 
     psi = 0.051*[#  18]+0.051*[#  11]+0.051*[#  12]+0.051*[#  13]+0.048*[#  10]
          +0.023*[#  14]+0.011*[#  24]+0.011*[#  28]+0.011*[#  32]+0.003*[#   2]
          +0.003*[#   3]+0.003*[#   4]+0.002*[#  26]+0.002*[#  27]+0.002*[#  29]
          +0.002*[#  30]+0.002*[#  33]+0.002*[#  35]
    |psi|^2 = 0.329
==== e(  32) =    20.32182 eV ==== 
 
    |psi|^2 = 0.004
==== e(  33) =    20.40071 eV ==== 
     psi = 0.004*[#  20]+0.004*[#  21]+0.004*[#  23]
    |psi|^2 = 0.012
==== e(  34) =    20.51826 eV ==== 
     psi = 0.100*[#  10]+0.098*[#  18]+0.084*[#  11]+0.084*[#  12]+0.084*[#  13]
          +0.054*[#  24]+0.054*[#  28]+0.054*[#  32]+0.035*[#  25]+0.035*[#  31]
          +0.035*[#  34]+0.015*[#   5]+0.015*[#   8]+0.012*[#  19]+0.012*[#  22]
          +0.011*[#   2]+0.011*[#   3]+0.011*[#   4]+0.010*[#  14]+0.002*[#  26]
          +0.002*[#  27]+0.002*[#  29]+0.002*[#  30]+0.002*[#  33]+0.002*[#  35]
          
    |psi|^2 = 0.824
==== e(  35) =    20.82771 eV ==== 
     psi = 0.008*[#  11]+0.008*[#  12]+0.008*[#  13]+0.001*[#  26]+0.001*[#  27]
          +0.001*[#  29]+0.001*[#  30]+0.001*[#  33]+0.001*[#  35]
    |psi|^2 = 0.034

 k =   0.6000000000  0.0000000000  0.0000000000
==== e(   1) =   -46.74926 eV ==== 
     psi = 0.902*[#  14]+0.026*[#  11]+0.026*[#  12]+0.026*[#  13]+0.012*[#  18]
          +0.002*[#  10]+0.002*[#  25]+0.002*[#  31]+0.002*[#  34]
    |psi|^2 = 1.000
==== e(   2) =   -23.30659 eV ==== 
     psi = 0.325*[#  15]+0.325*[#  16]+0.325*[#  17]+0.008*[#  10]+0.003*[#  24]
          +0.003*[#  28]+0.003*[#  32]+0.002*[#   5]+0.002*[#   8]
    |psi|^2 = 1.000
==== e(   3) =   -23.26781 eV ==== 
     psi = 0.326*[#  15]+0.326*[#  16]+0.326*[#  17]+0.006*[#  25]+0.006*[#  31]
          +0.006*[#  34]
    |psi|^2 = 1.000
==== e(   4) =   -23.26781 eV ==== 
     psi = 0.326*[#  15]+0.326*[#  16]+0.326*[#  17]+0.006*[#  25]+0.006*[#  31]
          +0.006*[#  34]
    |psi|^2 = 1.000
==== e(   5) =   -15.25341 eV ==== 
     psi = 0.914*[#   1]+0.025*[#   5]+0.025*[#   8]+0.007*[#  11]+0.007*[#  12]
          +0.007*[#  13]+0.001*[#  26]+0.001*[#  27]+0.001*[#  29]+0.001*[#  30]
          +0.001*[#  33]+0.001*[#  35]
    |psi|^2 = 1.000
==== e(   6) =    -7.20151 eV ==== 
     psi = 0.205*[#  24]+0.205*[#  28]+0.205*[#  32]+0.085*[#  18]+0.071*[#  11]
          +0.071*[#  12]+0.071*[#  13]+0.013*[#  10]+0.013*[#  14]+0.011*[#   2]
          +0.011*[#   3]+0.011*[#   4]+0.008*[#  19]+0.008*[#  22]+0.006*[#   1]
          +0.001*[#   5]+0.001*[#   8]
    |psi|^2 = 1.000
==== e(   7) =    -6.30639 eV ==== 
     psi = 0.305*[#  24]+0.305*[#  28]+0.305*[#  32]+0.039*[#  19]+0.039*[#  22]
          +0.003*[#   5]+0.003*[#   8]
    |psi|^2 = 0.999
==== e(   8) =    -6.14019 eV ==== 
     psi = 0.283*[#  24]+0.283*[#  28]+0.283*[#  32]+0.052*[#  10]+0.030*[#   5]
          +0.030*[#   8]+0.012*[#   1]+0.005*[#  15]+0.005*[#  16]+0.005*[#  17]
          +0.004*[#  19]+0.004*[#  22]
    |psi|^2 = 0.998
==== e(   9) =    -0.34905 eV ==== 
     psi = 0.300*[#   2]+0.300*[#   3]+0.300*[#   4]+0.019*[#  11]+0.019*[#  12]
          +0.019*[#  13]+0.006*[#  26]+0.006*[#  27]+0.006*[#  29]+0.006*[#  30]
          +0.006*[#  33]+0.006*[#  35]+0.002*[#  20]+0.002*[#  21]+0.002*[#  23]
          
    |psi|^2 = 0.999
==== e(  10) =    -0.34905 eV ==== 
     psi = 0.300*[#   2]+0.300*[#   3]+0.300*[#   4]+0.019*[#  11]+0.019*[#  12]
          +0.019*[#  13]+0.006*[#  26]+0.006*[#  27]+0.006*[#  29]+0.006*[#  30]
          +0.006*[#  33]+0.006*[#  35]+0.002*[#  20]+0.002*[#  21]+0.002*[#  23]
          
    |psi|^2 = 0.999
==== e(  11) =    -0.14463 eV ==== 
     psi = 0.301*[#   2]+0.301*[#   3]+0.301*[#   4]+0.026*[#  24]+0.026*[#  28]
          +0.026*[#  32]+0.002*[#   5]+0.002*[#   8]+0.002*[#  19]+0.002*[#  22]
          +0.002*[#  11]+0.002*[#  12]+0.002*[#  13]
    |psi|^2 = 1.000
==== e(  12) =     5.63447 eV ==== 
     psi = 0.220*[#  25]+0.220*[#  31]+0.220*[#  34]+0.119*[#  19]+0.119*[#  22]
          +0.041*[#  18]+0.006*[#  14]+0.005*[#   2]+0.005*[#   3]+0.005*[#   4]
          +0.004*[#  11]+0.004*[#  12]+0.004*[#  13]+0.004*[#  10]+0.003*[#  26]
          +0.003*[#  27]+0.003*[#  29]+0.003*[#  30]+0.003*[#  33]+0.003*[#  35]
          +0.001*[#  24]+0.001*[#  28]+0.001*[#  32]
    |psi|^2 = 0.998
==== e(  13) =     6.72821 eV ==== 
     psi = 0.149*[#  25]+0.149*[#  31]+0.149*[#  34]+0.066*[#  26]+0.066*[#  27]
          +0.066*[#  29]+0.066*[#  30]+0.066*[#  33]+0.066*[#  35]+0.042*[#   6]
          +0.042*[#   7]+0.042*[#   9]+0.005*[#  15]+0.005*[#  16]+0.005*[#  17]
          +0.002*[#   2]+0.002*[#   3]+0.002*[#   4]
    |psi|^2 = 0.992
==== e(  14) =     6.72821 eV ==== 
     psi = 0.149*[#  25]+0.149*[#  31]+0.149*[#  34]+0.066*[#  26]+0.066*[#  27]
          +0.066*[#  29]+0.066*[#  30]+0.066*[#  33]+0.066*[#  35]+0.042*[#   6]
          +0.042*[#   7]+0.042*[#   9]+0.005*[#  15]+0.005*[#  16]+0.005*[#  17]
          +0.002*[#   2]+0.002*[#   3]+0.002*[#   4]
    |psi|^2 = 0.992
==== e(  15) =     7.57700 eV ==== 
     psi = 0.133*[#  26]+0.133*[#  27]+0.133*[#  29]+0.133*[#  30]+0.133*[#  33]
          +0.133*[#  35]+0.109*[#  10]+0.014*[#   1]+0.011*[#  24]+0.011*[#  28]
          +0.011*[#  32]+0.007*[#   5]+0.007*[#   8]+0.004*[#  25]+0.004*[#  31]
          +0.004*[#  34]+0.003*[#  19]+0.003*[#  22]+0.001*[#   2]+0.001*[#   3]
          +0.001*[#   4]
    |psi|^2 = 0.997
==== e(  16) =     7.62054 eV ==== 
     psi = 0.125*[#  26]+0.125*[#  27]+0.125*[#  29]+0.125*[#  30]+0.125*[#  33]
          +0.125*[#  35]+0.064*[#  20]+0.064*[#  21]+0.064*[#  23]+0.010*[#   2]
          +0.010*[#   3]+0.010*[#   4]+0.002*[#  11]+0.002*[#  12]+0.002*[#  13]
          +0.002*[#   6]+0.002*[#   7]+0.002*[#   9]
    |psi|^2 = 0.986
==== e(  17) =     7.62054 eV ==== 
     psi = 0.125*[#  26]+0.125*[#  27]+0.125*[#  29]+0.125*[#  30]+0.125*[#  33]
          +0.125*[#  35]+0.064*[#  20]+0.064*[#  21]+0.064*[#  23]+0.010*[#   2]
          +0.010*[#   3]+0.010*[#   4]+0.002*[#  11]+0.002*[#  12]+0.002*[#  13]
          +0.002*[#   6]+0.002*[#   7]+0.002*[#   9]
    |psi|^2 = 0.986
==== e(  18) =     7.62832 eV ==== 
     psi = 0.133*[#  26]+0.133*[#  27]+0.133*[#  29]+0.133*[#  30]+0.133*[#  33]
          +0.133*[#  35]+0.098*[#   5]+0.098*[#   8]
    |psi|^2 = 0.996
==== e(  19) =     8.71417 eV ==== 
     psi = 0.167*[#  25]+0.167*[#  31]+0.167*[#  34]+0.075*[#  26]+0.075*[#  27]
          +0.075*[#  29]+0.075*[#  30]+0.075*[#  33]+0.075*[#  35]+0.009*[#   6]
          +0.009*[#   7]+0.009*[#   9]+0.002*[#  20]+0.002*[#  21]+0.002*[#  23]
          +0.002*[#  15]+0.002*[#  16]+0.002*[#  17]
    |psi|^2 = 0.994
==== e(  20) =     8.71417 eV ==== 
     psi = 0.167*[#  25]+0.167*[#  31]+0.167*[#  34]+0.075*[#  26]+0.075*[#  27]
          +0.075*[#  29]+0.075*[#  30]+0.075*[#  33]+0.075*[#  35]+0.009*[#   6]
          +0.009*[#   7]+0.009*[#   9]+0.002*[#  20]+0.002*[#  21]+0.002*[#  23]
          +0.002*[#  15]+0.002*[#  16]+0.002*[#  17]
    |psi|^2 = 0.994
==== e(  21) =    11.10823 eV ==== 
     psi = 0.323*[#  20]+0.323*[#  21]+0.323*[#  23]+0.002*[#   6]+0.002*[#   7]
          +0.002*[#   9]
    |psi|^2 = 0.976
==== e(  22) =    12.50970 eV ==== 
     psi = 0.260*[#  20]+0.260*[#  21]+0.260*[#  23]+0.034*[#  26]+0.034*[#  27]
          +0.034*[#  29]+0.034*[#  30]+0.034*[#  33]+0.034*[#  35]+0.001*[#   6]
          +0.001*[#   7]+0.001*[#   9]
    |psi|^2 = 0.994
==== e(  23) =    12.50970 eV ==== 
     psi = 0.260*[#  20]+0.260*[#  21]+0.260*[#  23]+0.034*[#  26]+0.034*[#  27]
          +0.034*[#  29]+0.034*[#  30]+0.034*[#  33]+0.034*[#  35]+0.001*[#   6]
          +0.001*[#   7]+0.001*[#   9]
    |psi|^2 = 0.994
==== e(  24) =    13.07357 eV ==== 
     psi = 0.458*[#  19]+0.458*[#  22]+0.025*[#  24]+0.025*[#  28]+0.025*[#  32]
          
    |psi|^2 = 0.993
==== e(  25) =    14.82321 eV ==== 
     psi = 0.347*[#  19]+0.347*[#  22]+0.054*[#  25]+0.054*[#  31]+0.054*[#  34]
          +0.048*[#  18]+0.025*[#  24]+0.025*[#  28]+0.025*[#  32]+0.003*[#  11]
          +0.003*[#  12]+0.003*[#  13]+0.001*[#   2]+0.001*[#   3]+0.001*[#   4]
          +0.001*[#  14]
    |psi|^2 = 0.995
==== e(  26) =    16.05469 eV ==== 
     psi = 0.395*[#   5]+0.395*[#   8]+0.032*[#  26]+0.032*[#  27]+0.032*[#  29]
          +0.032*[#  30]+0.032*[#  33]+0.032*[#  35]+0.002*[#  24]+0.002*[#  28]
          +0.002*[#  32]
    |psi|^2 = 0.989
==== e(  27) =    16.38729 eV ==== 
     psi = 0.376*[#   5]+0.376*[#   8]+0.029*[#   1]+0.028*[#  10]+0.028*[#  24]
          +0.028*[#  28]+0.028*[#  32]+0.011*[#  26]+0.011*[#  27]+0.011*[#  29]
          +0.011*[#  30]+0.011*[#  33]+0.011*[#  35]+0.003*[#  18]
    |psi|^2 = 0.968
==== e(  28) =    17.47811 eV ==== 
     psi = 0.327*[#   6]+0.327*[#   7]+0.327*[#   9]+0.002*[#  20]+0.002*[#  21]
          +0.002*[#  23]
    |psi|^2 = 0.988
==== e(  29) =    18.67528 eV ==== 
     psi = 0.271*[#   6]+0.271*[#   7]+0.271*[#   9]+0.022*[#  26]+0.022*[#  27]
          +0.022*[#  29]+0.022*[#  30]+0.022*[#  33]+0.022*[#  35]+0.007*[#  25]
          +0.007*[#  31]+0.007*[#  34]+0.002*[#  20]+0.002*[#  21]+0.002*[#  23]
          +0.002*[#  11]+0.002*[#  12]+0.002*[#  13]
    |psi|^2 = 0.982
==== e(  30) =    18.67528 eV ==== 
     psi = 0.271*[#   6]+0.271*[#   7]+0.271*[#   9]+0.022*[#  26]+0.022*[#  27]
          +0.022*[#  29]+0.022*[#  30]+0.022*[#  33]+0.022*[#  35]+0.007*[#  25]
          +0.007*[#  31]+0.007*[#  34]+0.002*[#  20]+0.002*[#  21]+0.002*[#  23]
          +0.002*[#  11]+0.002*[#  12]+0.002*[#  13]
    |psi|^2 = 0.982
==== e(  31) =    18.90170 eV ==== 
     psi = 0.192*[#  10]+0.067*[#  11]+0.067*[#  12]+0.067*[#  13]+0.030*[#  24]
          +0.030*[#  28]+0.030*[#  32]+0.026*[#  14]+0.014*[#  18]+0.006*[#  26]
          +0.006*[#  27]+0.006*[#  29]+0.006*[#  30]+0.006*[#  33]+0.006*[#  35]
          +0.006*[#   2]+0.006*[#   3]+0.006*[#   4]+0.003*[#  25]+0.003*[#  31]
          +0.003*[#  34]+0.002*[#   1]+0.002*[#  19]+0.002*[#  22]+0.001*[#   5]
          +0.001*[#   8]
    |psi|^2 = 0.597
==== e(  32) =    20.17055 eV ==== 
     psi = 0.117*[#  18]+0.069*[#  10]+0.036*[#  11]+0.036*[#  12]+0.036*[#  13]
          +0.036*[#  24]+0.036*[#  28]+0.036*[#  32]+0.025*[#  25]+0.025*[#  31]
          +0.025*[#  34]+0.023*[#   5]+0.023*[#   8]+0.008*[#  19]+0.008*[#  22]
          +0.007*[#   2]+0.007*[#   3]+0.007*[#   4]+0.002*[#  14]
    |psi|^2 = 0.565
==== e(  33) =    20.38862 eV ==== 
 
    |psi|^2 = 0.007
==== e(  34) =    20.40408 eV ==== 
     psi = 0.004*[#  20]+0.004*[#  21]+0.004*[#  23]
    |psi|^2 = 0.011
==== e(  35) =    20.83190 eV ==== 
 
    |psi|^2 = 0.006

 k =   0.6500000000  0.0000000000  0.0000000000
==== e(   1) =   -46.74932 eV ==== 
     psi = 0.909*[#  14]+0.023*[#  11]+0.023*[#  12]+0.023*[#  13]+0.010*[#  18]
          +0.005*[#  10]+0.002*[#  25]+0.002*[#  31]+0.002*[#  34]
    |psi|^2 = 1.000
==== e(   2) =   -23.30207 eV ==== 
     psi = 0.325*[#  15]+0.325*[#  16]+0.325*[#  17]+0.007*[#  10]+0.003*[#  24]
          +0.003*[#  28]+0.003*[#  32]+0.002*[#   5]+0.002*[#   8]+0.001*[#  25]
          +0.001*[#  31]+0.001*[#  34]
    |psi|^2 = 1.000
==== e(   3) =   -23.26800 eV ==== 
     psi = 0.326*[#  15]+0.326*[#  16]+0.326*[#  17]+0.006*[#  25]+0.006*[#  31]
          +0.006*[#  34]
    |psi|^2 = 1.000
==== e(   4) =   -23.26800 eV ==== 
     psi = 0.326*[#  15]+0.326*[#  16]+0.326*[#  17]+0.006*[#  25]+0.006*[#  31]
          +0.006*[#  34]
    |psi|^2 = 1.000
==== e(   5) =   -15.26417 eV ==== 
     psi = 0.902*[#   1]+0.019*[#   5]+0.019*[#   8]+0.015*[#  11]+0.015*[#  12]
          +0.015*[#  13]+0.002*[#  18]+0.001*[#  10]+0.001*[#  26]+0.001*[#  27]
          +0.001*[#  29]+0.001*[#  30]+0.001*[#  33]+0.001*[#  35]+0.001*[#  14]
          
    |psi|^2 = 1.000
==== e(   6) =    -7.17172 eV ==== 
     psi = 0.208*[#  24]+0.208*[#  28]+0.208*[#  32]+0.090*[#  18]+0.060*[#  11]
          +0.060*[#  12]+0.060*[#  13]+0.031*[#  10]+0.013*[#   1]+0.012*[#  14]
          +0.010*[#   2]+0.010*[#   3]+0.010*[#   4]+0.007*[#  19]+0.007*[#  22]
          +0.002*[#   5]+0.002*[#   8]
    |psi|^2 = 1.000
==== e(   7) =    -6.31036 eV ==== 
     psi = 0.303*[#  24]+0.303*[#  28]+0.303*[#  32]+0.039*[#  19]+0.039*[#  22]
          +0.006*[#   5]+0.006*[#   8]
    |psi|^2 = 0.999
==== e(   8) =    -6.18107 eV ==== 
     psi = 0.283*[#  24]+0.283*[#  28]+0.283*[#  32]+0.043*[#  10]+0.031*[#   5]
          +0.031*[#   8]+0.010*[#   1]+0.008*[#  19]+0.008*[#  22]+0.005*[#  15]
          +0.005*[#  16]+0.005*[#  17]+0.002*[#  18]
    |psi|^2 = 0.999
==== e(   9) =    -0.36654 eV ==== 
     psi = 0.299*[#   2]+0.299*[#   3]+0.299*[#   4]+0.019*[#  11]+0.019*[#  12]
          +0.019*[#  13]+0.006*[#  26]+0.006*[#  27]+0.006*[#  29]+0.006*[#  30]
          +0.006*[#  33]+0.006*[#  35]+0.002*[#  20]+0.002*[#  21]+0.002*[#  23]
          
    |psi|^2 = 0.999
==== e(  10) =    -0.36654 eV ==== 
     psi = 0.299*[#   2]+0.299*[#   3]+0.299*[#   4]+0.019*[#  11]+0.019*[#  12]
          +0.019*[#  13]+0.006*[#  26]+0.006*[#  27]+0.006*[#  29]+0.006*[#  30]
          +0.006*[#  33]+0.006*[#  35]+0.002*[#  20]+0.002*[#  21]+0.002*[#  23]
          
    |psi|^2 = 0.999
==== e(  11) =    -0.18562 eV ==== 
     psi = 0.301*[#   2]+0.301*[#   3]+0.301*[#   4]+0.022*[#  24]+0.022*[#  28]
          +0.022*[#  32]+0.004*[#   5]+0.004*[#   8]+0.002*[#  26]+0.002*[#  27]
          +0.002*[#  29]+0.002*[#  30]+0.002*[#  33]+0.002*[#  35]+0.002*[#  19]
          +0.002*[#  22]+0.001*[#  18]+0.001*[#  25]+0.001*[#  31]+0.001*[#  34]
          
    |psi|^2 = 1.000
==== e(  12) =     5.80258 eV ==== 
     psi = 0.221*[#  25]+0.221*[#  31]+0.221*[#  34]+0.106*[#  19]+0.106*[#  22]
          +0.036*[#  18]+0.008*[#  10]+0.006*[#  26]+0.006*[#  27]+0.006*[#  29]
          +0.006*[#  30]+0.006*[#  33]+0.006*[#  35]+0.005*[#   2]+0.005*[#   3]
          +0.005*[#   4]+0.005*[#  14]+0.004*[#  11]+0.004*[#  12]+0.004*[#  13]
          +0.002*[#  15]+0.002*[#  16]+0.002*[#  17]+0.001*[#  24]+0.001*[#  28]
          +0.001*[#  32]
    |psi|^2 = 0.997
==== e(  13) =     6.78470 eV ==== 
     psi = 0.156*[#  25]+0.156*[#  31]+0.156*[#  34]+0.064*[#  26]+0.064*[#  27]
          +0.064*[#  29]+0.064*[#  30]+0.064*[#  33]+0.064*[#  35]+0.036*[#   6]
          +0.036*[#   7]+0.036*[#   9]+0.005*[#  15]+0.005*[#  16]+0.005*[#  17]
          +0.004*[#   2]+0.004*[#   3]+0.004*[#   4]
    |psi|^2 = 0.991
==== e(  14) =     6.78470 eV ==== 
     psi = 0.156*[#  25]+0.156*[#  31]+0.156*[#  34]+0.064*[#  26]+0.064*[#  27]
          +0.064*[#  29]+0.064*[#  30]+0.064*[#  33]+0.064*[#  35]+0.036*[#   6]
          +0.036*[#   7]+0.036*[#   9]+0.005*[#  15]+0.005*[#  16]+0.005*[#  17]
          +0.004*[#   2]+0.004*[#   3]+0.004*[#   4]
    |psi|^2 = 0.991
==== e(  15) =     7.66971 eV ==== 
     psi = 0.128*[#  26]+0.128*[#  27]+0.128*[#  29]+0.128*[#  30]+0.128*[#  33]
          +0.128*[#  35]+0.058*[#  20]+0.058*[#  21]+0.058*[#  23]+0.008*[#   2]
          +0.008*[#   3]+0.008*[#   4]+0.004*[#   6]+0.004*[#   7]+0.004*[#   9]
          +0.002*[#  11]+0.002*[#  12]+0.002*[#  13]+0.001*[#  25]+0.001*[#  31]
          +0.001*[#  34]
    |psi|^2 = 0.986
==== e(  16) =     7.66971 eV ==== 
     psi = 0.128*[#  26]+0.128*[#  27]+0.128*[#  29]+0.128*[#  30]+0.128*[#  33]
          +0.128*[#  35]+0.058*[#  20]+0.058*[#  21]+0.058*[#  23]+0.008*[#   2]
          +0.008*[#   3]+0.008*[#   4]+0.004*[#   6]+0.004*[#   7]+0.004*[#   9]
          +0.002*[#  11]+0.002*[#  12]+0.002*[#  13]+0.001*[#  25]+0.001*[#  31]
          +0.001*[#  34]
    |psi|^2 = 0.986
==== e(  17) =     7.70261 eV ==== 
     psi = 0.136*[#  26]+0.136*[#  27]+0.136*[#  29]+0.136*[#  30]+0.136*[#  33]
          +0.136*[#  35]+0.088*[#   5]+0.088*[#   8]
    |psi|^2 = 0.994
==== e(  18) =     7.72045 eV ==== 
     psi = 0.131*[#  26]+0.131*[#  27]+0.131*[#  29]+0.131*[#  30]+0.131*[#  33]
          +0.131*[#  35]+0.101*[#  10]+0.012*[#   1]+0.011*[#  24]+0.011*[#  28]
          +0.011*[#  32]+0.010*[#  25]+0.010*[#  31]+0.010*[#  34]+0.007*[#  19]
          +0.007*[#  22]+0.005*[#   5]+0.005*[#   8]+0.002*[#   2]+0.002*[#   3]
          +0.002*[#   4]+0.002*[#  18]
    |psi|^2 = 0.997
==== e(  19) =     8.76185 eV ==== 
     psi = 0.159*[#  25]+0.159*[#  31]+0.159*[#  34]+0.078*[#  26]+0.078*[#  27]
          +0.078*[#  29]+0.078*[#  30]+0.078*[#  33]+0.078*[#  35]+0.008*[#   6]
          +0.008*[#   7]+0.008*[#   9]+0.005*[#  20]+0.005*[#  21]+0.005*[#  23]
          +0.001*[#  11]+0.001*[#  12]+0.001*[#  13]+0.001*[#  15]+0.001*[#  16]
          +0.001*[#  17]+0.001*[#   2]+0.001*[#   3]+0.001*[#   4]
    |psi|^2 = 0.995
==== e(  20) =     8.76185 eV ==== 
     psi = 0.159*[#  25]+0.159*[#  31]+0.159*[#  34]+0.078*[#  26]+0.078*[#  27]
          +0.078*[#  29]+0.078*[#  30]+0.078*[#  33]+0.078*[#  35]+0.008*[#   6]
          +0.008*[#   7]+0.008*[#   9]+0.005*[#  20]+0.005*[#  21]+0.005*[#  23]
          +0.001*[#  11]+0.001*[#  12]+0.001*[#  13]+0.001*[#  15]+0.001*[#  16]
          +0.001*[#  17]+0.001*[#   2]+0.001*[#   3]+0.001*[#   4]
    |psi|^2 = 0.995
==== e(  21) =    11.09388 eV ==== 
     psi = 0.322*[#  20]+0.322*[#  21]+0.322*[#  23]+0.004*[#   6]+0.004*[#   7]
          +0.004*[#   9]
    |psi|^2 = 0.978
==== e(  22) =    12.35152 eV ==== 
     psi = 0.261*[#  20]+0.261*[#  21]+0.261*[#  23]+0.033*[#  26]+0.033*[#  27]
          +0.033*[#  29]+0.033*[#  30]+0.033*[#  33]+0.033*[#  35]+0.003*[#   6]
          +0.003*[#   7]+0.003*[#   9]+0.001*[#  25]+0.001*[#  31]+0.001*[#  34]
          
    |psi|^2 = 0.993
==== e(  23) =    12.35152 eV ==== 
     psi = 0.261*[#  20]+0.261*[#  21]+0.261*[#  23]+0.033*[#  26]+0.033*[#  27]
          +0.033*[#  29]+0.033*[#  30]+0.033*[#  33]+0.033*[#  35]+0.003*[#   6]
          +0.003*[#   7]+0.003*[#   9]+0.001*[#  25]+0.001*[#  31]+0.001*[#  34]
          
    |psi|^2 = 0.993
==== e(  24) =    13.07309 eV ==== 
     psi = 0.459*[#  19]+0.459*[#  22]+0.025*[#  24]+0.025*[#  28]+0.025*[#  32]
          
    |psi|^2 = 0.993
==== e(  25) =    14.66871 eV ==== 
     psi = 0.354*[#  19]+0.354*[#  22]+0.053*[#  25]+0.053*[#  31]+0.053*[#  34]
          +0.038*[#  18]+0.024*[#  24]+0.024*[#  28]+0.024*[#  32]+0.003*[#  11]
          +0.003*[#  12]+0.003*[#  13]+0.001*[#   5]+0.001*[#   8]+0.001*[#   1]
          +0.001*[#  14]
    |psi|^2 = 0.994
==== e(  26) =    15.82540 eV ==== 
     psi = 0.401*[#   5]+0.401*[#   8]+0.029*[#  26]+0.029*[#  27]+0.029*[#  29]
          +0.029*[#  30]+0.029*[#  33]+0.029*[#  35]+0.004*[#  24]+0.004*[#  28]
          +0.004*[#  32]
    |psi|^2 = 0.987
==== e(  27) =    16.06595 eV ==== 
     psi = 0.391*[#   5]+0.391*[#   8]+0.026*[#  24]+0.026*[#  28]+0.026*[#  32]
          +0.024*[#   1]+0.015*[#  10]+0.008*[#  26]+0.008*[#  27]+0.008*[#  29]
          +0.008*[#  30]+0.008*[#  33]+0.008*[#  35]+0.004*[#  18]+0.002*[#   2]
          +0.002*[#   3]+0.002*[#   4]
    |psi|^2 = 0.960
==== e(  28) =    17.51231 eV ==== 
     psi = 0.325*[#   6]+0.325*[#   7]+0.325*[#   9]+0.004*[#  20]+0.004*[#  21]
          +0.004*[#  23]
    |psi|^2 = 0.988
==== e(  29) =    18.52548 eV ==== 
     psi = 0.322*[#  10]+0.072*[#  11]+0.072*[#  12]+0.072*[#  13]+0.054*[#  24]
          +0.054*[#  28]+0.054*[#  32]+0.026*[#  14]+0.009*[#  26]+0.009*[#  27]
          +0.009*[#  29]+0.009*[#  30]+0.009*[#  33]+0.009*[#  35]+0.009*[#  25]
          +0.009*[#  31]+0.009*[#  34]+0.008*[#   2]+0.008*[#   3]+0.008*[#   4]
          +0.007*[#   1]+0.005*[#   5]+0.005*[#   8]+0.004*[#  19]+0.004*[#  22]
          
    |psi|^2 = 0.854
==== e(  30) =    18.56613 eV ==== 
     psi = 0.273*[#   6]+0.273*[#   7]+0.273*[#   9]+0.020*[#  26]+0.020*[#  27]
          +0.020*[#  29]+0.020*[#  30]+0.020*[#  33]+0.020*[#  35]+0.006*[#  25]
          +0.006*[#  31]+0.006*[#  34]+0.005*[#  20]+0.005*[#  21]+0.005*[#  23]
          +0.003*[#  11]+0.003*[#  12]+0.003*[#  13]
    |psi|^2 = 0.981
==== e(  31) =    18.56613 eV ==== 
     psi = 0.273*[#   6]+0.273*[#   7]+0.273*[#   9]+0.020*[#  26]+0.020*[#  27]
          +0.020*[#  29]+0.020*[#  30]+0.020*[#  33]+0.020*[#  35]+0.006*[#  25]
          +0.006*[#  31]+0.006*[#  34]+0.005*[#  20]+0.005*[#  21]+0.005*[#  23]
          +0.003*[#  11]+0.003*[#  12]+0.003*[#  13]
    |psi|^2 = 0.981
==== e(  32) =    20.09417 eV ==== 
     psi = 0.116*[#  18]+0.019*[#   5]+0.019*[#   8]+0.018*[#  24]+0.018*[#  28]
          +0.018*[#  32]+0.015*[#  25]+0.015*[#  31]+0.015*[#  34]+0.012*[#  11]
          +0.012*[#  12]+0.012*[#  13]+0.007*[#  10]+0.004*[#  19]+0.004*[#  22]
          +0.003*[#   2]+0.003*[#   3]+0.003*[#   4]
    |psi|^2 = 0.311
==== e(  33) =    20.40941 eV ==== 
     psi = 0.003*[#  20]+0.003*[#  21]+0.003*[#  23]
    |psi|^2 = 0.010
==== e(  34) =    20.48298 eV ==== 
     psi = 0.001*[#   5]+0.001*[#   8]
    |psi|^2 = 0.010
==== e(  35) =    20.83029 eV ==== 
     psi = 0.002*[#  11]+0.002*[#  12]+0.002*[#  13]
    |psi|^2 = 0.014

 k =   0.7000000000  0.0000000000  0.0000000000
==== e(   1) =   -46.74940 eV ==== 
     psi = 0.917*[#  14]+0.020*[#  11]+0.020*[#  12]+0.020*[#  13]+0.010*[#  10]
          +0.009*[#  18]+0.002*[#  25]+0.002*[#  31]+0.002*[#  34]
    |psi|^2 = 1.000
==== e(   2) =   -23.29636 eV ==== 
     psi = 0.325*[#  15]+0.325*[#  16]+0.325*[#  17]+0.005*[#  10]+0.002*[#  24]
          +0.002*[#  25]+0.002*[#  28]+0.002*[#  31]+0.002*[#  32]+0.002*[#  34]
          +0.002*[#   5]+0.002*[#   8]
    |psi|^2 = 1.000
==== e(   3) =   -23.26824 eV ==== 
     psi = 0.326*[#  15]+0.326*[#  16]+0.326*[#  17]+0.006*[#  25]+0.006*[#  31]
          +0.006*[#  34]
    |psi|^2 = 1.000
==== e(   4) =   -23.26824 eV ==== 
     psi = 0.326*[#  15]+0.326*[#  16]+0.326*[#  17]+0.006*[#  25]+0.006*[#  31]
          +0.006*[#  34]
    |psi|^2 = 1.000
==== e(   5) =   -15.27765 eV ==== 
     psi = 0.890*[#   1]+0.022*[#  11]+0.022*[#  12]+0.022*[#  13]+0.013*[#   5]
          +0.013*[#   8]+0.004*[#  18]+0.003*[#  10]+0.001*[#  14]+0.001*[#  26]
          +0.001*[#  27]+0.001*[#  29]+0.001*[#  30]+0.001*[#  33]+0.001*[#  35]
          
    |psi|^2 = 1.000
==== e(   6) =    -7.13733 eV ==== 
     psi = 0.210*[#  24]+0.210*[#  28]+0.210*[#  32]+0.097*[#  18]+0.055*[#  10]
          +0.047*[#  11]+0.047*[#  12]+0.047*[#  13]+0.020*[#   1]+0.011*[#  14]
          +0.009*[#   2]+0.009*[#   3]+0.009*[#   4]+0.006*[#  19]+0.006*[#  22]
          +0.002*[#   5]+0.002*[#   8]
    |psi|^2 = 1.000
==== e(   7) =    -6.31534 eV ==== 
     psi = 0.301*[#  24]+0.301*[#  28]+0.301*[#  32]+0.038*[#  19]+0.038*[#  22]
          +0.010*[#   5]+0.010*[#   8]
    |psi|^2 = 0.999
==== e(   8) =    -6.22765 eV ==== 
     psi = 0.284*[#  24]+0.284*[#  28]+0.284*[#  32]+0.033*[#  10]+0.031*[#   5]
          +0.031*[#   8]+0.014*[#  19]+0.014*[#  22]+0.008*[#   1]+0.004*[#  15]
          +0.004*[#  16]+0.004*[#  17]+0.002*[#  18]+0.001*[#   2]+0.001*[#   3]
          +0.001*[#   4]
    |psi|^2 = 0.999
==== e(   9) =    -0.38830 eV ==== 
     psi = 0.298*[#   2]+0.298*[#   3]+0.298*[#   4]+0.018*[#  11]+0.018*[#  12]
          +0.018*[#  13]+0.007*[#  26]+0.007*[#  27]+0.007*[#  29]+0.007*[#  30]
          +0.007*[#  33]+0.007*[#  35]+0.002*[#  20]+0.002*[#  21]+0.002*[#  23]
          
    |psi|^2 = 0.999
==== e(  10) =    -0.38830 eV ==== 
     psi = 0.298*[#   2]+0.298*[#   3]+0.298*[#   4]+0.018*[#  11]+0.018*[#  12]
          +0.018*[#  13]+0.007*[#  26]+0.007*[#  27]+0.007*[#  29]+0.007*[#  30]
          +0.007*[#  33]+0.007*[#  35]+0.002*[#  20]+0.002*[#  21]+0.002*[#  23]
          
    |psi|^2 = 0.999
==== e(  11) =    -0.23757 eV ==== 
     psi = 0.302*[#   2]+0.302*[#   3]+0.302*[#   4]+0.018*[#  24]+0.018*[#  28]
          +0.018*[#  32]+0.005*[#   5]+0.005*[#   8]+0.003*[#  26]+0.003*[#  27]
          +0.003*[#  29]+0.003*[#  30]+0.003*[#  33]+0.003*[#  35]+0.002*[#  19]
          +0.002*[#  22]+0.001*[#  18]+0.001*[#  25]+0.001*[#  31]+0.001*[#  34]
          
    |psi|^2 = 1.000
==== e(  12) =     6.01731 eV ==== 
     psi = 0.221*[#  25]+0.221*[#  31]+0.221*[#  34]+0.090*[#  19]+0.090*[#  22]
          +0.030*[#  18]+0.012*[#  10]+0.011*[#  26]+0.011*[#  27]+0.011*[#  29]
          +0.011*[#  30]+0.011*[#  33]+0.011*[#  35]+0.006*[#   2]+0.006*[#   3]
          +0.006*[#   4]+0.004*[#  11]+0.004*[#  12]+0.004*[#  13]+0.003*[#  14]
          +0.003*[#  15]+0.003*[#  16]+0.003*[#  17]+0.001*[#  24]+0.001*[#  28]
          +0.001*[#  32]
    |psi|^2 = 0.996
==== e(  13) =     6.85050 eV ==== 
     psi = 0.166*[#  25]+0.166*[#  31]+0.166*[#  34]+0.061*[#  26]+0.061*[#  27]
          +0.061*[#  29]+0.061*[#  30]+0.061*[#  33]+0.061*[#  35]+0.029*[#   6]
          +0.029*[#   7]+0.029*[#   9]+0.007*[#   2]+0.007*[#   3]+0.007*[#   4]
          +0.005*[#  15]+0.005*[#  16]+0.005*[#  17]
    |psi|^2 = 0.989
==== e(  14) =     6.85050 eV ==== 
     psi = 0.166*[#  25]+0.166*[#  31]+0.166*[#  34]+0.061*[#  26]+0.061*[#  27]
          +0.061*[#  29]+0.061*[#  30]+0.061*[#  33]+0.061*[#  35]+0.029*[#   6]
          +0.029*[#   7]+0.029*[#   9]+0.007*[#   2]+0.007*[#   3]+0.007*[#   4]
          +0.005*[#  15]+0.005*[#  16]+0.005*[#  17]
    |psi|^2 = 0.989
==== e(  15) =     7.74295 eV ==== 
     psi = 0.132*[#  26]+0.132*[#  27]+0.132*[#  29]+0.132*[#  30]+0.132*[#  33]
          +0.132*[#  35]+0.051*[#  20]+0.051*[#  21]+0.051*[#  23]+0.006*[#   6]
          +0.006*[#   7]+0.006*[#   9]+0.006*[#   2]+0.006*[#   3]+0.006*[#   4]
          +0.001*[#  11]+0.001*[#  12]+0.001*[#  13]
    |psi|^2 = 0.986
==== e(  16) =     7.74295 eV ==== 
     psi = 0.132*[#  26]+0.132*[#  27]+0.132*[#  29]+0.132*[#  30]+0.132*[#  33]
          +0.132*[#  35]+0.051*[#  20]+0.051*[#  21]+0.051*[#  23]+0.006*[#   6]
          +0.006*[#   7]+0.006*[#   9]+0.006*[#   2]+0.006*[#   3]+0.006*[#   4]
          +0.001*[#  11]+0.001*[#  12]+0.001*[#  13]
    |psi|^2 = 0.986
==== e(  17) =     7.79973 eV ==== 
     psi = 0.140*[#  26]+0.140*[#  27]+0.140*[#  29]+0.140*[#  30]+0.140*[#  33]
          +0.140*[#  35]+0.075*[#   5]+0.075*[#   8]
    |psi|^2 = 0.992
==== e(  18) =     7.91433 eV ==== 
     psi = 0.127*[#  26]+0.127*[#  27]+0.127*[#  29]+0.127*[#  30]+0.127*[#  33]
          +0.127*[#  35]+0.088*[#  10]+0.019*[#  25]+0.019*[#  31]+0.019*[#  34]
          +0.012*[#  19]+0.012*[#  22]+0.011*[#  24]+0.011*[#  28]+0.011*[#  32]
          +0.009*[#   1]+0.003*[#   2]+0.003*[#   3]+0.003*[#   4]+0.003*[#   5]
          +0.003*[#   8]+0.002*[#  18]
    |psi|^2 = 0.997
==== e(  19) =     8.82484 eV ==== 
     psi = 0.150*[#  25]+0.150*[#  31]+0.150*[#  34]+0.082*[#  26]+0.082*[#  27]
          +0.082*[#  29]+0.082*[#  30]+0.082*[#  33]+0.082*[#  35]+0.007*[#  20]
          +0.007*[#  21]+0.007*[#  23]+0.006*[#   6]+0.006*[#   7]+0.006*[#   9]
          +0.002*[#  11]+0.002*[#  12]+0.002*[#  13]+0.002*[#   2]+0.002*[#   3]
          +0.002*[#   4]+0.001*[#  15]+0.001*[#  16]+0.001*[#  17]
    |psi|^2 = 0.995
==== e(  20) =     8.82484 eV ==== 
     psi = 0.150*[#  25]+0.150*[#  31]+0.150*[#  34]+0.082*[#  26]+0.082*[#  27]
          +0.082*[#  29]+0.082*[#  30]+0.082*[#  33]+0.082*[#  35]+0.007*[#  20]
          +0.007*[#  21]+0.007*[#  23]+0.006*[#   6]+0.006*[#   7]+0.006*[#   9]
          +0.002*[#  11]+0.002*[#  12]+0.002*[#  13]+0.002*[#   2]+0.002*[#   3]
          +0.002*[#   4]+0.001*[#  15]+0.001*[#  16]+0.001*[#  17]
    |psi|^2 = 0.995
==== e(  21) =    11.07598 eV ==== 
     psi = 0.319*[#  20]+0.319*[#  21]+0.319*[#  23]+0.007*[#   6]+0.007*[#   7]
          +0.007*[#   9]
    |psi|^2 = 0.979
==== e(  22) =    12.14651 eV ==== 
     psi = 0.263*[#  20]+0.263*[#  21]+0.263*[#  23]+0.030*[#  26]+0.030*[#  27]
          +0.030*[#  29]+0.030*[#  30]+0.030*[#  33]+0.030*[#  35]+0.005*[#   6]
          +0.005*[#   7]+0.005*[#   9]+0.002*[#  25]+0.002*[#  31]+0.002*[#  34]
          
    |psi|^2 = 0.992
==== e(  23) =    12.14651 eV ==== 
     psi = 0.263*[#  20]+0.263*[#  21]+0.263*[#  23]+0.030*[#  26]+0.030*[#  27]
          +0.030*[#  29]+0.030*[#  30]+0.030*[#  33]+0.030*[#  35]+0.005*[#   6]
          +0.005*[#   7]+0.005*[#   9]+0.002*[#  25]+0.002*[#  31]+0.002*[#  34]
          
    |psi|^2 = 0.992
==== e(  24) =    13.07249 eV ==== 
     psi = 0.459*[#  19]+0.459*[#  22]+0.025*[#  24]+0.025*[#  28]+0.025*[#  32]
          
    |psi|^2 = 0.994
==== e(  25) =    14.45957 eV ==== 
     psi = 0.365*[#  19]+0.365*[#  22]+0.051*[#  25]+0.051*[#  31]+0.051*[#  34]
          +0.028*[#  18]+0.022*[#  24]+0.022*[#  28]+0.022*[#  32]+0.002*[#  11]
          +0.002*[#  12]+0.002*[#  13]+0.002*[#   5]+0.002*[#   8]+0.002*[#   1]
          +0.001*[#  10]+0.001*[#  14]
    |psi|^2 = 0.993
==== e(  26) =    15.54767 eV ==== 
     psi = 0.410*[#   5]+0.410*[#   8]+0.024*[#  26]+0.024*[#  27]+0.024*[#  29]
          +0.024*[#  30]+0.024*[#  33]+0.024*[#  35]+0.006*[#  24]+0.006*[#  28]
          +0.006*[#  32]
    |psi|^2 = 0.985
==== e(  27) =    15.70407 eV ==== 
     psi = 0.408*[#   5]+0.408*[#   8]+0.024*[#  24]+0.024*[#  28]+0.024*[#  32]
          +0.018*[#   1]+0.007*[#  10]+0.006*[#  26]+0.006*[#  27]+0.006*[#  29]
          +0.006*[#  30]+0.006*[#  33]+0.006*[#  35]+0.003*[#  18]+0.003*[#   2]
          +0.003*[#   3]+0.003*[#   4]
    |psi|^2 = 0.961
==== e(  28) =    17.55524 eV ==== 
     psi = 0.322*[#   6]+0.322*[#   7]+0.322*[#   9]+0.007*[#  20]+0.007*[#  21]
          +0.007*[#  23]
    |psi|^2 = 0.988
==== e(  29) =    18.01956 eV ==== 
     psi = 0.379*[#  10]+0.069*[#  24]+0.069*[#  28]+0.069*[#  32]+0.063*[#  11]
          +0.063*[#  12]+0.063*[#  13]+0.024*[#  14]+0.014*[#   1]+0.010*[#  25]
          +0.010*[#  31]+0.010*[#  34]+0.010*[#  26]+0.010*[#  27]+0.010*[#  29]
          +0.010*[#  30]+0.010*[#  33]+0.010*[#  35]+0.008*[#   2]+0.008*[#   3]
          +0.008*[#   4]+0.006*[#  18]+0.006*[#   5]+0.006*[#   8]+0.005*[#  19]
          +0.005*[#  22]
    |psi|^2 = 0.953
==== e(  30) =    18.42731 eV ==== 
     psi = 0.277*[#   6]+0.277*[#   7]+0.277*[#   9]+0.017*[#  26]+0.017*[#  27]
          +0.017*[#  29]+0.017*[#  30]+0.017*[#  33]+0.017*[#  35]+0.007*[#  20]
          +0.007*[#  21]+0.007*[#  23]+0.005*[#  25]+0.005*[#  31]+0.005*[#  34]
          +0.004*[#  11]+0.004*[#  12]+0.004*[#  13]
    |psi|^2 = 0.981
==== e(  31) =    18.42731 eV ==== 
     psi = 0.277*[#   6]+0.277*[#   7]+0.277*[#   9]+0.017*[#  26]+0.017*[#  27]
          +0.017*[#  29]+0.017*[#  30]+0.017*[#  33]+0.017*[#  35]+0.007*[#  20]
          +0.007*[#  21]+0.007*[#  23]+0.005*[#  25]+0.005*[#  31]+0.005*[#  34]
          +0.004*[#  11]+0.004*[#  12]+0.004*[#  13]
    |psi|^2 = 0.981
==== e(  32) =    20.19302 eV ==== 
     psi = 0.097*[#  18]+0.013*[#   5]+0.013*[#   8]+0.009*[#  24]+0.009*[#  28]
          +0.009*[#  32]+0.009*[#  25]+0.009*[#  31]+0.009*[#  34]+0.006*[#  11]
          +0.006*[#  12]+0.006*[#  13]+0.002*[#  19]+0.002*[#  22]+0.002*[#  10]
          
    |psi|^2 = 0.208
==== e(  33) =    20.41624 eV ==== 
     psi = 0.003*[#  20]+0.003*[#  21]+0.003*[#  23]
    |psi|^2 = 0.008
==== e(  34) =    20.58823 eV ==== 
     psi = 0.002*[#   5]+0.002*[#   8]+0.001*[#  26]+0.001*[#  27]+0.001*[#  29]
          +0.001*[#  30]+0.001*[#  33]+0.001*[#  35]
    |psi|^2 = 0.012
==== e(  35) =    20.82594 eV ==== 
     psi = 0.005*[#  11]+0.005*[#  12]+0.005*[#  13]
    |psi|^2 = 0.022

 k =   0.7500000000  0.0000000000  0.0000000000
==== e(   1) =   -46.74949 eV ==== 
     psi = 0.925*[#  14]+0.016*[#  10]+0.015*[#  11]+0.015*[#  12]+0.015*[#  13]
          +0.007*[#  18]+0.001*[#  25]+0.001*[#  31]+0.001*[#  34]
    |psi|^2 = 1.000
==== e(   2) =   -23.29002 eV ==== 
     psi = 0.326*[#  15]+0.326*[#  16]+0.326*[#  17]+0.004*[#  10]+0.003*[#  25]
          +0.003*[#  31]+0.003*[#  34]+0.002*[#  24]+0.002*[#  28]+0.002*[#  32]
          +0.001*[#   5]+0.001*[#   8]
    |psi|^2 = 1.000
==== e(   3) =   -23.26852 eV ==== 
     psi = 0.326*[#  15]+0.326*[#  16]+0.326*[#  17]+0.006*[#  25]+0.006*[#  31]
          +0.006*[#  34]
    |psi|^2 = 1.000
==== e(   4) =   -23.26852 eV ==== 
     psi = 0.326*[#  15]+0.326*[#  16]+0.326*[#  17]+0.006*[#  25]+0.006*[#  31]
          +0.006*[#  34]
    |psi|^2 = 1.000
==== e(   5) =   -15.29249 eV ==== 
     psi = 0.881*[#   1]+0.027*[#  11]+0.027*[#  12]+0.027*[#  13]+0.007*[#   5]
          +0.007*[#   8]+0.007*[#  18]+0.006*[#  10]+0.002*[#  14]
    |psi|^2 = 1.000
==== e(   6) =    -7.10456 eV ==== 
     psi = 0.212*[#  24]+0.212*[#  28]+0.212*[#  32]+0.104*[#  18]+0.085*[#  10]
          +0.034*[#  11]+0.034*[#  12]+0.034*[#  13]+0.028*[#   1]+0.011*[#  14]
          +0.007*[#   2]+0.007*[#   3]+0.007*[#   4]+0.004*[#  19]+0.004*[#  22]
          +0.002*[#   5]+0.002*[#   8]
    |psi|^2 = 1.000
==== e(   7) =    -6.32085 eV ==== 
     psi = 0.298*[#  24]+0.298*[#  28]+0.298*[#  32]+0.038*[#  19]+0.038*[#  22]
          +0.014*[#   5]+0.014*[#   8]
    |psi|^2 = 0.999
==== e(   8) =    -6.27165 eV ==== 
     psi = 0.285*[#  24]+0.285*[#  28]+0.285*[#  32]+0.031*[#   5]+0.031*[#   8]
          +0.021*[#  10]+0.020*[#  19]+0.020*[#  22]+0.006*[#   1]+0.003*[#  15]
          +0.003*[#  16]+0.003*[#  17]+0.002*[#  18]+0.001*[#   2]+0.001*[#   3]
          +0.001*[#   4]
    |psi|^2 = 0.999
==== e(   9) =    -0.41207 eV ==== 
     psi = 0.297*[#   2]+0.297*[#   3]+0.297*[#   4]+0.018*[#  11]+0.018*[#  12]
          +0.018*[#  13]+0.008*[#  26]+0.008*[#  27]+0.008*[#  29]+0.008*[#  30]
          +0.008*[#  33]+0.008*[#  35]+0.001*[#  20]+0.001*[#  21]+0.001*[#  23]
          +0.001*[#  25]+0.001*[#  31]+0.001*[#  34]
    |psi|^2 = 0.999
==== e(  10) =    -0.41207 eV ==== 
     psi = 0.297*[#   2]+0.297*[#   3]+0.297*[#   4]+0.018*[#  11]+0.018*[#  12]
          +0.018*[#  13]+0.008*[#  26]+0.008*[#  27]+0.008*[#  29]+0.008*[#  30]
          +0.008*[#  33]+0.008*[#  35]+0.001*[#  20]+0.001*[#  21]+0.001*[#  23]
          +0.001*[#  25]+0.001*[#  31]+0.001*[#  34]
    |psi|^2 = 0.999
==== e(  11) =    -0.29558 eV ==== 
     psi = 0.302*[#   2]+0.302*[#   3]+0.302*[#   4]+0.014*[#  24]+0.014*[#  28]
          +0.014*[#  32]+0.005*[#   5]+0.005*[#   8]+0.005*[#  26]+0.005*[#  27]
          +0.005*[#  29]+0.005*[#  30]+0.005*[#  33]+0.005*[#  35]+0.002*[#  18]
          +0.002*[#  25]+0.002*[#  31]+0.002*[#  34]+0.001*[#  19]+0.001*[#  22]
          +0.001*[#  10]
    |psi|^2 = 1.000
==== e(  12) =     6.25906 eV ==== 
     psi = 0.220*[#  25]+0.220*[#  31]+0.220*[#  34]+0.070*[#  19]+0.070*[#  22]
          +0.024*[#  18]+0.018*[#  26]+0.018*[#  27]+0.018*[#  29]+0.018*[#  30]
          +0.018*[#  33]+0.018*[#  35]+0.015*[#  10]+0.007*[#   2]+0.007*[#   3]
          +0.007*[#   4]+0.003*[#  11]+0.003*[#  12]+0.003*[#  13]+0.003*[#  15]
          +0.003*[#  16]+0.003*[#  17]+0.002*[#  14]
    |psi|^2 = 0.995
==== e(  13) =     6.91546 eV ==== 
     psi = 0.176*[#  25]+0.176*[#  31]+0.176*[#  34]+0.058*[#  26]+0.058*[#  27]
          +0.058*[#  29]+0.058*[#  30]+0.058*[#  33]+0.058*[#  35]+0.021*[#   6]
          +0.021*[#   7]+0.021*[#   9]+0.009*[#   2]+0.009*[#   3]+0.009*[#   4]
          +0.005*[#  15]+0.005*[#  16]+0.005*[#  17]
    |psi|^2 = 0.987
==== e(  14) =     6.91546 eV ==== 
     psi = 0.176*[#  25]+0.176*[#  31]+0.176*[#  34]+0.058*[#  26]+0.058*[#  27]
          +0.058*[#  29]+0.058*[#  30]+0.058*[#  33]+0.058*[#  35]+0.021*[#   6]
          +0.021*[#   7]+0.021*[#   9]+0.009*[#   2]+0.009*[#   3]+0.009*[#   4]
          +0.005*[#  15]+0.005*[#  16]+0.005*[#  17]
    |psi|^2 = 0.987
==== e(  15) =     7.84142 eV ==== 
     psi = 0.137*[#  26]+0.137*[#  27]+0.137*[#  29]+0.137*[#  30]+0.137*[#  33]
          +0.137*[#  35]+0.042*[#  20]+0.042*[#  21]+0.042*[#  23]+0.008*[#   6]
          +0.008*[#   7]+0.008*[#   9]+0.003*[#   2]+0.003*[#   3]+0.003*[#   4]
          
    |psi|^2 = 0.986
==== e(  16) =     7.84142 eV ==== 
     psi = 0.137*[#  26]+0.137*[#  27]+0.137*[#  29]+0.137*[#  30]+0.137*[#  33]
          +0.137*[#  35]+0.042*[#  20]+0.042*[#  21]+0.042*[#  23]+0.008*[#   6]
          +0.008*[#   7]+0.008*[#   9]+0.003*[#   2]+0.003*[#   3]+0.003*[#   4]
          
    |psi|^2 = 0.986
==== e(  17) =     7.91241 eV ==== 
     psi = 0.144*[#  26]+0.144*[#  27]+0.144*[#  29]+0.144*[#  30]+0.144*[#  33]
          +0.144*[#  35]+0.060*[#   5]+0.060*[#   8]
    |psi|^2 = 0.990
==== e(  18) =     8.15106 eV ==== 
     psi = 0.123*[#  26]+0.123*[#  27]+0.123*[#  29]+0.123*[#  30]+0.123*[#  33]
          +0.123*[#  35]+0.072*[#  10]+0.032*[#  25]+0.032*[#  31]+0.032*[#  34]
          +0.017*[#  19]+0.017*[#  22]+0.010*[#  24]+0.010*[#  28]+0.010*[#  32]
          +0.006*[#   1]+0.004*[#   2]+0.004*[#   3]+0.004*[#   4]+0.003*[#  18]
          +0.002*[#   5]+0.002*[#   8]+0.001*[#  14]
    |psi|^2 = 0.997
==== e(  19) =     8.89932 eV ==== 
     psi = 0.140*[#  25]+0.140*[#  31]+0.140*[#  34]+0.086*[#  26]+0.086*[#  27]
          +0.086*[#  29]+0.086*[#  30]+0.086*[#  33]+0.086*[#  35]+0.009*[#  20]
          +0.009*[#  21]+0.009*[#  23]+0.004*[#   6]+0.004*[#   7]+0.004*[#   9]
          +0.003*[#  11]+0.003*[#  12]+0.003*[#  13]+0.003*[#   2]+0.003*[#   3]
          +0.003*[#   4]+0.001*[#  15]+0.001*[#  16]+0.001*[#  17]
    |psi|^2 = 0.995
==== e(  20) =     8.89932 eV ==== 
     psi = 0.140*[#  25]+0.140*[#  31]+0.140*[#  34]+0.086*[#  26]+0.086*[#  27]
          +0.086*[#  29]+0.086*[#  30]+0.086*[#  33]+0.086*[#  35]+0.009*[#  20]
          +0.009*[#  21]+0.009*[#  23]+0.004*[#   6]+0.004*[#   7]+0.004*[#   9]
          +0.003*[#  11]+0.003*[#  12]+0.003*[#  13]+0.003*[#   2]+0.003*[#   3]
          +0.003*[#   4]+0.001*[#  15]+0.001*[#  16]+0.001*[#  17]
    |psi|^2 = 0.995
==== e(  21) =    11.05636 eV ==== 
     psi = 0.317*[#  20]+0.317*[#  21]+0.317*[#  23]+0.010*[#   6]+0.010*[#   7]
          +0.010*[#   9]
    |psi|^2 = 0.981
==== e(  22) =    11.90930 eV ==== 
     psi = 0.267*[#  20]+0.267*[#  21]+0.267*[#  23]+0.026*[#  26]+0.026*[#  27]
          +0.026*[#  29]+0.026*[#  30]+0.026*[#  33]+0.026*[#  35]+0.007*[#   6]
          +0.007*[#   7]+0.007*[#   9]+0.003*[#  25]+0.003*[#  31]+0.003*[#  34]
          
    |psi|^2 = 0.990
==== e(  23) =    11.90930 eV ==== 
     psi = 0.267*[#  20]+0.267*[#  21]+0.267*[#  23]+0.026*[#  26]+0.026*[#  27]
          +0.026*[#  29]+0.026*[#  30]+0.026*[#  33]+0.026*[#  35]+0.007*[#   6]
          +0.007*[#   7]+0.007*[#   9]+0.003*[#  25]+0.003*[#  31]+0.003*[#  34]
          
    |psi|^2 = 0.990
==== e(  24) =    13.07181 eV ==== 
     psi = 0.460*[#  19]+0.460*[#  22]+0.025*[#  24]+0.025*[#  28]+0.025*[#  32]
          
    |psi|^2 = 0.994
==== e(  25) =    14.20415 eV ==== 
     psi = 0.379*[#  19]+0.379*[#  22]+0.047*[#  25]+0.047*[#  31]+0.047*[#  34]
          +0.021*[#  24]+0.021*[#  28]+0.021*[#  32]+0.018*[#  18]+0.002*[#   5]
          +0.002*[#   8]+0.001*[#   1]+0.002*[#  11]+0.002*[#  12]+0.002*[#  13]
          +0.001*[#  10]
    |psi|^2 = 0.993
==== e(  26) =    15.25013 eV ==== 
     psi = 0.421*[#   5]+0.421*[#   8]+0.020*[#  26]+0.020*[#  27]+0.020*[#  29]
          +0.020*[#  30]+0.020*[#  33]+0.020*[#  35]+0.009*[#  24]+0.009*[#  28]
          +0.009*[#  32]
    |psi|^2 = 0.986
==== e(  27) =    15.34063 eV ==== 
     psi = 0.425*[#   5]+0.425*[#   8]+0.023*[#  24]+0.023*[#  28]+0.023*[#  32]
          +0.011*[#   1]+0.003*[#  26]+0.003*[#  27]+0.003*[#  29]+0.003*[#  30]
          +0.003*[#  33]+0.003*[#  35]+0.003*[#   2]+0.003*[#   3]+0.003*[#   4]
          +0.003*[#  10]+0.003*[#  18]
    |psi|^2 = 0.967
==== e(  28) =    17.50865 eV ==== 
     psi = 0.412*[#  10]+0.080*[#  24]+0.080*[#  28]+0.080*[#  32]+0.052*[#  11]
          +0.052*[#  12]+0.052*[#  13]+0.022*[#  14]+0.022*[#   1]+0.016*[#  18]
          +0.009*[#  25]+0.009*[#  26]+0.009*[#  27]+0.009*[#  29]+0.009*[#  30]
          +0.009*[#  31]+0.009*[#  33]+0.009*[#  34]+0.009*[#  35]+0.006*[#   2]
          +0.006*[#   3]+0.006*[#   4]+0.005*[#   5]+0.005*[#   8]+0.004*[#  19]
          +0.004*[#  22]
    |psi|^2 = 0.983
==== e(  29) =    17.60263 eV ==== 
     psi = 0.319*[#   6]+0.319*[#   7]+0.319*[#   9]+0.010*[#  20]+0.010*[#  21]
          +0.010*[#  23]
    |psi|^2 = 0.989
==== e(  30) =    18.27165 eV ==== 
     psi = 0.283*[#   6]+0.283*[#   7]+0.283*[#   9]+0.013*[#  26]+0.013*[#  27]
          +0.013*[#  29]+0.013*[#  30]+0.013*[#  33]+0.013*[#  35]+0.011*[#  20]
          +0.011*[#  21]+0.011*[#  23]+0.004*[#  11]+0.004*[#  12]+0.004*[#  13]
          +0.004*[#  25]+0.004*[#  31]+0.004*[#  34]
    |psi|^2 = 0.981
==== e(  31) =    18.27165 eV ==== 
     psi = 0.283*[#   6]+0.283*[#   7]+0.283*[#   9]+0.013*[#  26]+0.013*[#  27]
          +0.013*[#  29]+0.013*[#  30]+0.013*[#  33]+0.013*[#  35]+0.011*[#  20]
          +0.011*[#  21]+0.011*[#  23]+0.004*[#  11]+0.004*[#  12]+0.004*[#  13]
          +0.004*[#  25]+0.004*[#  31]+0.004*[#  34]
    |psi|^2 = 0.981
==== e(  32) =    20.34232 eV ==== 
     psi = 0.077*[#  18]+0.013*[#  10]+0.009*[#   5]+0.009*[#   8]+0.006*[#  11]
          +0.006*[#  12]+0.006*[#  13]+0.005*[#  24]+0.005*[#  28]+0.005*[#  32]
          +0.005*[#  25]+0.005*[#  31]+0.005*[#  34]+0.002*[#   1]+0.001*[#  19]
          +0.001*[#  22]+0.001*[#  26]+0.001*[#  27]+0.001*[#  29]+0.001*[#  30]
          +0.001*[#  33]+0.001*[#  35]
    |psi|^2 = 0.168
==== e(  33) =    20.42399 eV ==== 
     psi = 0.002*[#  20]+0.002*[#  21]+0.002*[#  23]
    |psi|^2 = 0.006
==== e(  34) =    20.69081 eV ==== 
     psi = 0.002*[#  26]+0.002*[#  27]+0.002*[#  29]+0.002*[#  30]+0.002*[#  33]
          +0.002*[#  35]+0.001*[#   5]+0.001*[#   8]
    |psi|^2 = 0.013
==== e(  35) =    20.82086 eV ==== 
     psi = 0.006*[#  11]+0.006*[#  12]+0.006*[#  13]
    |psi|^2 = 0.027

 k =   0.8000000000  0.0000000000  0.0000000000
==== e(   1) =   -46.74958 eV ==== 
     psi = 0.932*[#  14]+0.025*[#  10]+0.011*[#  11]+0.011*[#  12]+0.011*[#  13]
          +0.006*[#  18]
    |psi|^2 = 1.000
==== e(   2) =   -23.28366 eV ==== 
     psi = 0.326*[#  15]+0.326*[#  16]+0.326*[#  17]+0.004*[#  25]+0.004*[#  31]
          +0.004*[#  34]+0.003*[#  10]+0.001*[#  24]+0.001*[#  28]+0.001*[#  32]
          
    |psi|^2 = 1.000
==== e(   3) =   -23.26879 eV ==== 
     psi = 0.326*[#  15]+0.326*[#  16]+0.326*[#  17]+0.006*[#  25]+0.006*[#  31]
          +0.006*[#  34]
    |psi|^2 = 1.000
==== e(   4) =   -23.26879 eV ==== 
     psi = 0.326*[#  15]+0.326*[#  16]+0.326*[#  17]+0.006*[#  25]+0.006*[#  31]
          +0.006*[#  34]
    |psi|^2 = 1.000
==== e(   5) =   -15.30723 eV ==== 
     psi = 0.879*[#   1]+0.028*[#  11]+0.028*[#  12]+0.028*[#  13]+0.012*[#  10]
          +0.012*[#  18]+0.004*[#   5]+0.004*[#   8]+0.002*[#  14]
    |psi|^2 = 1.000
==== e(   6) =    -7.07915 eV ==== 
     psi = 0.213*[#  24]+0.213*[#  28]+0.213*[#  32]+0.116*[#  10]+0.110*[#  18]
          +0.035*[#   1]+0.022*[#  11]+0.022*[#  12]+0.022*[#  13]+0.010*[#  14]
          +0.004*[#   2]+0.004*[#   3]+0.004*[#   4]+0.002*[#  19]+0.002*[#  22]
          +0.001*[#   5]+0.001*[#   8]
    |psi|^2 = 1.000
==== e(   7) =    -6.32634 eV ==== 
     psi = 0.296*[#  24]+0.296*[#  28]+0.296*[#  32]+0.037*[#  19]+0.037*[#  22]
          +0.018*[#   5]+0.018*[#   8]
    |psi|^2 = 0.999
==== e(   8) =    -6.30594 eV ==== 
     psi = 0.287*[#  24]+0.287*[#  28]+0.287*[#  32]+0.031*[#   5]+0.031*[#   8]
          +0.026*[#  19]+0.026*[#  22]+0.011*[#  10]+0.003*[#   1]+0.002*[#  15]
          +0.002*[#  16]+0.002*[#  17]+0.001*[#   2]+0.001*[#   3]+0.001*[#   4]
          
    |psi|^2 = 0.999
==== e(   9) =    -0.43548 eV ==== 
     psi = 0.296*[#   2]+0.296*[#   3]+0.296*[#   4]+0.018*[#  11]+0.018*[#  12]
          +0.018*[#  13]+0.008*[#  26]+0.008*[#  27]+0.008*[#  29]+0.008*[#  30]
          +0.008*[#  33]+0.008*[#  35]+0.001*[#  25]+0.001*[#  31]+0.001*[#  34]
          
    |psi|^2 = 0.999
==== e(  10) =    -0.43548 eV ==== 
     psi = 0.296*[#   2]+0.296*[#   3]+0.296*[#   4]+0.018*[#  11]+0.018*[#  12]
          +0.018*[#  13]+0.008*[#  26]+0.008*[#  27]+0.008*[#  29]+0.008*[#  30]
          +0.008*[#  33]+0.008*[#  35]+0.001*[#  25]+0.001*[#  31]+0.001*[#  34]
          
    |psi|^2 = 0.999
==== e(  11) =    -0.35404 eV ==== 
     psi = 0.301*[#   2]+0.301*[#   3]+0.301*[#   4]+0.010*[#  24]+0.010*[#  28]
          +0.010*[#  32]+0.006*[#  26]+0.006*[#  27]+0.006*[#  29]+0.006*[#  30]
          +0.006*[#  33]+0.006*[#  35]+0.005*[#   5]+0.005*[#   8]+0.002*[#  11]
          +0.002*[#  12]+0.002*[#  13]+0.002*[#  18]+0.002*[#  25]+0.002*[#  31]
          +0.002*[#  34]+0.002*[#  10]
    |psi|^2 = 1.000
==== e(  12) =     6.50466 eV ==== 
     psi = 0.217*[#  25]+0.217*[#  31]+0.217*[#  34]+0.049*[#  19]+0.049*[#  22]
          +0.027*[#  26]+0.027*[#  27]+0.027*[#  29]+0.027*[#  30]+0.027*[#  33]
          +0.027*[#  35]+0.017*[#  18]+0.015*[#  10]+0.008*[#   2]+0.008*[#   3]
          +0.008*[#   4]+0.004*[#  15]+0.004*[#  16]+0.004*[#  17]+0.003*[#  11]
          +0.003*[#  12]+0.003*[#  13]+0.001*[#  14]
    |psi|^2 = 0.993
==== e(  13) =     6.97155 eV ==== 
     psi = 0.185*[#  25]+0.185*[#  31]+0.185*[#  34]+0.056*[#  26]+0.056*[#  27]
          +0.056*[#  29]+0.056*[#  30]+0.056*[#  33]+0.056*[#  35]+0.013*[#   6]
          +0.013*[#   7]+0.013*[#   9]+0.012*[#   2]+0.012*[#   3]+0.012*[#   4]
          +0.006*[#  15]+0.006*[#  16]+0.006*[#  17]
    |psi|^2 = 0.986
==== e(  14) =     6.97155 eV ==== 
     psi = 0.185*[#  25]+0.185*[#  31]+0.185*[#  34]+0.056*[#  26]+0.056*[#  27]
          +0.056*[#  29]+0.056*[#  30]+0.056*[#  33]+0.056*[#  35]+0.013*[#   6]
          +0.013*[#   7]+0.013*[#   9]+0.012*[#   2]+0.012*[#   3]+0.012*[#   4]
          +0.006*[#  15]+0.006*[#  16]+0.006*[#  17]
    |psi|^2 = 0.986
==== e(  15) =     7.96108 eV ==== 
     psi = 0.143*[#  26]+0.143*[#  27]+0.143*[#  29]+0.143*[#  30]+0.143*[#  33]
          +0.143*[#  35]+0.032*[#  20]+0.032*[#  21]+0.032*[#  23]+0.009*[#   6]
          +0.009*[#   7]+0.009*[#   9]+0.002*[#   2]+0.002*[#   3]+0.002*[#   4]
          
    |psi|^2 = 0.985
==== e(  16) =     7.96108 eV ==== 
     psi = 0.143*[#  26]+0.143*[#  27]+0.143*[#  29]+0.143*[#  30]+0.143*[#  33]
          +0.143*[#  35]+0.032*[#  20]+0.032*[#  21]+0.032*[#  23]+0.009*[#   6]
          +0.009*[#   7]+0.009*[#   9]+0.002*[#   2]+0.002*[#   3]+0.002*[#   4]
          
    |psi|^2 = 0.985
==== e(  17) =     8.03117 eV ==== 
     psi = 0.150*[#  26]+0.150*[#  27]+0.150*[#  29]+0.150*[#  30]+0.150*[#  33]
          +0.150*[#  35]+0.044*[#   5]+0.044*[#   8]
    |psi|^2 = 0.987
==== e(  18) =     8.41860 eV ==== 
     psi = 0.117*[#  26]+0.117*[#  27]+0.117*[#  29]+0.117*[#  30]+0.117*[#  33]
          +0.117*[#  35]+0.053*[#  10]+0.050*[#  25]+0.050*[#  31]+0.050*[#  34]
          +0.020*[#  19]+0.020*[#  22]+0.008*[#  24]+0.008*[#  28]+0.008*[#  32]
          +0.005*[#   2]+0.005*[#   3]+0.005*[#   4]+0.004*[#   1]+0.003*[#  18]
          +0.001*[#  11]+0.001*[#  12]+0.001*[#  13]+0.001*[#  14]
    |psi|^2 = 0.996
==== e(  19) =     8.98039 eV ==== 
     psi = 0.132*[#  25]+0.132*[#  31]+0.132*[#  34]+0.089*[#  26]+0.089*[#  27]
          +0.089*[#  29]+0.089*[#  30]+0.089*[#  33]+0.089*[#  35]+0.010*[#  20]
          +0.010*[#  21]+0.010*[#  23]+0.004*[#   2]+0.004*[#   3]+0.004*[#   4]
          +0.004*[#  11]+0.004*[#  12]+0.004*[#  13]+0.003*[#   6]+0.003*[#   7]
          +0.003*[#   9]+0.001*[#  15]+0.001*[#  16]+0.001*[#  17]
    |psi|^2 = 0.995
==== e(  20) =     8.98039 eV ==== 
     psi = 0.132*[#  25]+0.132*[#  31]+0.132*[#  34]+0.089*[#  26]+0.089*[#  27]
          +0.089*[#  29]+0.089*[#  30]+0.089*[#  33]+0.089*[#  35]+0.010*[#  20]
          +0.010*[#  21]+0.010*[#  23]+0.004*[#   2]+0.004*[#   3]+0.004*[#   4]
          +0.004*[#  11]+0.004*[#  12]+0.004*[#  13]+0.003*[#   6]+0.003*[#   7]
          +0.003*[#   9]+0.001*[#  15]+0.001*[#  16]+0.001*[#  17]
    |psi|^2 = 0.995
==== e(  21) =    11.03695 eV ==== 
     psi = 0.315*[#  20]+0.315*[#  21]+0.315*[#  23]+0.013*[#   6]+0.013*[#   7]
          +0.013*[#   9]
    |psi|^2 = 0.983
==== e(  22) =    11.65742 eV ==== 
     psi = 0.273*[#  20]+0.273*[#  21]+0.273*[#  23]+0.022*[#  26]+0.022*[#  27]
          +0.022*[#  29]+0.022*[#  30]+0.022*[#  33]+0.022*[#  35]+0.010*[#   6]
          +0.010*[#   7]+0.010*[#   9]+0.003*[#  25]+0.003*[#  31]+0.003*[#  34]
          
    |psi|^2 = 0.989
==== e(  23) =    11.65742 eV ==== 
     psi = 0.273*[#  20]+0.273*[#  21]+0.273*[#  23]+0.022*[#  26]+0.022*[#  27]
          +0.022*[#  29]+0.022*[#  30]+0.022*[#  33]+0.022*[#  35]+0.010*[#   6]
          +0.010*[#   7]+0.010*[#   9]+0.003*[#  25]+0.003*[#  31]+0.003*[#  34]
          
    |psi|^2 = 0.989
==== e(  24) =    13.07114 eV ==== 
     psi = 0.460*[#  19]+0.460*[#  22]+0.024*[#  24]+0.024*[#  28]+0.024*[#  32]
          
    |psi|^2 = 0.995
==== e(  25) =    13.91596 eV ==== 
     psi = 0.396*[#  19]+0.396*[#  22]+0.040*[#  25]+0.040*[#  31]+0.040*[#  34]
          +0.020*[#  24]+0.020*[#  28]+0.020*[#  32]+0.010*[#  18]+0.002*[#   5]
          +0.002*[#   8]+0.001*[#  10]+0.001*[#   1]
    |psi|^2 = 0.993
==== e(  26) =    14.95969 eV ==== 
     psi = 0.433*[#   5]+0.433*[#   8]+0.014*[#  26]+0.014*[#  27]+0.014*[#  29]
          +0.014*[#  30]+0.014*[#  33]+0.014*[#  35]+0.012*[#  24]+0.012*[#  28]
          +0.012*[#  32]
    |psi|^2 = 0.987
==== e(  27) =    15.00512 eV ==== 
     psi = 0.440*[#   5]+0.440*[#   8]+0.021*[#  24]+0.021*[#  28]+0.021*[#  32]
          +0.006*[#   1]+0.003*[#   2]+0.003*[#   3]+0.003*[#   4]+0.002*[#  26]
          +0.002*[#  27]+0.002*[#  29]+0.002*[#  30]+0.002*[#  33]+0.002*[#  35]
          +0.002*[#  18]+0.001*[#  10]
    |psi|^2 = 0.973
==== e(  28) =    17.04676 eV ==== 
     psi = 0.446*[#  10]+0.089*[#  24]+0.089*[#  28]+0.089*[#  32]+0.040*[#  11]
          +0.040*[#  12]+0.040*[#  13]+0.029*[#   1]+0.025*[#  18]+0.022*[#  14]
          +0.007*[#  26]+0.007*[#  27]+0.007*[#  29]+0.007*[#  30]+0.007*[#  33]
          +0.007*[#  35]+0.006*[#  25]+0.006*[#  31]+0.006*[#  34]+0.004*[#   2]
          +0.004*[#   3]+0.004*[#   4]+0.003*[#   5]+0.003*[#   8]+0.002*[#  19]
          +0.002*[#  22]
    |psi|^2 = 0.992
==== e(  29) =    17.64979 eV ==== 
     psi = 0.316*[#   6]+0.316*[#   7]+0.316*[#   9]+0.013*[#  20]+0.013*[#  21]
          +0.013*[#  23]
    |psi|^2 = 0.990
==== e(  30) =    18.11409 eV ==== 
     psi = 0.290*[#   6]+0.290*[#   7]+0.290*[#   9]+0.014*[#  20]+0.014*[#  21]
          +0.014*[#  23]+0.009*[#  26]+0.009*[#  27]+0.009*[#  29]+0.009*[#  30]
          +0.009*[#  33]+0.009*[#  35]+0.003*[#  11]+0.003*[#  12]+0.003*[#  13]
          +0.003*[#  25]+0.003*[#  31]+0.003*[#  34]
    |psi|^2 = 0.982
==== e(  31) =    18.11409 eV ==== 
     psi = 0.290*[#   6]+0.290*[#   7]+0.290*[#   9]+0.014*[#  20]+0.014*[#  21]
          +0.014*[#  23]+0.009*[#  26]+0.009*[#  27]+0.009*[#  29]+0.009*[#  30]
          +0.009*[#  33]+0.009*[#  35]+0.003*[#  11]+0.003*[#  12]+0.003*[#  13]
          +0.003*[#  25]+0.003*[#  31]+0.003*[#  34]
    |psi|^2 = 0.982
==== e(  32) =    20.43193 eV ==== 
     psi = 0.001*[#  20]+0.001*[#  21]+0.001*[#  23]
    |psi|^2 = 0.004
==== e(  33) =    20.49196 eV ==== 
     psi = 0.059*[#  18]+0.021*[#  10]+0.007*[#  11]+0.007*[#  12]+0.007*[#  13]
          +0.006*[#   5]+0.006*[#   8]+0.003*[#  24]+0.003*[#  28]+0.003*[#  32]
          +0.003*[#  25]+0.003*[#  31]+0.003*[#  34]+0.002*[#   1]+0.001*[#  26]
          +0.001*[#  27]+0.001*[#  29]+0.001*[#  30]+0.001*[#  33]+0.001*[#  35]
          
    |psi|^2 = 0.143
==== e(  34) =    20.78159 eV ==== 
     psi = 0.002*[#  26]+0.002*[#  27]+0.002*[#  29]+0.002*[#  30]+0.002*[#  33]
          +0.002*[#  35]
    |psi|^2 = 0.012
==== e(  35) =    20.81587 eV ==== 
     psi = 0.006*[#  11]+0.006*[#  12]+0.006*[#  13]
    |psi|^2 = 0.029

 k =   0.8500000000  0.0000000000  0.0000000000
==== e(   1) =   -46.74966 eV ==== 
     psi = 0.938*[#  14]+0.034*[#  10]+0.007*[#  11]+0.007*[#  12]+0.007*[#  13]
          +0.005*[#  18]
    |psi|^2 = 1.000
==== e(   2) =   -23.27791 eV ==== 
     psi = 0.326*[#  15]+0.326*[#  16]+0.326*[#  17]+0.005*[#  25]+0.005*[#  31]
          +0.005*[#  34]+0.001*[#  10]
    |psi|^2 = 1.000
==== e(   3) =   -23.26903 eV ==== 
     psi = 0.326*[#  15]+0.326*[#  16]+0.326*[#  17]+0.006*[#  25]+0.006*[#  31]
          +0.006*[#  34]
    |psi|^2 = 1.000
==== e(   4) =   -23.26903 eV ==== 
     psi = 0.326*[#  15]+0.326*[#  16]+0.326*[#  17]+0.006*[#  25]+0.006*[#  31]
          +0.006*[#  34]
    |psi|^2 = 1.000
==== e(   5) =   -15.32044 eV ==== 
     psi = 0.885*[#   1]+0.023*[#  10]+0.022*[#  11]+0.022*[#  12]+0.022*[#  13]
          +0.017*[#  18]+0.001*[#  14]+0.001*[#   5]+0.001*[#   8]
    |psi|^2 = 1.000
==== e(   6) =    -7.06412 eV ==== 
     psi = 0.214*[#  24]+0.214*[#  28]+0.214*[#  32]+0.142*[#  10]+0.116*[#  18]
          +0.041*[#   1]+0.012*[#  11]+0.012*[#  12]+0.012*[#  13]+0.010*[#  14]
          +0.002*[#   2]+0.002*[#   3]+0.002*[#   4]
    |psi|^2 = 1.000
==== e(   7) =    -6.33129 eV ==== 
     psi = 0.294*[#  24]+0.294*[#  28]+0.294*[#  32]+0.037*[#  19]+0.037*[#  22]
          +0.022*[#   5]+0.022*[#   8]
    |psi|^2 = 0.999
==== e(   8) =    -6.32699 eV ==== 
     psi = 0.288*[#  24]+0.288*[#  28]+0.288*[#  32]+0.031*[#  19]+0.031*[#  22]
          +0.030*[#   5]+0.030*[#   8]+0.004*[#  10]+0.001*[#   1]+0.001*[#   2]
          +0.001*[#   3]+0.001*[#   4]
    |psi|^2 = 0.999
==== e(   9) =    -0.45633 eV ==== 
     psi = 0.295*[#   2]+0.295*[#   3]+0.295*[#   4]+0.018*[#  11]+0.018*[#  12]
          +0.018*[#  13]+0.009*[#  26]+0.009*[#  27]+0.009*[#  29]+0.009*[#  30]
          +0.009*[#  33]+0.009*[#  35]+0.002*[#  25]+0.002*[#  31]+0.002*[#  34]
          
    |psi|^2 = 0.999
==== e(  10) =    -0.45633 eV ==== 
     psi = 0.295*[#   2]+0.295*[#   3]+0.295*[#   4]+0.018*[#  11]+0.018*[#  12]
          +0.018*[#  13]+0.009*[#  26]+0.009*[#  27]+0.009*[#  29]+0.009*[#  30]
          +0.009*[#  33]+0.009*[#  35]+0.002*[#  25]+0.002*[#  31]+0.002*[#  34]
          
    |psi|^2 = 0.999
==== e(  11) =    -0.40722 eV ==== 
     psi = 0.300*[#   2]+0.300*[#   3]+0.300*[#   4]+0.008*[#  26]+0.008*[#  27]
          +0.008*[#  29]+0.008*[#  30]+0.008*[#  33]+0.008*[#  35]+0.006*[#  24]
          +0.006*[#  28]+0.006*[#  32]+0.006*[#  11]+0.006*[#  12]+0.006*[#  13]
          +0.004*[#   5]+0.004*[#   8]+0.002*[#  25]+0.002*[#  31]+0.002*[#  34]
          +0.002*[#  10]+0.001*[#  18]
    |psi|^2 = 1.000
==== e(  12) =     6.72934 eV ==== 
     psi = 0.212*[#  25]+0.212*[#  31]+0.212*[#  34]+0.036*[#  26]+0.036*[#  27]
          +0.036*[#  29]+0.036*[#  30]+0.036*[#  33]+0.036*[#  35]+0.029*[#  19]
          +0.029*[#  22]+0.011*[#  10]+0.011*[#  18]+0.010*[#   2]+0.010*[#   3]
          +0.010*[#   4]+0.005*[#  15]+0.005*[#  16]+0.005*[#  17]+0.003*[#  11]
          +0.003*[#  12]+0.003*[#  13]
    |psi|^2 = 0.989
==== e(  13) =     7.01467 eV ==== 
     psi = 0.192*[#  25]+0.192*[#  31]+0.192*[#  34]+0.054*[#  26]+0.054*[#  27]
          +0.054*[#  29]+0.054*[#  30]+0.054*[#  33]+0.054*[#  35]+0.013*[#   2]
          +0.013*[#   3]+0.013*[#   4]+0.007*[#   6]+0.007*[#   7]+0.007*[#   9]
          +0.006*[#  15]+0.006*[#  16]+0.006*[#  17]
    |psi|^2 = 0.984
==== e(  14) =     7.01467 eV ==== 
     psi = 0.192*[#  25]+0.192*[#  31]+0.192*[#  34]+0.054*[#  26]+0.054*[#  27]
          +0.054*[#  29]+0.054*[#  30]+0.054*[#  33]+0.054*[#  35]+0.013*[#   2]
          +0.013*[#   3]+0.013*[#   4]+0.007*[#   6]+0.007*[#   7]+0.007*[#   9]
          +0.006*[#  15]+0.006*[#  16]+0.006*[#  17]
    |psi|^2 = 0.984
==== e(  15) =     8.08997 eV ==== 
     psi = 0.150*[#  26]+0.150*[#  27]+0.150*[#  29]+0.150*[#  30]+0.150*[#  33]
          +0.150*[#  35]+0.021*[#  20]+0.021*[#  21]+0.021*[#  23]+0.007*[#   6]
          +0.007*[#   7]+0.007*[#   9]
    |psi|^2 = 0.984
==== e(  16) =     8.08997 eV ==== 
     psi = 0.150*[#  26]+0.150*[#  27]+0.150*[#  29]+0.150*[#  30]+0.150*[#  33]
          +0.150*[#  35]+0.021*[#  20]+0.021*[#  21]+0.021*[#  23]+0.007*[#   6]
          +0.007*[#   7]+0.007*[#   9]
    |psi|^2 = 0.984
==== e(  17) =     8.14423 eV ==== 
     psi = 0.155*[#  26]+0.155*[#  27]+0.155*[#  29]+0.155*[#  30]+0.155*[#  33]
          +0.155*[#  35]+0.027*[#   5]+0.027*[#   8]
    |psi|^2 = 0.985
==== e(  18) =     8.69688 eV ==== 
     psi = 0.111*[#  26]+0.111*[#  27]+0.111*[#  29]+0.111*[#  30]+0.111*[#  33]
          +0.111*[#  35]+0.071*[#  25]+0.071*[#  31]+0.071*[#  34]+0.033*[#  10]
          +0.019*[#  19]+0.019*[#  22]+0.006*[#  24]+0.006*[#  28]+0.006*[#  32]
          +0.005*[#   2]+0.005*[#   3]+0.005*[#   4]+0.003*[#  18]+0.002*[#   1]
          +0.002*[#  11]+0.002*[#  12]+0.002*[#  13]+0.001*[#  14]
    |psi|^2 = 0.996
==== e(  19) =     9.06195 eV ==== 
     psi = 0.125*[#  25]+0.125*[#  31]+0.125*[#  34]+0.093*[#  26]+0.093*[#  27]
          +0.093*[#  29]+0.093*[#  30]+0.093*[#  33]+0.093*[#  35]+0.010*[#  20]
          +0.010*[#  21]+0.010*[#  23]+0.004*[#   2]+0.004*[#   3]+0.004*[#   4]
          +0.004*[#  11]+0.004*[#  12]+0.004*[#  13]+0.001*[#   6]+0.001*[#   7]
          +0.001*[#   9]
    |psi|^2 = 0.995
==== e(  20) =     9.06195 eV ==== 
     psi = 0.125*[#  25]+0.125*[#  31]+0.125*[#  34]+0.093*[#  26]+0.093*[#  27]
          +0.093*[#  29]+0.093*[#  30]+0.093*[#  33]+0.093*[#  35]+0.010*[#  20]
          +0.010*[#  21]+0.010*[#  23]+0.004*[#   2]+0.004*[#   3]+0.004*[#   4]
          +0.004*[#  11]+0.004*[#  12]+0.004*[#  13]+0.001*[#   6]+0.001*[#   7]
          +0.001*[#   9]
    |psi|^2 = 0.995
==== e(  21) =    11.01964 eV ==== 
     psi = 0.313*[#  20]+0.313*[#  21]+0.313*[#  23]+0.016*[#   6]+0.016*[#   7]
          +0.016*[#   9]
    |psi|^2 = 0.985
==== e(  22) =    11.41183 eV ==== 
     psi = 0.282*[#  20]+0.282*[#  21]+0.282*[#  23]+0.016*[#  26]+0.016*[#  27]
          +0.016*[#  29]+0.016*[#  30]+0.016*[#  33]+0.016*[#  35]+0.013*[#   6]
          +0.013*[#   7]+0.013*[#   9]+0.003*[#  25]+0.003*[#  31]+0.003*[#  34]
          
    |psi|^2 = 0.988
==== e(  23) =    11.41183 eV ==== 
     psi = 0.282*[#  20]+0.282*[#  21]+0.282*[#  23]+0.016*[#  26]+0.016*[#  27]
          +0.016*[#  29]+0.016*[#  30]+0.016*[#  33]+0.016*[#  35]+0.013*[#   6]
          +0.013*[#   7]+0.013*[#   9]+0.003*[#  25]+0.003*[#  31]+0.003*[#  34]
          
    |psi|^2 = 0.988
==== e(  24) =    13.07052 eV ==== 
     psi = 0.461*[#  19]+0.461*[#  22]+0.024*[#  24]+0.024*[#  28]+0.024*[#  32]
          
    |psi|^2 = 0.995
==== e(  25) =    13.61728 eV ==== 
     psi = 0.416*[#  19]+0.416*[#  22]+0.030*[#  25]+0.030*[#  31]+0.030*[#  34]
          +0.020*[#  24]+0.020*[#  28]+0.020*[#  32]+0.004*[#  18]+0.001*[#   5]
          +0.001*[#   8]
    |psi|^2 = 0.994
==== e(  26) =    14.70110 eV ==== 
     psi = 0.446*[#   5]+0.446*[#   8]+0.014*[#  24]+0.014*[#  28]+0.014*[#  32]
          +0.009*[#  26]+0.009*[#  27]+0.009*[#  29]+0.009*[#  30]+0.009*[#  33]
          +0.009*[#  35]
    |psi|^2 = 0.989
==== e(  27) =    14.72005 eV ==== 
     psi = 0.451*[#   5]+0.451*[#   8]+0.020*[#  24]+0.020*[#  28]+0.020*[#  32]
          +0.002*[#   2]+0.002*[#   3]+0.002*[#   4]+0.002*[#   1]
    |psi|^2 = 0.980
==== e(  28) =    16.66217 eV ==== 
     psi = 0.488*[#  10]+0.095*[#  24]+0.095*[#  28]+0.095*[#  32]+0.034*[#   1]
          +0.033*[#  18]+0.027*[#  11]+0.027*[#  12]+0.027*[#  13]+0.022*[#  14]
          +0.005*[#  26]+0.005*[#  27]+0.005*[#  29]+0.005*[#  30]+0.005*[#  33]
          +0.005*[#  35]+0.004*[#  25]+0.004*[#  31]+0.004*[#  34]+0.002*[#   2]
          +0.002*[#   3]+0.002*[#   4]+0.001*[#   5]+0.001*[#   8]+0.001*[#  19]
          +0.001*[#  22]
    |psi|^2 = 0.995
==== e(  29) =    17.69215 eV ==== 
     psi = 0.314*[#   6]+0.314*[#   7]+0.314*[#   9]+0.016*[#  20]+0.016*[#  21]
          +0.016*[#  23]
    |psi|^2 = 0.990
==== e(  30) =    17.97024 eV ==== 
     psi = 0.297*[#   6]+0.297*[#   7]+0.297*[#   9]+0.016*[#  20]+0.016*[#  21]
          +0.016*[#  23]+0.006*[#  26]+0.006*[#  27]+0.006*[#  29]+0.006*[#  30]
          +0.006*[#  33]+0.006*[#  35]+0.002*[#  11]+0.002*[#  12]+0.002*[#  13]
          +0.002*[#  25]+0.002*[#  31]+0.002*[#  34]
    |psi|^2 = 0.984
==== e(  31) =    17.97024 eV ==== 
     psi = 0.297*[#   6]+0.297*[#   7]+0.297*[#   9]+0.016*[#  20]+0.016*[#  21]
          +0.016*[#  23]+0.006*[#  26]+0.006*[#  27]+0.006*[#  29]+0.006*[#  30]
          +0.006*[#  33]+0.006*[#  35]+0.002*[#  11]+0.002*[#  12]+0.002*[#  13]
          +0.002*[#  25]+0.002*[#  31]+0.002*[#  34]
    |psi|^2 = 0.984
==== e(  32) =    20.43926 eV ==== 
 
    |psi|^2 = 0.003
==== e(  33) =    20.62169 eV ==== 
     psi = 0.040*[#  18]+0.020*[#  10]+0.009*[#  11]+0.009*[#  12]+0.009*[#  13]
          +0.003*[#   5]+0.003*[#   8]+0.002*[#   1]+0.002*[#  24]+0.002*[#  25]
          +0.002*[#  28]+0.002*[#  31]+0.002*[#  32]+0.002*[#  34]+0.001*[#  26]
          +0.001*[#  27]+0.001*[#  29]+0.001*[#  30]+0.001*[#  33]+0.001*[#  35]
          
    |psi|^2 = 0.116
==== e(  34) =    20.81147 eV ==== 
     psi = 0.006*[#  11]+0.006*[#  12]+0.006*[#  13]
    |psi|^2 = 0.029
==== e(  35) =    20.81147 eV ==== 
     psi = 0.006*[#  11]+0.006*[#  12]+0.006*[#  13]
    |psi|^2 = 0.029

 k =   0.9000000000  0.0000000000  0.0000000000
==== e(   1) =   -46.74973 eV ==== 
     psi = 0.941*[#  14]+0.043*[#  10]+0.005*[#  18]+0.003*[#  11]+0.003*[#  12]
          +0.003*[#  13]
    |psi|^2 = 1.000
==== e(   2) =   -23.27334 eV ==== 
     psi = 0.326*[#  15]+0.326*[#  16]+0.326*[#  17]+0.005*[#  25]+0.005*[#  31]
          +0.005*[#  34]
    |psi|^2 = 1.000
==== e(   3) =   -23.26923 eV ==== 
     psi = 0.327*[#  15]+0.327*[#  16]+0.327*[#  17]+0.006*[#  25]+0.006*[#  31]
          +0.006*[#  34]
    |psi|^2 = 1.000
==== e(   4) =   -23.26923 eV ==== 
     psi = 0.327*[#  15]+0.327*[#  16]+0.327*[#  17]+0.006*[#  25]+0.006*[#  31]
          +0.006*[#  34]
    |psi|^2 = 1.000
==== e(   5) =   -15.33086 eV ==== 
     psi = 0.896*[#   1]+0.036*[#  10]+0.023*[#  18]+0.013*[#  11]+0.013*[#  12]
          +0.013*[#  13]+0.001*[#  14]
    |psi|^2 = 1.000
==== e(   6) =    -7.05833 eV ==== 
     psi = 0.215*[#  24]+0.215*[#  28]+0.215*[#  32]+0.160*[#  10]+0.120*[#  18]
          +0.044*[#   1]+0.010*[#  14]+0.005*[#  11]+0.005*[#  12]+0.005*[#  13]
          +0.001*[#   2]+0.001*[#   3]+0.001*[#   4]
    |psi|^2 = 1.000
==== e(   7) =    -6.33622 eV ==== 
     psi = 0.290*[#  24]+0.290*[#  28]+0.290*[#  32]+0.034*[#  19]+0.034*[#  22]
          +0.029*[#   5]+0.029*[#   8]
    |psi|^2 = 0.999
==== e(   8) =    -6.33520 eV ==== 
     psi = 0.292*[#  24]+0.292*[#  28]+0.292*[#  32]+0.037*[#  19]+0.037*[#  22]
          +0.025*[#   5]+0.025*[#   8]
    |psi|^2 = 0.999
==== e(   9) =    -0.47268 eV ==== 
     psi = 0.294*[#   2]+0.294*[#   3]+0.294*[#   4]+0.017*[#  11]+0.017*[#  12]
          +0.017*[#  13]+0.010*[#  26]+0.010*[#  27]+0.010*[#  29]+0.010*[#  30]
          +0.010*[#  33]+0.010*[#  35]+0.002*[#  25]+0.002*[#  31]+0.002*[#  34]
          
    |psi|^2 = 0.999
==== e(  10) =    -0.47268 eV ==== 
     psi = 0.294*[#   2]+0.294*[#   3]+0.294*[#   4]+0.017*[#  11]+0.017*[#  12]
          +0.017*[#  13]+0.010*[#  26]+0.010*[#  27]+0.010*[#  29]+0.010*[#  30]
          +0.010*[#  33]+0.010*[#  35]+0.002*[#  25]+0.002*[#  31]+0.002*[#  34]
          
    |psi|^2 = 0.999
==== e(  11) =    -0.44972 eV ==== 
     psi = 0.297*[#   2]+0.297*[#   3]+0.297*[#   4]+0.011*[#  11]+0.011*[#  12]
          +0.011*[#  13]+0.009*[#  26]+0.009*[#  27]+0.009*[#  29]+0.009*[#  30]
          +0.009*[#  33]+0.009*[#  35]+0.003*[#  24]+0.003*[#  28]+0.003*[#  32]
          +0.002*[#  25]+0.002*[#  31]+0.002*[#  34]+0.002*[#   5]+0.002*[#   8]
          +0.001*[#  10]
    |psi|^2 = 0.999
==== e(  12) =     6.90970 eV ==== 
     psi = 0.207*[#  25]+0.207*[#  31]+0.207*[#  34]+0.044*[#  26]+0.044*[#  27]
          +0.044*[#  29]+0.044*[#  30]+0.044*[#  33]+0.044*[#  35]+0.014*[#  19]
          +0.014*[#  22]+0.012*[#   2]+0.012*[#   3]+0.012*[#   4]+0.006*[#  10]
          +0.006*[#  18]+0.005*[#  15]+0.005*[#  16]+0.005*[#  17]+0.002*[#  11]
          +0.002*[#  12]+0.002*[#  13]
    |psi|^2 = 0.985
==== e(  13) =     7.04426 eV ==== 
     psi = 0.197*[#  25]+0.197*[#  31]+0.197*[#  34]+0.053*[#  26]+0.053*[#  27]
          +0.053*[#  29]+0.053*[#  30]+0.053*[#  33]+0.053*[#  35]+0.014*[#   2]
          +0.014*[#   3]+0.014*[#   4]+0.006*[#  15]+0.006*[#  16]+0.006*[#  17]
          +0.003*[#   6]+0.003*[#   7]+0.003*[#   9]+0.001*[#  11]+0.001*[#  12]
          +0.001*[#  13]
    |psi|^2 = 0.983
==== e(  14) =     7.04426 eV ==== 
     psi = 0.197*[#  25]+0.197*[#  31]+0.197*[#  34]+0.053*[#  26]+0.053*[#  27]
          +0.053*[#  29]+0.053*[#  30]+0.053*[#  33]+0.053*[#  35]+0.014*[#   2]
          +0.014*[#   3]+0.014*[#   4]+0.006*[#  15]+0.006*[#  16]+0.006*[#  17]
          +0.003*[#   6]+0.003*[#   7]+0.003*[#   9]+0.001*[#  11]+0.001*[#  12]
          +0.001*[#  13]
    |psi|^2 = 0.983
==== e(  15) =     8.20842 eV ==== 
     psi = 0.156*[#  26]+0.156*[#  27]+0.156*[#  29]+0.156*[#  30]+0.156*[#  33]
          +0.156*[#  35]+0.011*[#  20]+0.011*[#  21]+0.011*[#  23]+0.004*[#   6]
          +0.004*[#   7]+0.004*[#   9]
    |psi|^2 = 0.983
==== e(  16) =     8.20842 eV ==== 
     psi = 0.156*[#  26]+0.156*[#  27]+0.156*[#  29]+0.156*[#  30]+0.156*[#  33]
          +0.156*[#  35]+0.011*[#  20]+0.011*[#  21]+0.011*[#  23]+0.004*[#   6]
          +0.004*[#   7]+0.004*[#   9]
    |psi|^2 = 0.983
==== e(  17) =     8.23859 eV ==== 
     psi = 0.159*[#  26]+0.159*[#  27]+0.159*[#  29]+0.159*[#  30]+0.159*[#  33]
          +0.159*[#  35]+0.013*[#   5]+0.013*[#   8]
    |psi|^2 = 0.983
==== e(  18) =     8.95329 eV ==== 
     psi = 0.106*[#  26]+0.106*[#  27]+0.106*[#  29]+0.106*[#  30]+0.106*[#  33]
          +0.106*[#  35]+0.093*[#  25]+0.093*[#  31]+0.093*[#  34]+0.016*[#  10]
          +0.013*[#  19]+0.013*[#  22]+0.005*[#   2]+0.005*[#   3]+0.005*[#   4]
          +0.003*[#  11]+0.003*[#  12]+0.003*[#  13]+0.003*[#  24]+0.003*[#  28]
          +0.003*[#  32]+0.002*[#  18]+0.001*[#   1]
    |psi|^2 = 0.996
==== e(  19) =     9.13600 eV ==== 
     psi = 0.121*[#  25]+0.121*[#  31]+0.121*[#  34]+0.097*[#  26]+0.097*[#  27]
          +0.097*[#  29]+0.097*[#  30]+0.097*[#  33]+0.097*[#  35]+0.007*[#  20]
          +0.007*[#  21]+0.007*[#  23]+0.005*[#   2]+0.005*[#   3]+0.005*[#   4]
          +0.004*[#  11]+0.004*[#  12]+0.004*[#  13]
    |psi|^2 = 0.995
==== e(  20) =     9.13600 eV ==== 
     psi = 0.121*[#  25]+0.121*[#  31]+0.121*[#  34]+0.097*[#  26]+0.097*[#  27]
          +0.097*[#  29]+0.097*[#  30]+0.097*[#  33]+0.097*[#  35]+0.007*[#  20]
          +0.007*[#  21]+0.007*[#  23]+0.005*[#   2]+0.005*[#   3]+0.005*[#   4]
          +0.004*[#  11]+0.004*[#  12]+0.004*[#  13]
    |psi|^2 = 0.995
==== e(  21) =    11.00602 eV ==== 
     psi = 0.311*[#  20]+0.311*[#  21]+0.311*[#  23]+0.018*[#   6]+0.018*[#   7]
          +0.018*[#   9]
    |psi|^2 = 0.986
==== e(  22) =    11.19849 eV ==== 
     psi = 0.294*[#  20]+0.294*[#  21]+0.294*[#  23]+0.016*[#   6]+0.016*[#   7]
          +0.016*[#   9]+0.009*[#  26]+0.009*[#  27]+0.009*[#  29]+0.009*[#  30]
          +0.009*[#  33]+0.009*[#  35]+0.002*[#  25]+0.002*[#  31]+0.002*[#  34]
          
    |psi|^2 = 0.987
==== e(  23) =    11.19849 eV ==== 
     psi = 0.294*[#  20]+0.294*[#  21]+0.294*[#  23]+0.016*[#   6]+0.016*[#   7]
          +0.016*[#   9]+0.009*[#  26]+0.009*[#  27]+0.009*[#  29]+0.009*[#  30]
          +0.009*[#  33]+0.009*[#  35]+0.002*[#  25]+0.002*[#  31]+0.002*[#  34]
          
    |psi|^2 = 0.987
==== e(  24) =    13.07002 eV ==== 
     psi = 0.461*[#  19]+0.461*[#  22]+0.024*[#  24]+0.024*[#  28]+0.024*[#  32]
          +0.001*[#   5]+0.001*[#   8]
    |psi|^2 = 0.995
==== e(  25) =    13.34351 eV ==== 
     psi = 0.436*[#  19]+0.436*[#  22]+0.021*[#  24]+0.021*[#  28]+0.021*[#  32]
          +0.017*[#  25]+0.017*[#  31]+0.017*[#  34]+0.001*[#   5]+0.001*[#   8]
          +0.001*[#  18]
    |psi|^2 = 0.994
==== e(  26) =    14.49674 eV ==== 
     psi = 0.457*[#   5]+0.457*[#   8]+0.017*[#  24]+0.017*[#  28]+0.017*[#  32]
          +0.004*[#  26]+0.004*[#  27]+0.004*[#  29]+0.004*[#  30]+0.004*[#  33]
          +0.004*[#  35]
    |psi|^2 = 0.990
==== e(  27) =    14.50279 eV ==== 
     psi = 0.460*[#   5]+0.460*[#   8]+0.019*[#  24]+0.019*[#  28]+0.019*[#  32]
          +0.001*[#   2]+0.001*[#   3]+0.001*[#   4]
    |psi|^2 = 0.985
==== e(  28) =    16.37419 eV ==== 
     psi = 0.533*[#  10]+0.100*[#  24]+0.100*[#  28]+0.100*[#  32]+0.039*[#  18]
          +0.037*[#   1]+0.022*[#  14]+0.014*[#  11]+0.014*[#  12]+0.014*[#  13]
          +0.002*[#  26]+0.002*[#  27]+0.002*[#  29]+0.002*[#  30]+0.002*[#  33]
          +0.002*[#  35]+0.002*[#  25]+0.002*[#  31]+0.002*[#  34]
    |psi|^2 = 0.995
==== e(  29) =    17.72563 eV ==== 
     psi = 0.312*[#   6]+0.312*[#   7]+0.312*[#   9]+0.019*[#  20]+0.019*[#  21]
          +0.019*[#  23]
    |psi|^2 = 0.991
==== e(  30) =    17.85489 eV ==== 
     psi = 0.304*[#   6]+0.304*[#   7]+0.304*[#   9]+0.019*[#  20]+0.019*[#  21]
          +0.019*[#  23]+0.003*[#  26]+0.003*[#  27]+0.003*[#  29]+0.003*[#  30]
          +0.003*[#  33]+0.003*[#  35]
    |psi|^2 = 0.988
==== e(  31) =    17.85489 eV ==== 
     psi = 0.304*[#   6]+0.304*[#   7]+0.304*[#   9]+0.019*[#  20]+0.019*[#  21]
          +0.019*[#  23]+0.003*[#  26]+0.003*[#  27]+0.003*[#  29]+0.003*[#  30]
          +0.003*[#  33]+0.003*[#  35]
    |psi|^2 = 0.988
==== e(  32) =    20.44520 eV ==== 
 
    |psi|^2 = 0.001
==== e(  33) =    20.72116 eV ==== 
     psi = 0.022*[#  18]+0.011*[#  10]+0.009*[#  11]+0.009*[#  12]+0.009*[#  13]
          +0.002*[#   5]+0.002*[#   8]+0.001*[#   1]+0.001*[#  26]+0.001*[#  27]
          +0.001*[#  29]+0.001*[#  30]+0.001*[#  33]+0.001*[#  35]
    |psi|^2 = 0.078
==== e(  34) =    20.80804 eV ==== 
     psi = 0.006*[#  11]+0.006*[#  12]+0.006*[#  13]
    |psi|^2 = 0.029
==== e(  35) =    20.80804 eV ==== 
     psi = 0.006*[#  11]+0.006*[#  12]+0.006*[#  13]
    |psi|^2 = 0.029

 k =   0.9500000000  0.0000000000  0.0000000000
==== e(   1) =   -46.74977 eV ==== 
     psi = 0.943*[#  14]+0.049*[#  10]+0.004*[#  18]
    |psi|^2 = 1.000
==== e(   2) =   -23.27041 eV ==== 
     psi = 0.327*[#  15]+0.327*[#  16]+0.327*[#  17]+0.006*[#  25]+0.006*[#  31]
          +0.006*[#  34]
    |psi|^2 = 1.000
==== e(   3) =   -23.26935 eV ==== 
     psi = 0.327*[#  15]+0.327*[#  16]+0.327*[#  17]+0.006*[#  25]+0.006*[#  31]
          +0.006*[#  34]
    |psi|^2 = 1.000
==== e(   4) =   -23.26935 eV ==== 
     psi = 0.327*[#  15]+0.327*[#  16]+0.327*[#  17]+0.006*[#  25]+0.006*[#  31]
          +0.006*[#  34]
    |psi|^2 = 1.000
==== e(   5) =   -15.33753 eV ==== 
     psi = 0.908*[#   1]+0.049*[#  10]+0.028*[#  18]+0.004*[#  11]+0.004*[#  12]
          +0.004*[#  13]+0.001*[#  14]+0.001*[#  24]+0.001*[#  28]+0.001*[#  32]
          
    |psi|^2 = 1.000
==== e(   6) =    -7.05768 eV ==== 
     psi = 0.215*[#  24]+0.215*[#  28]+0.215*[#  32]+0.171*[#  10]+0.122*[#  18]
          +0.046*[#   1]+0.010*[#  14]+0.001*[#  11]+0.001*[#  12]+0.001*[#  13]
          
    |psi|^2 = 1.000
==== e(   7) =    -6.33847 eV ==== 
     psi = 0.290*[#  24]+0.290*[#  28]+0.290*[#  32]+0.036*[#  19]+0.036*[#  22]
          +0.028*[#   5]+0.028*[#   8]
    |psi|^2 = 0.999
==== e(   8) =    -6.33771 eV ==== 
     psi = 0.291*[#  24]+0.291*[#  28]+0.291*[#  32]+0.037*[#  19]+0.037*[#  22]
          +0.027*[#   5]+0.027*[#   8]
    |psi|^2 = 0.999
==== e(   9) =    -0.48309 eV ==== 
     psi = 0.293*[#   2]+0.293*[#   3]+0.293*[#   4]+0.017*[#  11]+0.017*[#  12]
          +0.017*[#  13]+0.010*[#  26]+0.010*[#  27]+0.010*[#  29]+0.010*[#  30]
          +0.010*[#  33]+0.010*[#  35]+0.002*[#  25]+0.002*[#  31]+0.002*[#  34]
          
    |psi|^2 = 0.999
==== e(  10) =    -0.48309 eV ==== 
     psi = 0.293*[#   2]+0.293*[#   3]+0.293*[#   4]+0.017*[#  11]+0.017*[#  12]
          +0.017*[#  13]+0.010*[#  26]+0.010*[#  27]+0.010*[#  29]+0.010*[#  30]
          +0.010*[#  33]+0.010*[#  35]+0.002*[#  25]+0.002*[#  31]+0.002*[#  34]
          
    |psi|^2 = 0.999
==== e(  11) =    -0.47717 eV ==== 
     psi = 0.294*[#   2]+0.294*[#   3]+0.294*[#   4]+0.015*[#  11]+0.015*[#  12]
          +0.015*[#  13]+0.010*[#  26]+0.010*[#  27]+0.010*[#  29]+0.010*[#  30]
          +0.010*[#  33]+0.010*[#  35]+0.002*[#  25]+0.002*[#  31]+0.002*[#  34]
          
    |psi|^2 = 0.999
==== e(  12) =     7.02644 eV ==== 
     psi = 0.203*[#  25]+0.203*[#  31]+0.203*[#  34]+0.050*[#  26]+0.050*[#  27]
          +0.050*[#  29]+0.050*[#  30]+0.050*[#  33]+0.050*[#  35]+0.014*[#   2]
          +0.014*[#   3]+0.014*[#   4]+0.005*[#  15]+0.005*[#  16]+0.005*[#  17]
          +0.003*[#  19]+0.003*[#  22]+0.001*[#  10]+0.002*[#  18]+0.001*[#  11]
          +0.001*[#  12]+0.001*[#  13]
    |psi|^2 = 0.982
==== e(  13) =     7.06129 eV ==== 
     psi = 0.200*[#  25]+0.200*[#  31]+0.200*[#  34]+0.053*[#  26]+0.053*[#  27]
          +0.053*[#  29]+0.053*[#  30]+0.053*[#  33]+0.053*[#  35]+0.014*[#   2]
          +0.014*[#   3]+0.014*[#   4]+0.006*[#  15]+0.006*[#  16]+0.006*[#  17]
          +0.001*[#  11]+0.001*[#  12]+0.001*[#  13]
    |psi|^2 = 0.982
==== e(  14) =     7.06129 eV ==== 
     psi = 0.200*[#  25]+0.200*[#  31]+0.200*[#  34]+0.053*[#  26]+0.053*[#  27]
          +0.053*[#  29]+0.053*[#  30]+0.053*[#  33]+0.053*[#  35]+0.014*[#   2]
          +0.014*[#   3]+0.014*[#   4]+0.006*[#  15]+0.006*[#  16]+0.006*[#  17]
          +0.001*[#  11]+0.001*[#  12]+0.001*[#  13]
    |psi|^2 = 0.982
==== e(  15) =     8.29298 eV ==== 
     psi = 0.162*[#  26]+0.162*[#  27]+0.162*[#  29]+0.162*[#  30]+0.162*[#  33]
          +0.162*[#  35]+0.003*[#  20]+0.003*[#  21]+0.003*[#  23]+0.001*[#   6]
          +0.001*[#   7]+0.001*[#   9]
    |psi|^2 = 0.982
==== e(  16) =     8.29298 eV ==== 
     psi = 0.162*[#  26]+0.162*[#  27]+0.162*[#  29]+0.162*[#  30]+0.162*[#  33]
          +0.162*[#  35]+0.003*[#  20]+0.003*[#  21]+0.003*[#  23]+0.001*[#   6]
          +0.001*[#   7]+0.001*[#   9]
    |psi|^2 = 0.982
==== e(  17) =     8.30160 eV ==== 
     psi = 0.162*[#  26]+0.162*[#  27]+0.162*[#  29]+0.162*[#  30]+0.162*[#  33]
          +0.162*[#  35]+0.003*[#   5]+0.003*[#   8]
    |psi|^2 = 0.982
==== e(  18) =     9.14129 eV ==== 
     psi = 0.112*[#  25]+0.112*[#  31]+0.112*[#  34]+0.102*[#  26]+0.102*[#  27]
          +0.102*[#  29]+0.102*[#  30]+0.102*[#  33]+0.102*[#  35]+0.005*[#   2]
          +0.005*[#   3]+0.005*[#   4]+0.004*[#  10]+0.004*[#  11]+0.004*[#  12]
          +0.004*[#  13]+0.004*[#  19]+0.004*[#  22]+0.001*[#  24]+0.001*[#  28]
          +0.001*[#  32]
    |psi|^2 = 0.995
==== e(  19) =     9.19074 eV ==== 
     psi = 0.120*[#  25]+0.120*[#  31]+0.120*[#  34]+0.100*[#  26]+0.100*[#  27]
          +0.100*[#  29]+0.100*[#  30]+0.100*[#  33]+0.100*[#  35]+0.005*[#   2]
          +0.005*[#   3]+0.005*[#   4]+0.004*[#  11]+0.004*[#  12]+0.004*[#  13]
          +0.002*[#  20]+0.002*[#  21]+0.002*[#  23]
    |psi|^2 = 0.995
==== e(  20) =     9.19074 eV ==== 
     psi = 0.120*[#  25]+0.120*[#  31]+0.120*[#  34]+0.100*[#  26]+0.100*[#  27]
          +0.100*[#  29]+0.100*[#  30]+0.100*[#  33]+0.100*[#  35]+0.005*[#   2]
          +0.005*[#   3]+0.005*[#   4]+0.004*[#  11]+0.004*[#  12]+0.004*[#  13]
          +0.002*[#  20]+0.002*[#  21]+0.002*[#  23]
    |psi|^2 = 0.995
==== e(  21) =    10.99733 eV ==== 
     psi = 0.310*[#  20]+0.310*[#  21]+0.310*[#  23]+0.019*[#   6]+0.019*[#   7]
          +0.019*[#   9]
    |psi|^2 = 0.987
==== e(  22) =    11.04893 eV ==== 
     psi = 0.305*[#  20]+0.305*[#  21]+0.305*[#  23]+0.018*[#   6]+0.018*[#   7]
          +0.018*[#   9]+0.003*[#  26]+0.003*[#  27]+0.003*[#  29]+0.003*[#  30]
          +0.003*[#  33]+0.003*[#  35]
    |psi|^2 = 0.987
==== e(  23) =    11.04893 eV ==== 
     psi = 0.305*[#  20]+0.305*[#  21]+0.305*[#  23]+0.018*[#   6]+0.018*[#   7]
          +0.018*[#   9]+0.003*[#  26]+0.003*[#  27]+0.003*[#  29]+0.003*[#  30]
          +0.003*[#  33]+0.003*[#  35]
    |psi|^2 = 0.987
==== e(  24) =    13.06970 eV ==== 
     psi = 0.461*[#  19]+0.461*[#  22]+0.024*[#  24]+0.024*[#  28]+0.024*[#  32]
          +0.001*[#   5]+0.001*[#   8]
    |psi|^2 = 0.995
==== e(  25) =    13.14392 eV ==== 
     psi = 0.454*[#  19]+0.454*[#  22]+0.023*[#  24]+0.023*[#  28]+0.023*[#  32]
          +0.005*[#  25]+0.005*[#  31]+0.005*[#  34]+0.001*[#   5]+0.001*[#   8]
          
    |psi|^2 = 0.995
==== e(  26) =    14.36539 eV ==== 
     psi = 0.465*[#   5]+0.465*[#   8]+0.018*[#  24]+0.018*[#  28]+0.018*[#  32]
          +0.001*[#  26]+0.001*[#  27]+0.001*[#  29]+0.001*[#  30]+0.001*[#  33]
          +0.001*[#  35]
    |psi|^2 = 0.992
==== e(  27) =    14.36653 eV ==== 
     psi = 0.466*[#   5]+0.466*[#   8]+0.019*[#  24]+0.019*[#  28]+0.019*[#  32]
          
    |psi|^2 = 0.990
==== e(  28) =    16.19620 eV ==== 
     psi = 0.569*[#  10]+0.103*[#  24]+0.103*[#  28]+0.103*[#  32]+0.043*[#  18]
          +0.037*[#   1]+0.022*[#  14]+0.004*[#  11]+0.004*[#  12]+0.004*[#  13]
          
    |psi|^2 = 0.996
==== e(  29) =    17.74707 eV ==== 
     psi = 0.310*[#   6]+0.310*[#   7]+0.310*[#   9]+0.020*[#  20]+0.020*[#  21]
          +0.020*[#  23]
    |psi|^2 = 0.991
==== e(  30) =    17.78026 eV ==== 
     psi = 0.308*[#   6]+0.308*[#   7]+0.308*[#   9]+0.020*[#  20]+0.020*[#  21]
          +0.020*[#  23]
    |psi|^2 = 0.990
==== e(  31) =    17.78026 eV ==== 
     psi = 0.308*[#   6]+0.308*[#   7]+0.308*[#   9]+0.020*[#  20]+0.020*[#  21]
          +0.020*[#  23]
    |psi|^2 = 0.990
==== e(  32) =    20.44906 eV ==== 
 
    |psi|^2 = 0.000
==== e(  33) =    20.78374 eV ==== 
     psi = 0.007*[#  11]+0.007*[#  12]+0.007*[#  13]+0.006*[#  18]+0.003*[#  10]
          
    |psi|^2 = 0.042
==== e(  34) =    20.80587 eV ==== 
     psi = 0.006*[#  11]+0.006*[#  12]+0.006*[#  13]
    |psi|^2 = 0.028
==== e(  35) =    20.80587 eV ==== 
     psi = 0.006*[#  11]+0.006*[#  12]+0.006*[#  13]
    |psi|^2 = 0.028

 k =   1.0000000000  0.0000000000  0.0000000000
==== e(   1) =   -46.74978 eV ==== 
     psi = 0.944*[#  14]+0.051*[#  10]+0.004*[#  18]
    |psi|^2 = 1.000
==== e(   2) =   -23.26939 eV ==== 
     psi = 0.327*[#  15]+0.327*[#  16]+0.327*[#  17]+0.006*[#  25]+0.006*[#  31]
          +0.006*[#  34]
    |psi|^2 = 1.000
==== e(   3) =   -23.26939 eV ==== 
     psi = 0.327*[#  15]+0.327*[#  16]+0.327*[#  17]+0.006*[#  25]+0.006*[#  31]
          +0.006*[#  34]
    |psi|^2 = 1.000
==== e(   4) =   -23.26939 eV ==== 
     psi = 0.327*[#  15]+0.327*[#  16]+0.327*[#  17]+0.006*[#  25]+0.006*[#  31]
          +0.006*[#  34]
    |psi|^2 = 1.000
==== e(   5) =   -15.33982 eV ==== 
     psi = 0.913*[#   1]+0.054*[#  10]+0.029*[#  18]+0.001*[#  24]+0.001*[#  28]
          +0.001*[#  32]
    |psi|^2 = 1.000
==== e(   6) =    -7.05802 eV ==== 
     psi = 0.215*[#  24]+0.215*[#  28]+0.215*[#  32]+0.174*[#  10]+0.123*[#  18]
          +0.047*[#   1]+0.010*[#  14]
    |psi|^2 = 1.000
==== e(   7) =    -6.33858 eV ==== 
     psi = 0.291*[#  24]+0.291*[#  28]+0.291*[#  32]+0.037*[#  19]+0.037*[#  22]
          +0.027*[#   5]+0.027*[#   8]
    |psi|^2 = 0.999
==== e(   8) =    -6.33858 eV ==== 
     psi = 0.291*[#  24]+0.291*[#  28]+0.291*[#  32]+0.037*[#  19]+0.037*[#  22]
          +0.027*[#   5]+0.027*[#   8]
    |psi|^2 = 0.999
==== e(   9) =    -0.48665 eV ==== 
     psi = 0.293*[#   2]+0.293*[#   3]+0.293*[#   4]+0.017*[#  11]+0.017*[#  12]
          +0.017*[#  13]+0.010*[#  26]+0.010*[#  27]+0.010*[#  29]+0.010*[#  30]
          +0.010*[#  33]+0.010*[#  35]+0.002*[#  25]+0.002*[#  31]+0.002*[#  34]
          
    |psi|^2 = 0.999
==== e(  10) =    -0.48665 eV ==== 
     psi = 0.293*[#   2]+0.293*[#   3]+0.293*[#   4]+0.017*[#  11]+0.017*[#  12]
          +0.017*[#  13]+0.010*[#  26]+0.010*[#  27]+0.010*[#  29]+0.010*[#  30]
          +0.010*[#  33]+0.010*[#  35]+0.002*[#  25]+0.002*[#  31]+0.002*[#  34]
          
    |psi|^2 = 0.999
==== e(  11) =    -0.48665 eV ==== 
     psi = 0.293*[#   2]+0.293*[#   3]+0.293*[#   4]+0.017*[#  11]+0.017*[#  12]
          +0.017*[#  13]+0.010*[#  26]+0.010*[#  27]+0.010*[#  29]+0.010*[#  30]
          +0.010*[#  33]+0.010*[#  35]+0.002*[#  25]+0.002*[#  31]+0.002*[#  34]
          
    |psi|^2 = 0.999
==== e(  12) =     7.06685 eV ==== 
     psi = 0.201*[#  25]+0.201*[#  31]+0.201*[#  34]+0.052*[#  26]+0.052*[#  27]
          +0.052*[#  29]+0.052*[#  30]+0.052*[#  33]+0.052*[#  35]+0.014*[#   2]
          +0.014*[#   3]+0.014*[#   4]+0.006*[#  15]+0.006*[#  16]+0.006*[#  17]
          +0.001*[#  11]+0.001*[#  12]+0.001*[#  13]
    |psi|^2 = 0.982
==== e(  13) =     7.06685 eV ==== 
     psi = 0.201*[#  25]+0.201*[#  31]+0.201*[#  34]+0.052*[#  26]+0.052*[#  27]
          +0.052*[#  29]+0.052*[#  30]+0.052*[#  33]+0.052*[#  35]+0.014*[#   2]
          +0.014*[#   3]+0.014*[#   4]+0.006*[#  15]+0.006*[#  16]+0.006*[#  17]
          +0.001*[#  11]+0.001*[#  12]+0.001*[#  13]
    |psi|^2 = 0.982
==== e(  14) =     7.06685 eV ==== 
     psi = 0.201*[#  25]+0.201*[#  31]+0.201*[#  34]+0.052*[#  26]+0.052*[#  27]
          +0.052*[#  29]+0.052*[#  30]+0.052*[#  33]+0.052*[#  35]+0.014*[#   2]
          +0.014*[#   3]+0.014*[#   4]+0.006*[#  15]+0.006*[#  16]+0.006*[#  17]
          +0.001*[#  11]+0.001*[#  12]+0.001*[#  13]
    |psi|^2 = 0.982
==== e(  15) =     8.32379 eV ==== 
     psi = 0.164*[#  26]+0.164*[#  27]+0.164*[#  29]+0.164*[#  30]+0.164*[#  33]
          +0.164*[#  35]
    |psi|^2 = 0.981
==== e(  16) =     8.32379 eV ==== 
     psi = 0.164*[#  26]+0.164*[#  27]+0.164*[#  29]+0.164*[#  30]+0.164*[#  33]
          +0.164*[#  35]
    |psi|^2 = 0.981
==== e(  17) =     8.32379 eV ==== 
     psi = 0.164*[#  26]+0.164*[#  27]+0.164*[#  29]+0.164*[#  30]+0.164*[#  33]
          +0.164*[#  35]
    |psi|^2 = 0.981
==== e(  18) =     9.21152 eV ==== 
     psi = 0.119*[#  25]+0.119*[#  31]+0.119*[#  34]+0.101*[#  26]+0.101*[#  27]
          +0.101*[#  29]+0.101*[#  30]+0.101*[#  33]+0.101*[#  35]+0.005*[#   2]
          +0.005*[#   3]+0.005*[#   4]+0.004*[#  11]+0.004*[#  12]+0.004*[#  13]
          
    |psi|^2 = 0.995
==== e(  19) =     9.21152 eV ==== 
     psi = 0.119*[#  25]+0.119*[#  31]+0.119*[#  34]+0.101*[#  26]+0.101*[#  27]
          +0.101*[#  29]+0.101*[#  30]+0.101*[#  33]+0.101*[#  35]+0.005*[#   2]
          +0.005*[#   3]+0.005*[#   4]+0.004*[#  11]+0.004*[#  12]+0.004*[#  13]
          
    |psi|^2 = 0.995
==== e(  20) =     9.21152 eV ==== 
     psi = 0.119*[#  25]+0.119*[#  31]+0.119*[#  34]+0.101*[#  26]+0.101*[#  27]
          +0.101*[#  29]+0.101*[#  30]+0.101*[#  33]+0.101*[#  35]+0.005*[#   2]
          +0.005*[#   3]+0.005*[#   4]+0.004*[#  11]+0.004*[#  12]+0.004*[#  13]
          
    |psi|^2 = 0.995
==== e(  21) =    10.99435 eV ==== 
     psi = 0.310*[#  20]+0.310*[#  21]+0.310*[#  23]+0.019*[#   6]+0.019*[#   7]
          +0.019*[#   9]
    |psi|^2 = 0.987
==== e(  22) =    10.99435 eV ==== 
     psi = 0.310*[#  20]+0.310*[#  21]+0.310*[#  23]+0.019*[#   6]+0.019*[#   7]
          +0.019*[#   9]
    |psi|^2 = 0.987
==== e(  23) =    10.99435 eV ==== 
     psi = 0.310*[#  20]+0.310*[#  21]+0.310*[#  23]+0.019*[#   6]+0.019*[#   7]
          +0.019*[#   9]
    |psi|^2 = 0.987
==== e(  24) =    13.06959 eV ==== 
     psi = 0.461*[#  19]+0.461*[#  22]+0.023*[#  24]+0.023*[#  28]+0.023*[#  32]
          +0.001*[#   5]+0.001*[#   8]
    |psi|^2 = 0.996
==== e(  25) =    13.06959 eV ==== 
     psi = 0.461*[#  19]+0.461*[#  22]+0.023*[#  24]+0.023*[#  28]+0.023*[#  32]
          +0.001*[#   5]+0.001*[#   8]
    |psi|^2 = 0.996
==== e(  26) =    14.32005 eV ==== 
     psi = 0.468*[#   5]+0.468*[#   8]+0.018*[#  24]+0.018*[#  28]+0.018*[#  32]
          
    |psi|^2 = 0.992
==== e(  27) =    14.32005 eV ==== 
     psi = 0.468*[#   5]+0.468*[#   8]+0.018*[#  24]+0.018*[#  28]+0.018*[#  32]
          
    |psi|^2 = 0.992
==== e(  28) =    16.13603 eV ==== 
     psi = 0.582*[#  10]+0.104*[#  24]+0.104*[#  28]+0.104*[#  32]+0.044*[#  18]
          +0.037*[#   1]+0.022*[#  14]
    |psi|^2 = 0.996
==== e(  29) =    17.75444 eV ==== 
     psi = 0.310*[#   6]+0.310*[#   7]+0.310*[#   9]+0.020*[#  20]+0.020*[#  21]
          +0.020*[#  23]
    |psi|^2 = 0.991
==== e(  30) =    17.75444 eV ==== 
     psi = 0.310*[#   6]+0.310*[#   7]+0.310*[#   9]+0.020*[#  20]+0.020*[#  21]
          +0.020*[#  23]
    |psi|^2 = 0.991
==== e(  31) =    17.75444 eV ==== 
     psi = 0.310*[#   6]+0.310*[#   7]+0.310*[#   9]+0.020*[#  20]+0.020*[#  21]
          +0.020*[#  23]
    |psi|^2 = 0.991
==== e(  32) =    20.45041 eV ==== 
 
    |psi|^2 = 0.000
==== e(  33) =    20.80513 eV ==== 
     psi = 0.006*[#  11]+0.006*[#  12]+0.006*[#  13]
    |psi|^2 = 0.027
==== e(  34) =    20.80513 eV ==== 
     psi = 0.006*[#  11]+0.006*[#  12]+0.006*[#  13]
    |psi|^2 = 0.027
==== e(  35) =    20.80513 eV ==== 
     psi = 0.006*[#  11]+0.006*[#  12]+0.006*[#  13]
    |psi|^2 = 0.027

Lowdin Charges: 

     Atom #   1: total charge =   9.5031, s =  2.2174, 
     Atom #   1: total charge =   9.5031, p =  6.3908, pz=  2.1303, px=  2.1303, py=  2.1303, 
     Atom #   1: total charge =   9.5031, d =  0.8949, dz2=  0.1855, dxz=  0.1746, dyz=  0.1746, dx2-y2=  0.1855, dxy=  0.1746, 
     Atom #   2: total charge =   9.7054, s =  2.2307, 
     Atom #   2: total charge =   9.7054, p =  5.9876, pz=  1.9959, px=  1.9959, py=  1.9959, 
     Atom #   2: total charge =   9.7054, d =  1.4871, dz2=  0.3983, dxz=  0.2302, dyz=  0.2302, dx2-y2=  0.3983, dxy=  0.2302, 
     Atom #   3: total charge =   6.8766, s =  1.6599, 
     Atom #   3: total charge =   6.8766, p =  5.2167, pz=  1.7139, px=  1.7514, py=  1.7514, 
     Atom #   3: total charge =   6.8766, d =  0.0000, dz2=  0.0000, dxz=  0.0000, dyz=  0.0000, dx2-y2=  0.0000, dxy=  0.0000, 
     Atom #   4: total charge =   6.8766, s =  1.6599, 
     Atom #   4: total charge =   6.8766, p =  5.2167, pz=  1.7514, px=  1.7514, py=  1.7139, 
     Atom #   4: total charge =   6.8766, d =  0.0000, dz2=  0.0000, dxz=  0.0000, dyz=  0.0000, dx2-y2=  0.0000, dxy=  0.0000, 
     Atom #   5: total charge =   6.8766, s =  1.6599, 
     Atom #   5: total charge =   6.8766, p =  5.2167, pz=  1.7514, px=  1.7139, py=  1.7514, 
     Atom #   5: total charge =   6.8766, d =  0.0000, dz2=  0.0000, dxz=  0.0000, dyz=  0.0000, dx2-y2=  0.0000, dxy=  0.0000, 
     Spilling Parameter:   0.0040
 
     PROJWFC      :      1.01s CPU      1.47s WALL

 
   This run was terminated on:  22:10:28  20Oct2025            

=------------------------------------------------------------------------------=
   JOB DONE.
=------------------------------------------------------------------------------=
TACC:  Shutdown complete. Exiting. 
